ARM GAS  C:\Users\rosto\AppData\Local\Temp\cciuoPym.s 			page 1


   1              		.cpu cortex-m4
   2              		.arch armv7e-m
   3              		.fpu fpv4-sp-d16
   4              		.eabi_attribute 27, 1
   5              		.eabi_attribute 28, 1
   6              		.eabi_attribute 20, 1
   7              		.eabi_attribute 21, 1
   8              		.eabi_attribute 23, 3
   9              		.eabi_attribute 24, 1
  10              		.eabi_attribute 25, 1
  11              		.eabi_attribute 26, 1
  12              		.eabi_attribute 30, 1
  13              		.eabi_attribute 34, 1
  14              		.eabi_attribute 18, 4
  15              		.file	"main.c"
  16              		.text
  17              	.Ltext0:
  18              		.cfi_sections	.debug_frame
  19              		.file 1 "Core/Src/main.c"
  20              		.section	.text.MX_GPIO_Init,"ax",%progbits
  21              		.align	1
  22              		.syntax unified
  23              		.thumb
  24              		.thumb_func
  26              	MX_GPIO_Init:
  27              	.LFB142:
   1:Core/Src/main.c **** /* USER CODE BEGIN Header */
   2:Core/Src/main.c **** /**
   3:Core/Src/main.c ****   ******************************************************************************
   4:Core/Src/main.c ****   * @file           : main.c
   5:Core/Src/main.c ****   * @brief          : Main program body
   6:Core/Src/main.c ****   ******************************************************************************
   7:Core/Src/main.c ****   * @attention
   8:Core/Src/main.c ****   *
   9:Core/Src/main.c ****   * Copyright (c) 2025 STMicroelectronics.
  10:Core/Src/main.c ****   * All rights reserved.
  11:Core/Src/main.c ****   *
  12:Core/Src/main.c ****   * This software is licensed under terms that can be found in the LICENSE file
  13:Core/Src/main.c ****   * in the root directory of this software component.
  14:Core/Src/main.c ****   * If no LICENSE file comes with this software, it is provided AS-IS.
  15:Core/Src/main.c ****   *
  16:Core/Src/main.c ****   ******************************************************************************
  17:Core/Src/main.c ****   */
  18:Core/Src/main.c **** /* USER CODE END Header */
  19:Core/Src/main.c **** /* Includes ------------------------------------------------------------------*/
  20:Core/Src/main.c **** #include "main.h"
  21:Core/Src/main.c **** 
  22:Core/Src/main.c **** /* Private includes ----------------------------------------------------------*/
  23:Core/Src/main.c **** /* USER CODE BEGIN Includes */
  24:Core/Src/main.c **** #include <stdio.h>
  25:Core/Src/main.c **** #include "stm32f4xx.h"
  26:Core/Src/main.c **** #include "lcd_stm32f4.h"
  27:Core/Src/main.c **** /* USER CODE END Includes */
  28:Core/Src/main.c **** 
  29:Core/Src/main.c **** /* Private typedef -----------------------------------------------------------*/
  30:Core/Src/main.c **** /* USER CODE BEGIN PTD */
  31:Core/Src/main.c **** 
ARM GAS  C:\Users\rosto\AppData\Local\Temp\cciuoPym.s 			page 2


  32:Core/Src/main.c **** /* USER CODE END PTD */
  33:Core/Src/main.c **** 
  34:Core/Src/main.c **** /* Private define ------------------------------------------------------------*/
  35:Core/Src/main.c **** /* USER CODE BEGIN PD */
  36:Core/Src/main.c **** // TODO: Add values for below variables
  37:Core/Src/main.c **** #define NS            1024      // Number of samples in LUT
  38:Core/Src/main.c **** #define TIM2CLK   16000000   // STM Clock frequency: Hint You might want to check the ioc file
  39:Core/Src/main.c **** #define F_SIGNAL      1000  	// Frequency of output analog signal
  40:Core/Src/main.c **** 
  41:Core/Src/main.c **** /* USER CODE END PD */
  42:Core/Src/main.c **** 
  43:Core/Src/main.c **** /* Private macro -------------------------------------------------------------*/
  44:Core/Src/main.c **** /* USER CODE BEGIN PM */
  45:Core/Src/main.c **** 
  46:Core/Src/main.c **** /* USER CODE END PM */
  47:Core/Src/main.c **** 
  48:Core/Src/main.c **** /* Private variables ---------------------------------------------------------*/
  49:Core/Src/main.c **** TIM_HandleTypeDef htim2;
  50:Core/Src/main.c **** TIM_HandleTypeDef htim3;
  51:Core/Src/main.c **** DMA_HandleTypeDef hdma_tim2_ch1;
  52:Core/Src/main.c **** uint32_t current_tick;
  53:Core/Src/main.c **** uint32_t last_button_press;
  54:Core/Src/main.c **** uint8_t current_waveform;
  55:Core/Src/main.c **** 
  56:Core/Src/main.c **** /* USER CODE BEGIN PV */
  57:Core/Src/main.c **** // TODO: Add code for global variables, including LUTs
  58:Core/Src/main.c **** // Sin Wave LUT: 1024 samples, 4096 bytes (4.00KB)
  59:Core/Src/main.c **** uint32_t Sin_LUT[NS] = {
  60:Core/Src/main.c ****     2048, 2061, 2073, 2086, 2098, 2111, 2123, 2136, 2148, 2161, 2174, 2186, 2199, 2211, 2224, 2236,
  61:Core/Src/main.c ****     2249, 2261, 2274, 2286, 2299, 2311, 2323, 2336, 2348, 2361, 2373, 2386, 2398, 2410, 2423, 2435,
  62:Core/Src/main.c ****     2447, 2460, 2472, 2484, 2497, 2509, 2521, 2533, 2545, 2558, 2570, 2582, 2594, 2606, 2618, 2630,
  63:Core/Src/main.c ****     2642, 2654, 2666, 2678, 2690, 2702, 2714, 2726, 2738, 2749, 2761, 2773, 2785, 2796, 2808, 2820,
  64:Core/Src/main.c ****     2831, 2843, 2855, 2866, 2878, 2889, 2900, 2912, 2923, 2935, 2946, 2957, 2968, 2980, 2991, 3002,
  65:Core/Src/main.c ****     3013, 3024, 3035, 3046, 3057, 3068, 3079, 3090, 3100, 3111, 3122, 3133, 3143, 3154, 3164, 3175,
  66:Core/Src/main.c ****     3185, 3196, 3206, 3216, 3227, 3237, 3247, 3257, 3267, 3277, 3287, 3297, 3307, 3317, 3327, 3337,
  67:Core/Src/main.c ****     3347, 3356, 3366, 3376, 3385, 3395, 3404, 3413, 3423, 3432, 3441, 3450, 3459, 3469, 3478, 3487,
  68:Core/Src/main.c ****     3495, 3504, 3513, 3522, 3531, 3539, 3548, 3556, 3565, 3573, 3581, 3590, 3598, 3606, 3614, 3622,
  69:Core/Src/main.c ****     3630, 3638, 3646, 3654, 3662, 3669, 3677, 3685, 3692, 3700, 3707, 3714, 3722, 3729, 3736, 3743,
  70:Core/Src/main.c ****     3750, 3757, 3764, 3771, 3777, 3784, 3791, 3797, 3804, 3810, 3817, 3823, 3829, 3835, 3841, 3847,
  71:Core/Src/main.c ****     3853, 3859, 3865, 3871, 3876, 3882, 3888, 3893, 3898, 3904, 3909, 3914, 3919, 3924, 3929, 3934,
  72:Core/Src/main.c ****     3939, 3944, 3949, 3953, 3958, 3962, 3967, 3971, 3975, 3980, 3984, 3988, 3992, 3996, 3999, 4003,
  73:Core/Src/main.c ****     4007, 4010, 4014, 4017, 4021, 4024, 4027, 4031, 4034, 4037, 4040, 4042, 4045, 4048, 4051, 4053,
  74:Core/Src/main.c ****     4056, 4058, 4060, 4063, 4065, 4067, 4069, 4071, 4073, 4075, 4076, 4078, 4080, 4081, 4083, 4084,
  75:Core/Src/main.c ****     4085, 4086, 4087, 4088, 4089, 4090, 4091, 4092, 4093, 4093, 4094, 4094, 4094, 4095, 4095, 4095,
  76:Core/Src/main.c ****     4095, 4095, 4095, 4095, 4094, 4094, 4094, 4093, 4093, 4092, 4091, 4090, 4089, 4088, 4087, 4086,
  77:Core/Src/main.c ****     4085, 4084, 4083, 4081, 4080, 4078, 4076, 4075, 4073, 4071, 4069, 4067, 4065, 4063, 4060, 4058,
  78:Core/Src/main.c ****     4056, 4053, 4051, 4048, 4045, 4042, 4040, 4037, 4034, 4031, 4027, 4024, 4021, 4017, 4014, 4010,
  79:Core/Src/main.c ****     4007, 4003, 3999, 3996, 3992, 3988, 3984, 3980, 3975, 3971, 3967, 3962, 3958, 3953, 3949, 3944,
  80:Core/Src/main.c ****     3939, 3934, 3929, 3924, 3919, 3914, 3909, 3904, 3898, 3893, 3888, 3882, 3876, 3871, 3865, 3859,
  81:Core/Src/main.c ****     3853, 3847, 3841, 3835, 3829, 3823, 3817, 3810, 3804, 3797, 3791, 3784, 3777, 3771, 3764, 3757,
  82:Core/Src/main.c ****     3750, 3743, 3736, 3729, 3722, 3714, 3707, 3700, 3692, 3685, 3677, 3669, 3662, 3654, 3646, 3638,
  83:Core/Src/main.c ****     3630, 3622, 3614, 3606, 3598, 3590, 3581, 3573, 3565, 3556, 3548, 3539, 3531, 3522, 3513, 3504,
  84:Core/Src/main.c ****     3495, 3487, 3478, 3469, 3459, 3450, 3441, 3432, 3423, 3413, 3404, 3395, 3385, 3376, 3366, 3356,
  85:Core/Src/main.c ****     3347, 3337, 3327, 3317, 3307, 3297, 3287, 3277, 3267, 3257, 3247, 3237, 3227, 3216, 3206, 3196,
  86:Core/Src/main.c ****     3185, 3175, 3164, 3154, 3143, 3133, 3122, 3111, 3100, 3090, 3079, 3068, 3057, 3046, 3035, 3024,
  87:Core/Src/main.c ****     3013, 3002, 2991, 2980, 2968, 2957, 2946, 2935, 2923, 2912, 2900, 2889, 2878, 2866, 2855, 2843,
  88:Core/Src/main.c ****     2831, 2820, 2808, 2796, 2785, 2773, 2761, 2749, 2738, 2726, 2714, 2702, 2690, 2678, 2666, 2654,
ARM GAS  C:\Users\rosto\AppData\Local\Temp\cciuoPym.s 			page 3


  89:Core/Src/main.c ****     2642, 2630, 2618, 2606, 2594, 2582, 2570, 2558, 2545, 2533, 2521, 2509, 2497, 2484, 2472, 2460,
  90:Core/Src/main.c ****     2447, 2435, 2423, 2410, 2398, 2386, 2373, 2361, 2348, 2336, 2323, 2311, 2299, 2286, 2274, 2261,
  91:Core/Src/main.c ****     2249, 2236, 2224, 2211, 2199, 2186, 2174, 2161, 2148, 2136, 2123, 2111, 2098, 2086, 2073, 2061,
  92:Core/Src/main.c ****     2048, 2035, 2023, 2010, 1998, 1985, 1973, 1960, 1948, 1935, 1922, 1910, 1897, 1885, 1872, 1860,
  93:Core/Src/main.c ****     1847, 1835, 1822, 1810, 1797, 1785, 1773, 1760, 1748, 1735, 1723, 1710, 1698, 1686, 1673, 1661,
  94:Core/Src/main.c ****     1649, 1636, 1624, 1612, 1599, 1587, 1575, 1563, 1551, 1538, 1526, 1514, 1502, 1490, 1478, 1466,
  95:Core/Src/main.c ****     1454, 1442, 1430, 1418, 1406, 1394, 1382, 1370, 1358, 1347, 1335, 1323, 1311, 1300, 1288, 1276,
  96:Core/Src/main.c ****     1265, 1253, 1241, 1230, 1218, 1207, 1196, 1184, 1173, 1161, 1150, 1139, 1128, 1116, 1105, 1094,
  97:Core/Src/main.c ****     1083, 1072, 1061, 1050, 1039, 1028, 1017, 1006,  996,  985,  974,  963,  953,  942,  932,  921,
  98:Core/Src/main.c ****      911,  900,  890,  880,  869,  859,  849,  839,  829,  819,  809,  799,  789,  779,  769,  759,
  99:Core/Src/main.c ****      749,  740,  730,  720,  711,  701,  692,  683,  673,  664,  655,  646,  637,  627,  618,  609,
 100:Core/Src/main.c ****      601,  592,  583,  574,  565,  557,  548,  540,  531,  523,  515,  506,  498,  490,  482,  474,
 101:Core/Src/main.c ****      466,  458,  450,  442,  434,  427,  419,  411,  404,  396,  389,  382,  374,  367,  360,  353,
 102:Core/Src/main.c ****      346,  339,  332,  325,  319,  312,  305,  299,  292,  286,  279,  273,  267,  261,  255,  249,
 103:Core/Src/main.c ****      243,  237,  231,  225,  220,  214,  208,  203,  198,  192,  187,  182,  177,  172,  167,  162,
 104:Core/Src/main.c ****      157,  152,  147,  143,  138,  134,  129,  125,  121,  116,  112,  108,  104,  100,   97,   93,
 105:Core/Src/main.c ****       89,   86,   82,   79,   75,   72,   69,   65,   62,   59,   56,   54,   51,   48,   45,   43,
 106:Core/Src/main.c ****       40,   38,   36,   33,   31,   29,   27,   25,   23,   21,   20,   18,   16,   15,   13,   12,
 107:Core/Src/main.c ****       11,   10,    9,    8,    7,    6,    5,    4,    3,    3,    2,    2,    2,    1,    1,    1,
 108:Core/Src/main.c ****        1,    1,    1,    1,    2,    2,    2,    3,    3,    4,    5,    6,    7,    8,    9,   10,
 109:Core/Src/main.c ****       11,   12,   13,   15,   16,   18,   20,   21,   23,   25,   27,   29,   31,   33,   36,   38,
 110:Core/Src/main.c ****       40,   43,   45,   48,   51,   54,   56,   59,   62,   65,   69,   72,   75,   79,   82,   86,
 111:Core/Src/main.c ****       89,   93,   97,  100,  104,  108,  112,  116,  121,  125,  129,  134,  138,  143,  147,  152,
 112:Core/Src/main.c ****      157,  162,  167,  172,  177,  182,  187,  192,  198,  203,  208,  214,  220,  225,  231,  237,
 113:Core/Src/main.c ****      243,  249,  255,  261,  267,  273,  279,  286,  292,  299,  305,  312,  319,  325,  332,  339,
 114:Core/Src/main.c ****      346,  353,  360,  367,  374,  382,  389,  396,  404,  411,  419,  427,  434,  442,  450,  458,
 115:Core/Src/main.c ****      466,  474,  482,  490,  498,  506,  515,  523,  531,  540,  548,  557,  565,  574,  583,  592,
 116:Core/Src/main.c ****      601,  609,  618,  627,  637,  646,  655,  664,  673,  683,  692,  701,  711,  720,  730,  740,
 117:Core/Src/main.c ****      749,  759,  769,  779,  789,  799,  809,  819,  829,  839,  849,  859,  869,  880,  890,  900,
 118:Core/Src/main.c ****      911,  921,  932,  942,  953,  963,  974,  985,  996, 1006, 1017, 1028, 1039, 1050, 1061, 1072,
 119:Core/Src/main.c ****     1083, 1094, 1105, 1116, 1128, 1139, 1150, 1161, 1173, 1184, 1196, 1207, 1218, 1230, 1241, 1253,
 120:Core/Src/main.c ****     1265, 1276, 1288, 1300, 1311, 1323, 1335, 1347, 1358, 1370, 1382, 1394, 1406, 1418, 1430, 1442,
 121:Core/Src/main.c ****     1454, 1466, 1478, 1490, 1502, 1514, 1526, 1538, 1551, 1563, 1575, 1587, 1599, 1612, 1624, 1636,
 122:Core/Src/main.c ****     1649, 1661, 1673, 1686, 1698, 1710, 1723, 1735, 1748, 1760, 1773, 1785, 1797, 1810, 1822, 1835,
 123:Core/Src/main.c ****     1847, 1860, 1872, 1885, 1897, 1910, 1922, 1935, 1948, 1960, 1973, 1985, 1998, 2010, 2023, 2035
 124:Core/Src/main.c **** };
 125:Core/Src/main.c **** // Saw Wave LUT: 1024 samples, 4096 bytes (4.00KB)
 126:Core/Src/main.c **** uint32_t Saw_LUT[NS] = {
 127:Core/Src/main.c ****        0,    4,    8,   12,   16,   20,   24,   28,   32,   36,   40,   44,   48,   52,   56,   60,
 128:Core/Src/main.c ****       64,   68,   72,   76,   80,   84,   88,   92,   96,  100,  104,  108,  112,  116,  120,  124,
 129:Core/Src/main.c ****      128,  132,  136,  140,  144,  148,  152,  156,  160,  164,  168,  172,  176,  180,  184,  188,
 130:Core/Src/main.c ****      192,  196,  200,  204,  208,  212,  216,  220,  224,  228,  232,  236,  240,  244,  248,  252,
 131:Core/Src/main.c ****      256,  260,  264,  268,  272,  276,  280,  284,  288,  292,  296,  300,  304,  308,  312,  316,
 132:Core/Src/main.c ****      320,  324,  328,  332,  336,  340,  344,  348,  352,  356,  360,  364,  368,  372,  376,  380,
 133:Core/Src/main.c ****      384,  388,  392,  396,  400,  404,  408,  412,  416,  420,  424,  428,  432,  436,  440,  444,
 134:Core/Src/main.c ****      448,  452,  456,  460,  464,  468,  472,  476,  480,  484,  488,  492,  496,  500,  504,  508,
 135:Core/Src/main.c ****      512,  516,  520,  524,  528,  532,  536,  540,  544,  548,  552,  556,  560,  564,  568,  572,
 136:Core/Src/main.c ****      576,  580,  584,  588,  592,  596,  600,  604,  608,  612,  616,  620,  624,  628,  632,  636,
 137:Core/Src/main.c ****      640,  644,  648,  652,  656,  660,  664,  668,  672,  676,  680,  684,  688,  692,  696,  700,
 138:Core/Src/main.c ****      704,  708,  712,  716,  720,  724,  728,  732,  736,  740,  744,  748,  752,  756,  760,  764,
 139:Core/Src/main.c ****      768,  772,  776,  780,  784,  788,  792,  796,  800,  804,  808,  812,  816,  820,  824,  828,
 140:Core/Src/main.c ****      832,  836,  840,  844,  848,  852,  856,  860,  864,  868,  872,  876,  880,  884,  888,  892,
 141:Core/Src/main.c ****      896,  900,  904,  908,  912,  916,  920,  924,  928,  932,  936,  940,  944,  948,  952,  956,
 142:Core/Src/main.c ****      960,  964,  968,  972,  976,  980,  984,  988,  992,  996, 1000, 1004, 1008, 1012, 1016, 1020,
 143:Core/Src/main.c ****     1024, 1028, 1032, 1036, 1040, 1044, 1048, 1052, 1056, 1060, 1064, 1068, 1072, 1076, 1080, 1084,
 144:Core/Src/main.c ****     1088, 1092, 1096, 1100, 1104, 1108, 1112, 1116, 1120, 1124, 1128, 1132, 1136, 1140, 1144, 1148,
 145:Core/Src/main.c ****     1152, 1156, 1160, 1164, 1168, 1172, 1176, 1180, 1184, 1188, 1192, 1196, 1200, 1204, 1208, 1212,
ARM GAS  C:\Users\rosto\AppData\Local\Temp\cciuoPym.s 			page 4


 146:Core/Src/main.c ****     1216, 1220, 1224, 1228, 1232, 1236, 1240, 1244, 1248, 1252, 1256, 1260, 1264, 1268, 1272, 1276,
 147:Core/Src/main.c ****     1280, 1284, 1288, 1292, 1296, 1300, 1304, 1308, 1312, 1316, 1320, 1324, 1328, 1332, 1336, 1340,
 148:Core/Src/main.c ****     1344, 1348, 1352, 1356, 1360, 1364, 1368, 1372, 1376, 1380, 1384, 1388, 1392, 1396, 1400, 1404,
 149:Core/Src/main.c ****     1408, 1412, 1416, 1420, 1424, 1428, 1432, 1436, 1440, 1444, 1448, 1452, 1456, 1460, 1464, 1468,
 150:Core/Src/main.c ****     1472, 1476, 1480, 1484, 1488, 1492, 1496, 1500, 1504, 1508, 1512, 1516, 1520, 1524, 1528, 1532,
 151:Core/Src/main.c ****     1536, 1540, 1544, 1548, 1552, 1556, 1560, 1564, 1568, 1572, 1576, 1580, 1584, 1588, 1592, 1596,
 152:Core/Src/main.c ****     1600, 1604, 1608, 1612, 1616, 1620, 1624, 1628, 1632, 1636, 1640, 1644, 1648, 1652, 1656, 1660,
 153:Core/Src/main.c ****     1664, 1668, 1672, 1676, 1680, 1684, 1688, 1692, 1696, 1700, 1704, 1708, 1712, 1716, 1720, 1724,
 154:Core/Src/main.c ****     1728, 1732, 1736, 1740, 1744, 1748, 1752, 1756, 1760, 1764, 1768, 1772, 1776, 1780, 1784, 1788,
 155:Core/Src/main.c ****     1792, 1796, 1800, 1804, 1808, 1812, 1816, 1820, 1824, 1828, 1832, 1836, 1840, 1844, 1848, 1852,
 156:Core/Src/main.c ****     1856, 1860, 1864, 1868, 1872, 1876, 1880, 1884, 1888, 1892, 1896, 1900, 1904, 1908, 1912, 1916,
 157:Core/Src/main.c ****     1920, 1924, 1928, 1932, 1936, 1940, 1944, 1948, 1952, 1956, 1960, 1964, 1968, 1972, 1976, 1980,
 158:Core/Src/main.c ****     1984, 1988, 1992, 1996, 2000, 2004, 2008, 2012, 2016, 2020, 2024, 2028, 2032, 2036, 2040, 2044,
 159:Core/Src/main.c ****     2048, 2052, 2056, 2060, 2064, 2068, 2072, 2076, 2080, 2084, 2088, 2092, 2096, 2100, 2104, 2108,
 160:Core/Src/main.c ****     2112, 2116, 2120, 2124, 2128, 2132, 2136, 2140, 2144, 2148, 2152, 2156, 2160, 2164, 2168, 2172,
 161:Core/Src/main.c ****     2176, 2180, 2184, 2188, 2192, 2196, 2200, 2204, 2208, 2212, 2216, 2220, 2224, 2228, 2232, 2236,
 162:Core/Src/main.c ****     2240, 2244, 2248, 2252, 2256, 2260, 2264, 2268, 2272, 2276, 2280, 2284, 2288, 2292, 2296, 2300,
 163:Core/Src/main.c ****     2304, 2308, 2312, 2316, 2320, 2324, 2328, 2332, 2336, 2340, 2344, 2348, 2352, 2356, 2360, 2364,
 164:Core/Src/main.c ****     2368, 2372, 2376, 2380, 2384, 2388, 2392, 2396, 2400, 2404, 2408, 2412, 2416, 2420, 2424, 2428,
 165:Core/Src/main.c ****     2432, 2436, 2440, 2444, 2448, 2452, 2456, 2460, 2464, 2468, 2472, 2476, 2480, 2484, 2488, 2492,
 166:Core/Src/main.c ****     2496, 2500, 2504, 2508, 2512, 2516, 2520, 2524, 2528, 2532, 2536, 2540, 2544, 2548, 2552, 2556,
 167:Core/Src/main.c ****     2560, 2564, 2568, 2572, 2576, 2580, 2584, 2588, 2592, 2596, 2600, 2604, 2608, 2612, 2616, 2620,
 168:Core/Src/main.c ****     2624, 2628, 2632, 2636, 2640, 2644, 2648, 2652, 2656, 2660, 2664, 2668, 2672, 2676, 2680, 2684,
 169:Core/Src/main.c ****     2688, 2692, 2696, 2700, 2704, 2708, 2712, 2716, 2720, 2724, 2728, 2732, 2736, 2740, 2744, 2748,
 170:Core/Src/main.c ****     2752, 2756, 2760, 2764, 2768, 2772, 2776, 2780, 2784, 2788, 2792, 2796, 2800, 2804, 2808, 2812,
 171:Core/Src/main.c ****     2816, 2820, 2824, 2828, 2832, 2836, 2840, 2844, 2848, 2852, 2856, 2860, 2864, 2868, 2872, 2876,
 172:Core/Src/main.c ****     2880, 2884, 2888, 2892, 2896, 2900, 2904, 2908, 2912, 2916, 2920, 2924, 2928, 2932, 2936, 2940,
 173:Core/Src/main.c ****     2944, 2948, 2952, 2956, 2960, 2964, 2968, 2972, 2976, 2980, 2984, 2988, 2992, 2996, 3000, 3004,
 174:Core/Src/main.c ****     3008, 3012, 3016, 3020, 3024, 3028, 3032, 3036, 3040, 3044, 3048, 3052, 3056, 3060, 3064, 3068,
 175:Core/Src/main.c ****     3072, 3076, 3080, 3084, 3088, 3092, 3096, 3100, 3104, 3108, 3112, 3116, 3120, 3124, 3128, 3132,
 176:Core/Src/main.c ****     3136, 3140, 3144, 3148, 3152, 3156, 3160, 3164, 3168, 3172, 3176, 3180, 3184, 3188, 3192, 3196,
 177:Core/Src/main.c ****     3200, 3204, 3208, 3212, 3216, 3220, 3224, 3228, 3232, 3236, 3240, 3244, 3248, 3252, 3256, 3260,
 178:Core/Src/main.c ****     3264, 3268, 3272, 3276, 3280, 3284, 3288, 3292, 3296, 3300, 3304, 3308, 3312, 3316, 3320, 3324,
 179:Core/Src/main.c ****     3328, 3332, 3336, 3340, 3344, 3348, 3352, 3356, 3360, 3364, 3368, 3372, 3376, 3380, 3384, 3388,
 180:Core/Src/main.c ****     3392, 3396, 3400, 3404, 3408, 3412, 3416, 3420, 3424, 3428, 3432, 3436, 3440, 3444, 3448, 3452,
 181:Core/Src/main.c ****     3456, 3460, 3464, 3468, 3472, 3476, 3480, 3484, 3488, 3492, 3496, 3500, 3504, 3508, 3512, 3516,
 182:Core/Src/main.c ****     3520, 3524, 3528, 3532, 3536, 3540, 3544, 3548, 3552, 3556, 3560, 3564, 3568, 3572, 3576, 3580,
 183:Core/Src/main.c ****     3584, 3588, 3592, 3596, 3600, 3604, 3608, 3612, 3616, 3620, 3624, 3628, 3632, 3636, 3640, 3644,
 184:Core/Src/main.c ****     3648, 3652, 3656, 3660, 3664, 3668, 3672, 3676, 3680, 3684, 3688, 3692, 3696, 3700, 3704, 3708,
 185:Core/Src/main.c ****     3712, 3716, 3720, 3724, 3728, 3732, 3736, 3740, 3744, 3748, 3752, 3756, 3760, 3764, 3768, 3772,
 186:Core/Src/main.c ****     3776, 3780, 3784, 3788, 3792, 3796, 3800, 3804, 3808, 3812, 3816, 3820, 3824, 3828, 3832, 3836,
 187:Core/Src/main.c ****     3840, 3844, 3848, 3852, 3856, 3860, 3864, 3868, 3872, 3876, 3880, 3884, 3888, 3892, 3896, 3900,
 188:Core/Src/main.c ****     3904, 3908, 3912, 3916, 3920, 3924, 3928, 3932, 3936, 3940, 3944, 3948, 3952, 3956, 3960, 3964,
 189:Core/Src/main.c ****     3968, 3972, 3976, 3980, 3984, 3988, 3992, 3996, 4000, 4004, 4008, 4012, 4016, 4020, 4024, 4028,
 190:Core/Src/main.c ****     4032, 4036, 4040, 4044, 4048, 4052, 4056, 4060, 4064, 4068, 4072, 4076, 4080, 4084, 4088, 4092
 191:Core/Src/main.c **** };
 192:Core/Src/main.c **** // Triangle Wave LUT: 1024 samples, 4096 bytes (4.00KB)
 193:Core/Src/main.c **** uint32_t Triangle_LUT[NS] = {
 194:Core/Src/main.c ****        0,    8,   16,   24,   32,   40,   48,   56,   64,   72,   80,   88,   96,  104,  112,  120,
 195:Core/Src/main.c ****      128,  136,  144,  152,  160,  168,  176,  184,  192,  200,  208,  216,  224,  232,  240,  248,
 196:Core/Src/main.c ****      256,  264,  272,  280,  288,  296,  304,  312,  320,  328,  336,  344,  352,  360,  368,  376,
 197:Core/Src/main.c ****      384,  392,  400,  408,  416,  424,  432,  440,  448,  456,  464,  472,  480,  488,  496,  504,
 198:Core/Src/main.c ****      512,  520,  528,  536,  544,  552,  560,  568,  576,  584,  592,  600,  608,  616,  624,  632,
 199:Core/Src/main.c ****      640,  648,  656,  664,  672,  680,  688,  696,  704,  712,  720,  728,  736,  744,  752,  760,
 200:Core/Src/main.c ****      768,  776,  784,  792,  800,  808,  816,  824,  832,  840,  848,  856,  864,  872,  880,  888,
 201:Core/Src/main.c ****      896,  904,  912,  920,  928,  936,  944,  952,  960,  968,  976,  984,  992, 1000, 1008, 1016,
 202:Core/Src/main.c ****     1024, 1032, 1040, 1048, 1056, 1064, 1072, 1080, 1088, 1096, 1104, 1112, 1120, 1128, 1136, 1144,
ARM GAS  C:\Users\rosto\AppData\Local\Temp\cciuoPym.s 			page 5


 203:Core/Src/main.c ****     1152, 1160, 1168, 1176, 1184, 1192, 1200, 1208, 1216, 1224, 1232, 1240, 1248, 1256, 1264, 1272,
 204:Core/Src/main.c ****     1280, 1288, 1296, 1304, 1312, 1320, 1328, 1336, 1344, 1352, 1360, 1368, 1376, 1384, 1392, 1400,
 205:Core/Src/main.c ****     1408, 1416, 1424, 1432, 1440, 1448, 1456, 1464, 1472, 1480, 1488, 1496, 1504, 1512, 1520, 1528,
 206:Core/Src/main.c ****     1536, 1544, 1552, 1560, 1568, 1576, 1584, 1592, 1600, 1608, 1616, 1624, 1632, 1640, 1648, 1656,
 207:Core/Src/main.c ****     1664, 1672, 1680, 1688, 1696, 1704, 1712, 1720, 1728, 1736, 1744, 1752, 1760, 1768, 1776, 1784,
 208:Core/Src/main.c ****     1792, 1800, 1808, 1816, 1824, 1832, 1840, 1848, 1856, 1864, 1872, 1880, 1888, 1896, 1904, 1912,
 209:Core/Src/main.c ****     1920, 1928, 1936, 1944, 1952, 1960, 1968, 1976, 1984, 1992, 2000, 2008, 2016, 2024, 2032, 2040,
 210:Core/Src/main.c ****     2048, 2056, 2064, 2072, 2080, 2088, 2096, 2104, 2112, 2120, 2128, 2136, 2144, 2152, 2160, 2168,
 211:Core/Src/main.c ****     2176, 2184, 2192, 2200, 2208, 2216, 2224, 2232, 2240, 2248, 2256, 2264, 2272, 2280, 2288, 2296,
 212:Core/Src/main.c ****     2304, 2312, 2320, 2328, 2336, 2344, 2352, 2360, 2368, 2376, 2384, 2392, 2400, 2408, 2416, 2424,
 213:Core/Src/main.c ****     2432, 2440, 2448, 2456, 2464, 2472, 2480, 2488, 2496, 2504, 2512, 2520, 2528, 2536, 2544, 2552,
 214:Core/Src/main.c ****     2560, 2568, 2576, 2584, 2592, 2600, 2608, 2616, 2624, 2632, 2640, 2648, 2656, 2664, 2672, 2680,
 215:Core/Src/main.c ****     2688, 2696, 2704, 2712, 2720, 2728, 2736, 2744, 2752, 2760, 2768, 2776, 2784, 2792, 2800, 2808,
 216:Core/Src/main.c ****     2816, 2824, 2832, 2840, 2848, 2856, 2864, 2872, 2880, 2888, 2896, 2904, 2912, 2920, 2928, 2936,
 217:Core/Src/main.c ****     2944, 2952, 2960, 2968, 2976, 2984, 2992, 3000, 3008, 3016, 3024, 3032, 3040, 3048, 3056, 3064,
 218:Core/Src/main.c ****     3072, 3080, 3088, 3096, 3104, 3112, 3120, 3128, 3136, 3144, 3152, 3160, 3168, 3176, 3184, 3192,
 219:Core/Src/main.c ****     3200, 3208, 3216, 3224, 3232, 3240, 3248, 3256, 3264, 3272, 3280, 3288, 3296, 3304, 3312, 3320,
 220:Core/Src/main.c ****     3328, 3336, 3344, 3352, 3360, 3368, 3376, 3384, 3392, 3400, 3408, 3416, 3424, 3432, 3440, 3448,
 221:Core/Src/main.c ****     3456, 3464, 3472, 3480, 3488, 3496, 3504, 3512, 3520, 3528, 3536, 3544, 3552, 3560, 3568, 3576,
 222:Core/Src/main.c ****     3584, 3592, 3600, 3608, 3616, 3624, 3632, 3640, 3648, 3656, 3664, 3672, 3680, 3688, 3696, 3704,
 223:Core/Src/main.c ****     3712, 3720, 3728, 3736, 3744, 3752, 3760, 3768, 3776, 3784, 3792, 3800, 3808, 3816, 3824, 3832,
 224:Core/Src/main.c ****     3840, 3848, 3856, 3864, 3872, 3880, 3888, 3896, 3904, 3912, 3920, 3928, 3936, 3944, 3952, 3960,
 225:Core/Src/main.c ****     3968, 3976, 3984, 3992, 4000, 4008, 4016, 4024, 4032, 4040, 4048, 4056, 4064, 4072, 4080, 4088,
 226:Core/Src/main.c ****     4095, 4087, 4079, 4071, 4063, 4055, 4047, 4039, 4031, 4023, 4015, 4007, 3999, 3991, 3983, 3975,
 227:Core/Src/main.c ****     3967, 3959, 3951, 3943, 3935, 3927, 3919, 3911, 3903, 3895, 3887, 3879, 3871, 3863, 3855, 3847,
 228:Core/Src/main.c ****     3839, 3831, 3823, 3815, 3807, 3799, 3791, 3783, 3775, 3767, 3759, 3751, 3743, 3735, 3727, 3719,
 229:Core/Src/main.c ****     3711, 3703, 3695, 3687, 3679, 3671, 3663, 3655, 3647, 3639, 3631, 3623, 3615, 3607, 3599, 3591,
 230:Core/Src/main.c ****     3583, 3575, 3567, 3559, 3551, 3543, 3535, 3527, 3519, 3511, 3503, 3495, 3487, 3479, 3471, 3463,
 231:Core/Src/main.c ****     3455, 3447, 3439, 3431, 3423, 3415, 3407, 3399, 3391, 3383, 3375, 3367, 3359, 3351, 3343, 3335,
 232:Core/Src/main.c ****     3327, 3319, 3311, 3303, 3295, 3287, 3279, 3271, 3263, 3255, 3247, 3239, 3231, 3223, 3215, 3207,
 233:Core/Src/main.c ****     3199, 3191, 3183, 3175, 3167, 3159, 3151, 3143, 3135, 3127, 3119, 3111, 3103, 3095, 3087, 3079,
 234:Core/Src/main.c ****     3071, 3063, 3055, 3047, 3039, 3031, 3023, 3015, 3007, 2999, 2991, 2983, 2975, 2967, 2959, 2951,
 235:Core/Src/main.c ****     2943, 2935, 2927, 2919, 2911, 2903, 2895, 2887, 2879, 2871, 2863, 2855, 2847, 2839, 2831, 2823,
 236:Core/Src/main.c ****     2815, 2807, 2799, 2791, 2783, 2775, 2767, 2759, 2751, 2743, 2735, 2727, 2719, 2711, 2703, 2695,
 237:Core/Src/main.c ****     2687, 2679, 2671, 2663, 2655, 2647, 2639, 2631, 2623, 2615, 2607, 2599, 2591, 2583, 2575, 2567,
 238:Core/Src/main.c ****     2559, 2551, 2543, 2535, 2527, 2519, 2511, 2503, 2495, 2487, 2479, 2471, 2463, 2455, 2447, 2439,
 239:Core/Src/main.c ****     2431, 2423, 2415, 2407, 2399, 2391, 2383, 2375, 2367, 2359, 2351, 2343, 2335, 2327, 2319, 2311,
 240:Core/Src/main.c ****     2303, 2295, 2287, 2279, 2271, 2263, 2255, 2247, 2239, 2231, 2223, 2215, 2207, 2199, 2191, 2183,
 241:Core/Src/main.c ****     2175, 2167, 2159, 2151, 2143, 2135, 2127, 2119, 2111, 2103, 2095, 2087, 2079, 2071, 2063, 2055,
 242:Core/Src/main.c ****     2047, 2039, 2031, 2023, 2015, 2007, 1999, 1991, 1983, 1975, 1967, 1959, 1951, 1943, 1935, 1927,
 243:Core/Src/main.c ****     1919, 1911, 1903, 1895, 1887, 1879, 1871, 1863, 1855, 1847, 1839, 1831, 1823, 1815, 1807, 1799,
 244:Core/Src/main.c ****     1791, 1783, 1775, 1767, 1759, 1751, 1743, 1735, 1727, 1719, 1711, 1703, 1695, 1687, 1679, 1671,
 245:Core/Src/main.c ****     1663, 1655, 1647, 1639, 1631, 1623, 1615, 1607, 1599, 1591, 1583, 1575, 1567, 1559, 1551, 1543,
 246:Core/Src/main.c ****     1535, 1527, 1519, 1511, 1503, 1495, 1487, 1479, 1471, 1463, 1455, 1447, 1439, 1431, 1423, 1415,
 247:Core/Src/main.c ****     1407, 1399, 1391, 1383, 1375, 1367, 1359, 1351, 1343, 1335, 1327, 1319, 1311, 1303, 1295, 1287,
 248:Core/Src/main.c ****     1279, 1271, 1263, 1255, 1247, 1239, 1231, 1223, 1215, 1207, 1199, 1191, 1183, 1175, 1167, 1159,
 249:Core/Src/main.c ****     1151, 1143, 1135, 1127, 1119, 1111, 1103, 1095, 1087, 1079, 1071, 1063, 1055, 1047, 1039, 1031,
 250:Core/Src/main.c ****     1023, 1015, 1007,  999,  991,  983,  975,  967,  959,  951,  943,  935,  927,  919,  911,  903,
 251:Core/Src/main.c ****      895,  887,  879,  871,  863,  855,  847,  839,  831,  823,  815,  807,  799,  791,  783,  775,
 252:Core/Src/main.c ****      767,  759,  751,  743,  735,  727,  719,  711,  703,  695,  687,  679,  671,  663,  655,  647,
 253:Core/Src/main.c ****      639,  631,  623,  615,  607,  599,  591,  583,  575,  567,  559,  551,  543,  535,  527,  519,
 254:Core/Src/main.c ****      511,  503,  495,  487,  479,  471,  463,  455,  447,  439,  431,  423,  415,  407,  399,  391,
 255:Core/Src/main.c ****      383,  375,  367,  359,  351,  343,  335,  327,  319,  311,  303,  295,  287,  279,  271,  263,
 256:Core/Src/main.c ****      255,  247,  239,  231,  223,  215,  207,  199,  191,  183,  175,  167,  159,  151,  143,  135,
 257:Core/Src/main.c ****      127,  119,  111,  103,   95,   87,   79,   71,   63,   55,   47,   39,   31,   23,   15,    7
 258:Core/Src/main.c **** };
 259:Core/Src/main.c **** //Piano: 1024 samples, 4096 bytes (4.00KB)
ARM GAS  C:\Users\rosto\AppData\Local\Temp\cciuoPym.s 			page 6


 260:Core/Src/main.c **** uint32_t Piano_LUT[NS] = {
 261:Core/Src/main.c ****     2046,  378, 2575, 3273, 3530, 4095,  819,  293, 1144, 2880, 3731, 3663,  420,  726, 1562, 2802,
 262:Core/Src/main.c ****     3525,  788, 2747, 3109, 3424, 1010, 1504, 3317, 1093, 1459, 3319, 1392, 2869, 2883, 1542, 3008,
 263:Core/Src/main.c ****     1479, 2556, 2752, 1478, 2807, 2668, 2457, 1674, 1666, 2350,  776, 3222, 2896, 1351, 2573, 3271,
 264:Core/Src/main.c ****     1480, 2814, 2623, 2537, 1819, 1310, 1372, 2937, 1516, 2458, 1312, 2344, 2152, 3349, 1008, 2416,
 265:Core/Src/main.c ****     2886, 1362, 1616, 3109, 2214, 1751, 1629, 1673, 1805, 2182, 1487, 2040, 1902, 3580,  758, 3048,
 266:Core/Src/main.c ****     1167, 1468, 2813, 2802, 1308, 2977, 3041, 1673, 2163, 2766, 1677, 2442, 1760, 2629, 2600, 1229,
 267:Core/Src/main.c ****     1595, 2583, 2479, 1163, 1554, 2825, 1678, 2688, 1988, 1807, 1670, 2194, 2320, 2037, 1346, 2704,
 268:Core/Src/main.c ****     2827,  312,  990, 1282, 3165,  748, 2794, 1398, 3284, 1590, 3488,  708, 2876,  594, 2748, 1331,
 269:Core/Src/main.c ****     1328, 2875, 3137, 1649,  941, 2341, 2496, 2582, 2264, 2507, 1645, 1552, 2248, 2161, 1551, 1625,
 270:Core/Src/main.c ****     1980, 1743, 1698, 1858, 3118,  439, 2713, 2803, 1051, 3373, 1491, 3274, 1362,  854, 2785, 2515,
 271:Core/Src/main.c ****     2403, 1552, 2381, 2461, 2692, 1734, 1684, 1866, 2031, 2239, 3111,  740, 1463, 2676, 2484, 1326,
 272:Core/Src/main.c ****     3074,  957, 2197, 2591, 1742, 2657, 1523, 1213, 2474, 1606, 1772, 3014, 2707, 2484, 1508, 1677,
 273:Core/Src/main.c ****     2593, 1734, 1315, 2437, 2281, 2133, 2252, 2729, 3006,  781, 1320, 1616, 2812, 2738, 2616,  978,
 274:Core/Src/main.c ****     2322, 3164, 1715, 2509, 1769, 1385, 2419, 1463, 2605, 1412, 1768, 2222, 1618, 3164, 3095,  971,
 275:Core/Src/main.c ****     1120, 1021, 1115, 1016, 1368, 2242, 1418, 1346, 2103, 2099,  112, 1848, 1718, 1327, 4055, 3223,
 276:Core/Src/main.c ****      237, 1189, 1819, 3485, 3869,  720,  495, 1477, 2888, 3395,  906, 1561, 3537, 2765, 1269, 2852,
 277:Core/Src/main.c ****     3273, 2363, 2841, 1241, 2747, 1447, 2566, 1490, 2797, 1628, 2606, 2521, 1569, 2393,  827, 3050,
 278:Core/Src/main.c ****     2731, 1683, 2919, 3219,  722, 2547, 2617, 2974, 3176, 1192, 2582, 2429, 1196, 1583, 2828, 1700,
 279:Core/Src/main.c ****     2633, 2598, 1279, 2101, 1205, 3506,  714, 3183,  912, 2317, 1118, 3138, 2252, 1378, 1348, 1533,
 280:Core/Src/main.c ****     2095, 2582, 2367, 2338, 1734, 2510, 2309, 1811, 3515,  751, 2357, 3333,  848, 3120, 1145, 3172,
 281:Core/Src/main.c ****     1933, 1305, 2718, 2929, 2927, 2773, 1611, 2337, 1558, 2623, 1283, 1431, 2467, 2405, 2273, 1469,
 282:Core/Src/main.c ****     1646, 2167, 2021,    7,  578,  708, 3322, 1289, 3203, 3131,  385,   46,  518, 2918,  622, 3203,
 283:Core/Src/main.c ****     2617, 3529, 3139, 3314,  689,  642, 1047, 2369, 3068, 1406, 3692, 3595,  947, 2749, 2818, 2068,
 284:Core/Src/main.c ****     3670, 2999,  375, 1100, 1645, 2523, 1454,  411, 2350, 2884, 3045, 2929, 1224, 1394, 3042, 3004,
 285:Core/Src/main.c ****     1752, 1913, 2895, 3119,  857, 1559, 1242, 2434, 1975, 2001, 1312, 3011, 2984, 1697, 3010, 2243,
 286:Core/Src/main.c ****     1078, 1555, 2367, 2723, 2823, 2488, 2507, 1872, 2029, 2557, 2711, 1066,  651, 2903, 3247, 1319,
 287:Core/Src/main.c ****     1299, 2240, 3569, 1588, 3445,  813, 1642, 1138, 1509, 2971, 1427, 3215, 2583, 3006, 2244, 1259,
 288:Core/Src/main.c ****     2274, 1676, 1636, 1228, 1150, 1629, 2832, 2969, 1341, 1469, 2200, 2011, 1018, 1623, 2891,  893,
 289:Core/Src/main.c ****     2895, 2846, 1389, 1335, 1198, 2378, 1012, 2769, 2705, 1722, 2516, 1995, 1600, 1957, 2299, 2388,
 290:Core/Src/main.c ****     1409, 1571, 2008, 2053,  972, 2887, 3008, 2976, 3751,  593, 1717, 3295, 3023, 2947,  957, 1163,
 291:Core/Src/main.c ****     3044, 2895, 3122, 1122, 3086, 2959,  833, 1630, 2571,  943, 2837, 2143, 1073, 2938, 2512, 2714,
 292:Core/Src/main.c ****     2896, 2060, 2570, 1688, 1461, 2613, 2651, 1409, 1326, 2499, 2301, 1819, 2468, 2253, 1811, 2172,
 293:Core/Src/main.c ****     2284, 1775, 2027,  605, 1968, 1567, 3999, 3562,  600, 2424, 2854, 3862, 3651,  711, 1506, 3020,
 294:Core/Src/main.c ****     3485, 1407, 1533, 3573, 1378, 1591, 3161, 1379, 1420, 3314, 2381, 2782, 1421, 2784, 1379, 2834,
 295:Core/Src/main.c ****     2619, 1363, 2616, 2498, 2445, 2220, 1427, 1000, 1432, 2999,  831, 2977, 3376, 1148, 2762, 1360,
 296:Core/Src/main.c ****     2943, 1503, 1005, 1773, 3010, 2504, 2407, 1359, 2330,  794, 1677, 3484,  679, 1684, 3260,  735,
 297:Core/Src/main.c ****     2664, 1093, 3112, 1558, 1341, 2952, 2570, 2659, 2675, 1779, 2370, 2442, 2376, 2115, 2094, 3426,
 298:Core/Src/main.c ****      715, 2790,  840, 1673, 1138, 3016, 1589, 1212, 2170, 2740, 1756, 1657, 2163, 1585, 1575, 3006,
 299:Core/Src/main.c ****     1382, 1966, 1309, 1148, 1754, 2368, 1450, 1467, 2326, 1803, 1762, 1814, 2256, 2029,  359, 2912,
 300:Core/Src/main.c ****     2802,  381, 2731, 1506, 1943, 3081, 2333, 1300, 3649, 1104, 3046,  910, 2414, 2976,  736, 2216,
 301:Core/Src/main.c ****     1621, 2680, 3100, 2838,  874, 2764, 1438, 1259, 2559, 2290, 1664, 1547, 2360, 1848, 1771, 2273,
 302:Core/Src/main.c ****     2226, 2236, 2366, 2218, 3154,  722, 3155, 1031, 2731, 1261, 3218, 1048,  962, 2858, 2761, 2890,
 303:Core/Src/main.c ****     2485, 2683, 2659, 1494, 1457, 1466, 1920, 2009,  739, 2552,  985,  665, 2660, 2712, 1078, 3157,
 304:Core/Src/main.c ****     3086, 1083, 3177,  468, 2323,  769, 1988, 1095, 1419, 1162, 2975, 2387,  984, 1154, 2562, 2672,
 305:Core/Src/main.c ****     1289, 1242, 2454, 1358, 2438, 2091,  787, 2859, 2863, 2852,  871, 1001, 1173, 3512,  846, 1606,
 306:Core/Src/main.c ****     2589,  903, 2506, 2859, 2545, 1393, 2514, 2544, 1974, 1588, 2596, 1578, 1241, 2398,  653, 3322,
 307:Core/Src/main.c ****      972, 2607, 2625,  990, 3045, 1834, 1376, 2339,  852, 2941,  751, 3062, 1799, 1154, 1039, 2894,
 308:Core/Src/main.c ****     2896, 2835, 2909, 2781, 1312, 1355, 2611, 1440, 2337, 2078,  823, 2849, 1257, 3069, 3985,  687,
 309:Core/Src/main.c ****     1935, 2924, 2942, 3797, 3130,  658, 1649, 1421, 3500,  963, 2810, 2708, 3586,  965, 2680, 2750,
 310:Core/Src/main.c ****     3274, 2638, 2494, 3124, 2730, 1527, 1226, 2662, 1570, 1492, 1357, 2629, 1612, 2568, 2564, 2601,
 311:Core/Src/main.c ****     1726, 1560, 2295, 1366, 1521, 3243, 3146, 1266, 1006, 2326, 3360,  552, 1258, 2564, 1451, 2469,
 312:Core/Src/main.c ****     3200,  840, 1514, 1165, 2839, 1630, 1710, 2490, 1837, 1622, 1285, 1415, 1756, 2249, 1917, 1752,
 313:Core/Src/main.c ****     3443,  799, 1944, 3282,  712, 2465, 1166, 2570, 1041, 2672, 1555, 1381, 2825, 2813, 2639, 1552,
 314:Core/Src/main.c ****     2426, 1934, 1579, 1775, 2405, 1997, 2363, 3620,  645, 2671, 1075, 2256, 1287, 3076, 1657, 1206,
 315:Core/Src/main.c ****     1374, 1449, 1848, 2732, 2602, 1652, 1882, 1536, 1843, 2461, 1401, 1725, 1908, 1518, 2165, 2081,
 316:Core/Src/main.c ****     1054, 1031, 2862,  621,  798, 1582, 3157, 3492,  771, 1214, 2817, 3744, 1303, 1766, 3540,  629,
ARM GAS  C:\Users\rosto\AppData\Local\Temp\cciuoPym.s 			page 7


 317:Core/Src/main.c ****     1297, 3048,  703, 1371, 2786, 1203, 2471, 1536, 3071,  904, 2407, 2505, 2626, 2598, 1590, 3135,
 318:Core/Src/main.c ****     1910, 1461, 1593, 2218, 2515, 1558, 2131, 2024, 1477, 2463, 2988,  173, 2311, 2986, 3151,  711,
 319:Core/Src/main.c ****     2340, 1284, 3503, 1477, 1791, 3514,  740, 2494,  718, 1189, 2635, 1239, 2478, 2293, 3242, 1508,
 320:Core/Src/main.c ****      895, 2627, 2765, 1475, 1829, 1190, 1258, 1800, 1673, 2336, 2188, 1911, 1052, 2274, 2999,  743,
 321:Core/Src/main.c ****     2738, 2986, 1438, 2268, 1569, 2867, 1419, 1217, 2334, 2543, 2666, 2310, 1836, 2302, 2346, 2488,
 322:Core/Src/main.c ****     2549, 1710, 2573, 2376, 2302, 2017,  569,  903, 3188, 2748,  727,  702, 3158, 3259, 3107, 1038,
 323:Core/Src/main.c ****     1533, 1020, 2805, 1283, 2815, 3016, 1395, 2781,  916, 1603, 2520, 2764, 2516, 2682, 1033, 2474,
 324:Core/Src/main.c ****     1695, 1514, 2485, 2525, 2402, 1782, 2246, 2185, 1698, 1636, 2344, 1694, 1738, 1732, 2365, 2136
 325:Core/Src/main.c **** };
 326:Core/Src/main.c **** // Guitar: 1024 samples, 4096 bytes (4.00KB)
 327:Core/Src/main.c **** uint32_t Guitar_LUT[NS] = {
 328:Core/Src/main.c ****     1890, 1366, 1290, 2842, 2920, 1340, 1635, 2908, 1517, 1278, 2750, 2970, 2358, 2642, 2206, 2488,
 329:Core/Src/main.c ****     1713, 1539, 2322, 1842, 2415, 2534, 2591, 2390, 1826, 1638, 2367, 1687, 2489, 2419, 1610, 2015,
 330:Core/Src/main.c ****     2420, 2645, 1483, 2346, 2490, 1554, 2545, 1766, 1467, 1670, 2542, 1474, 1657, 2477, 1468, 2428,
 331:Core/Src/main.c ****     2515, 1598, 2497, 2437, 1687, 2005, 2445, 1815, 2992, 1174, 2609, 1594, 1954, 3098, 1329,  399,
 332:Core/Src/main.c ****     1320,  348, 1220, 1535, 2585, 2527, 3420, 2912, 2419, 1816,  541, 1731,  941, 2478,  780, 1497,
 333:Core/Src/main.c ****     1999, 3394, 2247, 4095, 3296, 2971, 2749, 1270, 1183, 1169, 1269, 2026, 3103, 1505, 1139, 1773,
 334:Core/Src/main.c ****     1123, 3140, 2331, 2690, 2572,  929, 1085, 2734,  706, 1177, 2644, 1319, 2459, 3054, 2692, 2545,
 335:Core/Src/main.c ****     1577,  971,  951, 2274, 1514,  221, 1537, 2704, 2543, 3542, 2102, 3143,  699, 1674, 2594, 2222,
 336:Core/Src/main.c ****     2799, 1124, 1843, 1415, 3596, 2494, 1314, 1893,  758, 2003, 2873, 2389, 2814, 3206,  613, 1347,
 337:Core/Src/main.c ****     2528, 1192, 1529, 1013, 2051, 2816, 2244, 2699, 2597,  888, 1305, 1171, 2957, 1448, 1942, 2359,
 338:Core/Src/main.c ****      847,  675, 1792, 2084, 2918, 2428, 3167, 1495, 1297, 2095, 1849, 2599, 2173, 2157, 2772,  717,
 339:Core/Src/main.c ****     2022, 2216, 1326, 3012, 1506, 1072, 1190, 2303, 2714, 2174,  642, 1729, 1443, 2545, 1833, 2127,
 340:Core/Src/main.c ****     1691, 2515, 2288, 1710, 2134, 1639, 2268, 2184, 2693, 2964, 1477, 1234, 2956, 2702, 1430, 2767,
 341:Core/Src/main.c ****     1634, 2407, 2473, 2859, 1550, 1480, 2705, 1545, 2646, 1436, 1572, 2663, 1520, 2652, 2417, 2564,
 342:Core/Src/main.c ****     2361, 1466, 1761, 1618, 2482, 1560, 2407, 1857, 1753, 1617, 2462, 2454, 2486, 2435, 2456, 2427,
 343:Core/Src/main.c ****     2550, 2237, 1643, 2364, 2373, 1848, 2384, 2353, 1865, 2484, 1795, 2295, 2424, 2164, 1810, 2477,
 344:Core/Src/main.c ****     1672, 2458, 2368, 1941, 1690, 2381, 2029, 2395, 1738, 2458, 1734, 1883, 1674, 1592, 1629, 2403,
 345:Core/Src/main.c ****     1854, 1938, 2206, 2485, 2471, 2428, 2293, 2357, 2570, 1244, 2700, 1898, 2209, 2320,  908, 1064,
 346:Core/Src/main.c ****     2940, 2434, 1031, 2704, 1222, 2633, 2351, 1007,  900,  817, 1067,  999, 1132, 2819, 2595, 1968,
 347:Core/Src/main.c ****      868, 1142,  879, 1652, 2179, 2087, 2272, 3003, 1649, 2735, 2745, 1670, 1669, 2976, 2577, 2069,
 348:Core/Src/main.c ****     2767, 1801, 1391, 2591, 1823, 1741, 2450, 1573, 1559, 1771, 2505, 1501, 1776, 2440, 2404, 2582,
 349:Core/Src/main.c ****     2074, 1908, 1686, 2380, 1608, 2401, 1723, 1835, 1733, 1921, 1388, 2795, 3278, 1335, 3698, 3631,
 350:Core/Src/main.c ****     3104, 3388, 1827, 1390, 1882, 1057, 3053, 3048, 3711, 2989, 3237, 1358, 1373, 1564, 1874, 3129,
 351:Core/Src/main.c ****     2710,  516, 1452, 2274, 2856, 2378,  606, 1123, 2024, 2904, 2938, 1136, 1339, 1806, 1491, 2708,
 352:Core/Src/main.c ****     2676, 1340, 1607, 2650, 1567, 1482, 1495, 1048, 2171, 1782, 2175, 1684, 1515, 1626,  945, 2627,
 353:Core/Src/main.c ****     1641, 2365, 1672, 1657, 1706, 1861, 1777, 1331, 1727, 2552, 1630, 2415, 1881, 2111, 2567, 1783,
 354:Core/Src/main.c ****     1825, 1540, 1687, 1901, 2627, 1902, 2378, 1531, 2698, 1661, 2802, 1607, 2081, 2377, 1668, 2200,
 355:Core/Src/main.c ****     1512, 2000, 1952, 2719, 1715, 2731, 1421, 2611, 2607, 2532, 2039, 2877, 1704, 2522, 1491, 2879,
 356:Core/Src/main.c ****     1577, 2033, 2965, 1357, 2422, 1651, 2564, 1514, 1775, 2568, 2453, 2363, 2448, 2393, 1628, 1807,
 357:Core/Src/main.c ****     1726, 1756, 2227, 1624, 1683, 1731, 1601, 2101, 2541, 2452, 2423, 2126, 1817, 2472, 2457, 1665,
 358:Core/Src/main.c ****     2099, 2475, 1698, 2431, 2180, 1784, 2091, 2483, 1838, 2356, 1788, 2434, 2129, 2345, 1777, 2187,
 359:Core/Src/main.c ****     2355, 1813, 2424, 2446, 2357, 2322, 1977, 2470, 2421, 1656, 2578, 1495, 2301, 2659, 1771, 1657,
 360:Core/Src/main.c ****     2429, 1778, 2536, 1648, 2554, 1576, 2442, 2527, 1549, 2523, 1756, 2396, 2161, 1784, 1527, 2553,
 361:Core/Src/main.c ****     1922, 1562, 1715, 2695, 1841, 2392, 1584, 2103, 2605, 2480, 1448, 2423, 2368, 1521, 1776, 2129,
 362:Core/Src/main.c ****     1043, 2758, 2356, 3050, 3039, 2116, 1714, 2112, 2570, 2299, 1639, 2246, 2211, 2800, 1489, 1905,
 363:Core/Src/main.c ****     1787, 2975, 1929, 1993, 2224, 2296, 1265, 2217, 2715, 1675, 2375, 1507, 1830, 1870, 1388, 1619,
 364:Core/Src/main.c ****     2825, 1374, 2704, 2577, 1368, 2821, 2913, 1585, 2767, 1531, 2688, 2516, 2493, 2260, 1709, 2435,
 365:Core/Src/main.c ****     2382, 2550, 1584, 2480, 2673, 2355, 1841, 1866, 2390, 2503, 2458, 1738, 1587, 1665, 1996, 2005,
 366:Core/Src/main.c ****     1973, 2271, 2386, 2333, 2436, 2334, 1827, 1850, 2319, 2452, 2372, 1875, 1546, 1887, 1584, 1826,
 367:Core/Src/main.c ****     2668, 1839, 2069, 1429, 2676, 1154, 1927, 2190, 2066, 1454, 1727, 2745, 2400, 2769, 1844, 2400,
 368:Core/Src/main.c ****     2690, 1916, 1150, 2021, 2659, 1094, 2640, 2382, 1983, 1557, 2157, 1907, 1517, 2771, 2847, 2046,
 369:Core/Src/main.c ****     2412, 2617, 2603, 2198, 1533, 2619, 1641, 2411, 1537, 1557, 2942, 2248, 1347, 2425, 1684, 1621,
 370:Core/Src/main.c ****     1674, 2249, 1779, 1483, 1589, 2414, 1792, 1910, 2353, 1699, 2692, 2475, 1391, 2760, 1693, 2776,
 371:Core/Src/main.c ****     1707, 2748, 2613, 1430, 2563, 1818, 2518, 1819, 1711, 1748, 2508, 2534, 1553, 2137, 2262, 2438,
 372:Core/Src/main.c ****     2402, 1728, 1798, 2384, 2374, 2427, 1691, 1899, 2427, 1736, 2397, 1686, 1713, 1788, 2363, 1736,
 373:Core/Src/main.c ****     2566, 2335, 1515, 2414, 3066, 1231, 1685, 2310, 3022, 3175, 2898, 1019, 1855, 2771, 2861, 1230,
ARM GAS  C:\Users\rosto\AppData\Local\Temp\cciuoPym.s 			page 8


 374:Core/Src/main.c ****     1954, 1907, 2764, 3001, 1748, 2934, 3106, 3643, 3788, 3684, 2891, 3199, 1014,  961, 1188, 1335,
 375:Core/Src/main.c ****     1340, 3018, 3103, 2769, 2759, 2022, 1350, 2834, 2803, 2586, 1645, 1228, 2678, 1469, 1678, 2677,
 376:Core/Src/main.c ****     1182, 1186, 1733, 2420, 1469, 2338, 1237, 1563, 2674, 2347, 1519, 2144, 2439, 2226, 1548, 2331,
 377:Core/Src/main.c ****     2191, 2441, 2771, 1362, 2356, 2299, 1387, 2225, 2047, 1796, 2496, 2466, 1700, 2415, 1815, 2372,
 378:Core/Src/main.c ****     2385, 1745, 1791, 1859, 1820, 2098, 2370, 2369, 1914, 2559, 1464, 2497, 2624, 2350, 1357, 1992,
 379:Core/Src/main.c ****     2934, 2592, 2299, 1676, 1759, 2719, 2639, 1398, 2981, 2842, 1159, 1061, 2585, 2182, 1476, 2952,
 380:Core/Src/main.c ****     2731, 2058, 1709, 2293, 2146, 1494, 1454, 2682, 1694, 2408, 2214, 2510, 1653, 2306, 1548, 2222,
 381:Core/Src/main.c ****     2444, 1693, 1777, 2459, 1870, 1669, 2628, 2317, 1587, 1858, 1866, 2371, 2514, 1697, 2330, 2494,
 382:Core/Src/main.c ****     2291, 1501, 1933, 2239, 1596, 2031, 2025, 1911, 1759, 2181, 2998, 1908, 1389, 3066, 2341, 1643,
 383:Core/Src/main.c ****     1793, 1596, 2132, 1301, 2371, 1459, 1758, 1946, 1673, 2518, 1891, 1704, 2189, 1583, 2055, 2282,
 384:Core/Src/main.c ****     2170, 2041, 2153, 2709, 1607, 2717, 1609, 2352, 1412, 2703, 2647, 1788, 1694, 2337, 2632, 1409,
 385:Core/Src/main.c ****     2287, 2881, 1473, 2458, 1613, 2580, 1653, 1682, 2407, 1981, 1818, 1688, 1639, 2471, 2441, 2383,
 386:Core/Src/main.c ****     2310, 1904, 1824, 1749, 2136, 2476, 2625, 2583, 2411, 2529, 1684, 2048, 2387, 1655, 2519, 1886,
 387:Core/Src/main.c ****     2314, 2281, 1859, 2471, 2474, 1804, 2504, 1688, 2520, 1764, 2345, 2382, 2012, 1941, 2448, 2010,
 388:Core/Src/main.c ****     1587, 2612, 1713, 1391, 2565, 2406, 2203, 1642, 2582, 1483, 2567, 1782, 1479, 2770, 1518, 1663,
 389:Core/Src/main.c ****     2481, 1767, 1729, 2114, 2536, 1509, 1929, 2242, 2511, 2585, 2240, 2552, 1500, 1615, 1452, 1574,
 390:Core/Src/main.c ****     2605, 2195, 1349, 1964, 1354, 3267, 3146, 1169, 1731, 1989, 3115, 1873,  793, 1208, 1056, 2406,
 391:Core/Src/main.c ****     2983, 2459,  828, 1461, 2449, 2370, 2774, 1541, 2344, 1638, 2306, 2590, 1438, 2500, 1601, 1765
 392:Core/Src/main.c **** };
 393:Core/Src/main.c **** // Drum: 1024 samples, 4096 bytes (4.00KB)
 394:Core/Src/main.c **** uint32_t Drum_LUT[NS] = {
 395:Core/Src/main.c ****     1984, 3834, 3358,  177,   69,  150, 3852, 3810, 2760,  273,  126, 1172, 4042, 4032, 4037, 1850,
 396:Core/Src/main.c ****      515,  731,  530,  543, 3006, 3824, 3978, 4040, 4042, 4046, 3860, 3273,  211,   43,   41,   43,
 397:Core/Src/main.c ****       41,   41,   44,  360, 2619, 3350, 3206, 3282, 3419,  945,  575,  878, 1331, 1452, 2522, 1533,
 398:Core/Src/main.c ****     2354, 3685, 3512,  117,   50,  130, 3887, 3870, 1562,  271,  133, 1604, 4046, 4044, 4024, 1170,
 399:Core/Src/main.c ****      543,  855,  409,  482, 3117, 3861, 4002, 4046, 4046, 4039, 3894, 3285,  157,   42,   43,   44,
 400:Core/Src/main.c ****       42,   44,   43,  355, 2640, 3359, 3199, 3260, 3395,  918,  555,  879, 1327, 1479, 2526, 1536,
 401:Core/Src/main.c ****     2199, 4087, 4094,  428,   94,  469, 4091, 4091, 4094,  471,   90,   91,  329, 3983, 4013, 4091,
 402:Core/Src/main.c ****     3294,  100,  271, 2896, 4003, 1174, 3502,  719, 2903, 2641, 2294, 4035, 2745,  160,   35,  136,
 403:Core/Src/main.c ****     3722, 3860, 4031,  304,  189,  400, 4020, 4034, 4029, 3825,  233,  491,   83,  250, 1542, 3452,
 404:Core/Src/main.c ****     3555, 3895, 4035, 3917, 3898, 3465,  395,   37,   36,   41,   34,   35,   36,  576, 2746, 3116,
 405:Core/Src/main.c ****     3286, 3544, 3709, 3562,  705,  317,  389,  774, 1177, 1438, 1159, 3113, 1521, 1444, 2117, 3892,
 406:Core/Src/main.c ****     4078, 2749,   79,  254, 4080, 4077, 4077, 3349,   80,   96,   77, 3458, 3932, 4054, 4078,  115,
 407:Core/Src/main.c ****       79,  219, 3541, 4025, 3089, 1333, 3955, 1262, 3130, 1106, 1331, 2711, 1373, 3577,  328,  252,
 408:Core/Src/main.c ****     3485, 4007, 4050, 4069,  671,  395,  943,  407,  759, 3508, 4024, 4072, 4072, 4072, 3875, 3250,
 409:Core/Src/main.c ****     2938,  246,   67,   67,   67,   69,   68,  296,  688, 1093, 3358, 3815, 3981, 4033, 3978, 3855,
 410:Core/Src/main.c ****     3649, 3262, 1016, 1677, 2706, 1308, 1145, 2956, 3362, 3102, 1213, 2217, 1976, 3750, 3370,  158,
 411:Core/Src/main.c ****       62,  145, 3861, 3826, 2845,  284,  115, 1250, 4045, 4041, 4045, 1660,  525,  688,  515,  524,
 412:Core/Src/main.c ****     3026, 3820, 3991, 4045, 4042, 4044, 3867, 3279,  208,   41,   44,   42,   43,   41,   41,  358,
 413:Core/Src/main.c ****     2612, 3346, 3199, 3257, 3406,  931,  568,  879, 1329, 1452, 2523, 1532, 2089, 4091, 4085,  416,
 414:Core/Src/main.c ****       95,  451, 4095, 4092, 4095,  467,  100,  103,  380, 4001, 4075, 4056, 1147,  101,  209, 3793,
 415:Core/Src/main.c ****     3992, 1274, 3265,  886, 2933, 2784, 2297, 4037, 2890,  166,   36,  123, 3722, 3842, 4038,  317,
 416:Core/Src/main.c ****      202,  460, 4033, 4036, 4040, 3836,  210,  504,   74,  261, 1520, 3440, 3514, 3917, 4040, 3943,
 417:Core/Src/main.c ****     3892, 3524,  354,   38,   38,   35,   35,   36,   36,  544, 2828, 3113, 3435, 3536, 3696, 3574,
 418:Core/Src/main.c ****      687,  314,  389,  770, 1110, 1384, 1224, 3080, 1631, 1462, 2265, 3772, 3337,   55,   50,  126,
 419:Core/Src/main.c ****     3860, 3892, 1299,  229,  137, 2380, 4046, 4046, 4042, 1121,  556,  895,  412,  472, 3098, 3852,
 420:Core/Src/main.c ****     3983, 4045, 4044, 4040, 3879, 3372,  106,   41,   41,   41,   51,   42,   47,  347, 2487, 3393,
 421:Core/Src/main.c ****     3208, 3206, 3393,  900,  545,  877, 1327, 1470, 2525, 1535, 2255, 3886, 4076, 2753,   78,  283,
 422:Core/Src/main.c ****     4080, 4081, 4078, 3360,   76,   79,   92, 3425, 3919, 4066, 4067,  163,   85,  247, 3521, 4039,
 423:Core/Src/main.c ****     3070, 1491, 3943, 1256, 3310, 1086, 1287, 2715, 1376, 3580,  340,  263, 3520, 4002, 4043, 4059,
 424:Core/Src/main.c ****      652,  409,  893,  407,  774, 3523, 4023, 4072, 4072, 4072, 3869, 3198, 2889,  236,   67,   67,
 425:Core/Src/main.c ****       67,   67,   67,  300,  697, 1121, 3377, 3820, 3983, 4031, 3974, 3852, 3643, 3258, 1020, 1578,
 426:Core/Src/main.c ****     2698, 1304, 1149, 2961, 3362, 3098, 1212, 2217, 1969, 3797, 3361,  176,   86,  162, 3883, 3863,
 427:Core/Src/main.c ****     2639,  291,  121, 1333, 4046, 4046, 4046, 1313,  534,  737,  513,  515, 3041, 3829, 3989, 4044,
 428:Core/Src/main.c ****     4041, 4046, 3873, 3278,  173,   41,   41,   41,   41,   44,   43,  352, 2619, 3354, 3200, 3273,
 429:Core/Src/main.c ****     3412,  938,  571,  881, 1329, 1468, 2526, 1535, 2565, 3746, 3270,   75,   48,  130, 3863, 3902,
 430:Core/Src/main.c ****     1239,  239,  151, 2804, 4040, 4027, 4034, 1141,  491,  695,  406,  481, 3180, 3854, 4001, 4045,
ARM GAS  C:\Users\rosto\AppData\Local\Temp\cciuoPym.s 			page 9


 431:Core/Src/main.c ****     4044, 4045, 3872, 3364,  101,   43,   42,   43,   48,   44,   48,  354, 2478, 3399, 3211, 3204,
 432:Core/Src/main.c ****     3395,  907,  548,  880, 1319, 1493, 2526, 1536, 2197, 4091, 4095,  437,   92,  471, 4087, 4084,
 433:Core/Src/main.c ****     4087,  403,   97,   95,  406, 3991, 4072, 4081, 1517,   91,  134, 3387, 3978, 1081, 3261,  903,
 434:Core/Src/main.c ****     2942, 2793, 2296, 3869, 4035,  444,  164,   39,   36,  202, 3732, 3751, 3798, 3331,  330,  264,
 435:Core/Src/main.c ****      155, 2035, 3997, 3977, 4034, 4032, 3906,  286,  584, 2673,   60,  247,  619, 1674, 3440, 3580,
 436:Core/Src/main.c ****     3588, 3695, 4038, 4021, 4035, 3979, 3455, 1057,   34,   33,   34,   33,   34,   34,   34,   35,
 437:Core/Src/main.c ****      121,  664, 2743, 3225, 3176, 3238, 3522, 3387, 3579, 3640,  695,  332,  172,  346,  763, 1270,
 438:Core/Src/main.c ****     2429, 1184, 1218, 2971, 2825, 1350, 1466, 2114, 3900, 4077, 2788,   79,  258, 4058, 4062, 4080,
 439:Core/Src/main.c ****     3257,   75,   83,   77, 3535, 3969, 4066, 4055,  121,   75,  337, 3716, 3960, 1976, 1281, 3907,
 440:Core/Src/main.c ****     1422, 3159, 1187, 1349, 2709, 1341, 3584,  327,  249, 3472, 4005, 4049, 4068,  705,  397,  953,
 441:Core/Src/main.c ****      414,  753, 3493, 4021, 4071, 4070, 4070, 3872, 3253, 2941,  256,   68,   70,   67,   67,   68,
 442:Core/Src/main.c ****      293,  687, 1085, 3354, 3813, 3982, 4034, 3978, 3853, 3653, 3262, 1013, 1833, 2719, 1308, 1147,
 443:Core/Src/main.c ****     2954, 3360, 3102, 1213, 2216, 1980, 3797, 3343,  171,   72,  132, 3846, 3841, 2722,  282,  142,
 444:Core/Src/main.c ****     1603, 4029, 4046, 4029, 1126,  532,  892,  448,  485, 3035, 3827, 3979, 4046, 4043, 4044, 3846,
 445:Core/Src/main.c ****     3265,  209,   42,   43,   43,   42,   42,   42,  359, 2621, 3346, 3199, 3259, 3407,  929,  562,
 446:Core/Src/main.c ****      875, 1332, 1463, 2525, 1535, 2099, 4087, 4090,  424,   99,  446, 4094, 4086, 4084,  332,   95,
 447:Core/Src/main.c ****       92,  400, 4000, 4075, 4090, 1927,   97,  136, 3143, 3958, 1049, 3334,  788, 3012, 2889, 2296,
 448:Core/Src/main.c ****     4038, 2878,  176,   50,  152, 3717, 3890, 4013,  289,  205,  586, 4039, 4026, 4027, 3620,  504,
 449:Core/Src/main.c ****     1038,  126,  153, 1401, 3535, 3651, 3921, 4038, 4037, 3954, 3389,  222,   35,   35,   35,   36,
 450:Core/Src/main.c ****       35,   35,  623, 2792, 3274, 3433, 3487, 3476, 3722,  758,  106,  330,  701, 1357, 1245, 1250,
 451:Core/Src/main.c ****     3277, 1631, 1496, 2238, 3753, 3384,   55,   44,  135, 3873, 3894, 1459,  263,  118, 1603, 4045,
 452:Core/Src/main.c ****     4047, 4046, 1276,  533,  801,  491,  520, 3046, 3826, 3987, 4032, 4036, 4042, 3876, 3278,  124,
 453:Core/Src/main.c ****       42,   42,   45,   46,   42,   42,  343, 2511, 3378, 3197, 3238, 3409,  930,  563,  878, 1330,
 454:Core/Src/main.c ****     1468, 2525, 1536, 2182, 4035, 4080,  797,   78,  470, 4062, 4066, 4078,  795,  263,  100,   91,
 455:Core/Src/main.c ****     4073, 3890, 4055,  687,  112,  526, 3538, 4045, 3804,  859, 3029, 3199,  762, 1437, 1302, 2711,
 456:Core/Src/main.c ****     1366, 3578,  329,  251, 3480, 4009, 4052, 4070,  679,  398,  937,  407,  764, 3504, 4022, 4072,
 457:Core/Src/main.c ****     4072, 4072, 3880, 3264, 2943,  260,   72,   71,   71,   69,   67,  297,  689, 1084, 3354, 3813,
 458:Core/Src/main.c ****     3979, 4031, 3975, 3852, 3648, 3261, 1017, 1632, 2704, 1307, 1148, 2958, 3363, 3102, 1213, 2217
 459:Core/Src/main.c **** };
 460:Core/Src/main.c **** 
 461:Core/Src/main.c **** 
 462:Core/Src/main.c **** // TODO: Equation to calculate TIM2_Ticks
 463:Core/Src/main.c **** uint32_t TIM2_Ticks = TIM2CLK / (NS * F_SIGNAL); // How often to write new LUT value
 464:Core/Src/main.c **** uint32_t DestAddress = (uint32_t) &(TIM3->CCR3); // Write LUT TO TIM3->CCR3 to modify PWM duty cycl
 465:Core/Src/main.c **** 
 466:Core/Src/main.c **** 
 467:Core/Src/main.c **** /* USER CODE END PV */
 468:Core/Src/main.c **** 
 469:Core/Src/main.c **** /* Private function prototypes -----------------------------------------------*/
 470:Core/Src/main.c **** void SystemClock_Config(void);
 471:Core/Src/main.c **** static void MX_GPIO_Init(void);
 472:Core/Src/main.c **** static void MX_DMA_Init(void);
 473:Core/Src/main.c **** static void MX_TIM2_Init(void);
 474:Core/Src/main.c **** static void MX_TIM3_Init(void);
 475:Core/Src/main.c **** /* USER CODE BEGIN PFP */
 476:Core/Src/main.c **** void EXTI0_IRQHandler(void);
 477:Core/Src/main.c **** /* USER CODE END PFP */
 478:Core/Src/main.c **** 
 479:Core/Src/main.c **** /* Private user code ---------------------------------------------------------*/
 480:Core/Src/main.c **** /* USER CODE BEGIN 0 */
 481:Core/Src/main.c **** 
 482:Core/Src/main.c **** /* USER CODE END 0 */
 483:Core/Src/main.c **** 
 484:Core/Src/main.c **** /**
 485:Core/Src/main.c ****   * @brief  The application entry point.
 486:Core/Src/main.c ****   * @retval int
 487:Core/Src/main.c ****   */
ARM GAS  C:\Users\rosto\AppData\Local\Temp\cciuoPym.s 			page 10


 488:Core/Src/main.c **** int main(void)
 489:Core/Src/main.c **** {
 490:Core/Src/main.c **** 
 491:Core/Src/main.c ****   /* USER CODE BEGIN 1 */
 492:Core/Src/main.c **** 
 493:Core/Src/main.c ****   /* USER CODE END 1 */
 494:Core/Src/main.c **** 
 495:Core/Src/main.c ****   /* MCU Configuration--------------------------------------------------------*/
 496:Core/Src/main.c **** 
 497:Core/Src/main.c ****   /* Reset of all peripherals, Initializes the Flash interface and the Systick. */
 498:Core/Src/main.c ****   HAL_Init();
 499:Core/Src/main.c **** 
 500:Core/Src/main.c ****   /* USER CODE BEGIN Init */
 501:Core/Src/main.c ****   init_LCD();
 502:Core/Src/main.c ****   HAL_Delay(50); // Give LCD time to initialize
 503:Core/Src/main.c ****   /* USER CODE END Init */
 504:Core/Src/main.c **** 
 505:Core/Src/main.c ****   /* Configure the system clock */
 506:Core/Src/main.c ****   SystemClock_Config();
 507:Core/Src/main.c **** 
 508:Core/Src/main.c ****   /* USER CODE BEGIN SysInit */
 509:Core/Src/main.c **** 
 510:Core/Src/main.c ****   /* USER CODE END SysInit */
 511:Core/Src/main.c **** 
 512:Core/Src/main.c ****   /* Initialize all configured peripherals */
 513:Core/Src/main.c ****   MX_GPIO_Init();
 514:Core/Src/main.c ****   MX_DMA_Init();
 515:Core/Src/main.c ****   MX_TIM2_Init();
 516:Core/Src/main.c ****   MX_TIM3_Init();
 517:Core/Src/main.c ****   /* USER CODE BEGIN 2 */
 518:Core/Src/main.c ****   // TODO: Start TIM3 in PWM mode on channel 3
 519:Core/Src/main.c ****   HAL_TIM_PWM_Start(&htim3, TIM_CHANNEL_3);
 520:Core/Src/main.c ****   // TODO: Start TIM2 in Output Compare (OC) mode on channel 1
 521:Core/Src/main.c ****   HAL_TIM_OC_Start(&htim2, TIM_CHANNEL_1);
 522:Core/Src/main.c ****   // TODO: Start DMA in IT mode on TIM2->CH1. Source is LUT and Dest is TIM3->CCR3; start with Sine
 523:Core/Src/main.c ****   HAL_DMA_Start_IT(&hdma_tim2_ch1, (uint32_t)Sin_LUT, DestAddress, NS);
 524:Core/Src/main.c ****   // TODO: Write current waveform to LCD(Sine is the first waveform)
 525:Core/Src/main.c ****   lcd_command(CLEAR);
 526:Core/Src/main.c ****   lcd_putstring("Sine"); 
 527:Core/Src/main.c ****   // TODO: Enable DMA (start transfer from LUT to CCR)
 528:Core/Src/main.c ****   __HAL_TIM_ENABLE_DMA(&htim2, TIM_DMA_CC1);
 529:Core/Src/main.c ****   /* USER CODE END 2 */
 530:Core/Src/main.c **** 
 531:Core/Src/main.c ****   /* Infinite loop */
 532:Core/Src/main.c ****   /* USER CODE BEGIN WHILE */
 533:Core/Src/main.c ****   while (1)
 534:Core/Src/main.c ****   {
 535:Core/Src/main.c ****     /* USER CODE END WHILE */
 536:Core/Src/main.c **** 
 537:Core/Src/main.c ****     /* USER CODE BEGIN 3 */
 538:Core/Src/main.c ****   }
 539:Core/Src/main.c ****   /* USER CODE END 3 */
 540:Core/Src/main.c **** }
 541:Core/Src/main.c **** 
 542:Core/Src/main.c **** /**
 543:Core/Src/main.c ****   * @brief System Clock Configuration
 544:Core/Src/main.c ****   * @retval None
ARM GAS  C:\Users\rosto\AppData\Local\Temp\cciuoPym.s 			page 11


 545:Core/Src/main.c ****   */
 546:Core/Src/main.c **** void SystemClock_Config(void)
 547:Core/Src/main.c **** {
 548:Core/Src/main.c ****   RCC_OscInitTypeDef RCC_OscInitStruct = {0};
 549:Core/Src/main.c ****   RCC_ClkInitTypeDef RCC_ClkInitStruct = {0};
 550:Core/Src/main.c **** 
 551:Core/Src/main.c ****   /** Configure the main internal regulator output voltage
 552:Core/Src/main.c ****   */
 553:Core/Src/main.c ****   __HAL_RCC_PWR_CLK_ENABLE();
 554:Core/Src/main.c ****   __HAL_PWR_VOLTAGESCALING_CONFIG(PWR_REGULATOR_VOLTAGE_SCALE3);
 555:Core/Src/main.c **** 
 556:Core/Src/main.c ****   /** Initializes the RCC Oscillators according to the specified parameters
 557:Core/Src/main.c ****   * in the RCC_OscInitTypeDef structure.
 558:Core/Src/main.c ****   */
 559:Core/Src/main.c ****   RCC_OscInitStruct.OscillatorType = RCC_OSCILLATORTYPE_HSI;
 560:Core/Src/main.c ****   RCC_OscInitStruct.HSIState = RCC_HSI_ON;
 561:Core/Src/main.c ****   RCC_OscInitStruct.HSICalibrationValue = RCC_HSICALIBRATION_DEFAULT;
 562:Core/Src/main.c ****   RCC_OscInitStruct.PLL.PLLState = RCC_PLL_NONE;
 563:Core/Src/main.c ****   if (HAL_RCC_OscConfig(&RCC_OscInitStruct) != HAL_OK)
 564:Core/Src/main.c ****   {
 565:Core/Src/main.c ****     Error_Handler();
 566:Core/Src/main.c ****   }
 567:Core/Src/main.c **** 
 568:Core/Src/main.c ****   /** Initializes the CPU, AHB and APB buses clocks
 569:Core/Src/main.c ****   */
 570:Core/Src/main.c ****   RCC_ClkInitStruct.ClockType = RCC_CLOCKTYPE_HCLK|RCC_CLOCKTYPE_SYSCLK
 571:Core/Src/main.c ****                               |RCC_CLOCKTYPE_PCLK1|RCC_CLOCKTYPE_PCLK2;
 572:Core/Src/main.c ****   RCC_ClkInitStruct.SYSCLKSource = RCC_SYSCLKSOURCE_HSI;
 573:Core/Src/main.c ****   RCC_ClkInitStruct.AHBCLKDivider = RCC_SYSCLK_DIV1;
 574:Core/Src/main.c ****   RCC_ClkInitStruct.APB1CLKDivider = RCC_HCLK_DIV1;
 575:Core/Src/main.c ****   RCC_ClkInitStruct.APB2CLKDivider = RCC_HCLK_DIV1;
 576:Core/Src/main.c **** 
 577:Core/Src/main.c ****   if (HAL_RCC_ClockConfig(&RCC_ClkInitStruct, FLASH_LATENCY_0) != HAL_OK)
 578:Core/Src/main.c ****   {
 579:Core/Src/main.c ****     Error_Handler();
 580:Core/Src/main.c ****   }
 581:Core/Src/main.c **** }
 582:Core/Src/main.c **** 
 583:Core/Src/main.c **** /**
 584:Core/Src/main.c ****   * @brief TIM2 Initialization Function
 585:Core/Src/main.c ****   * @param None
 586:Core/Src/main.c ****   * @retval None
 587:Core/Src/main.c ****   */
 588:Core/Src/main.c **** static void MX_TIM2_Init(void)
 589:Core/Src/main.c **** {
 590:Core/Src/main.c **** 
 591:Core/Src/main.c ****   /* USER CODE BEGIN TIM2_Init 0 */
 592:Core/Src/main.c **** 
 593:Core/Src/main.c ****   /* USER CODE END TIM2_Init 0 */
 594:Core/Src/main.c **** 
 595:Core/Src/main.c ****   TIM_ClockConfigTypeDef sClockSourceConfig = {0};
 596:Core/Src/main.c ****   TIM_MasterConfigTypeDef sMasterConfig = {0};
 597:Core/Src/main.c ****   TIM_OC_InitTypeDef sConfigOC = {0};
 598:Core/Src/main.c **** 
 599:Core/Src/main.c ****   /* USER CODE BEGIN TIM2_Init 1 */
 600:Core/Src/main.c **** 
 601:Core/Src/main.c ****   /* USER CODE END TIM2_Init 1 */
ARM GAS  C:\Users\rosto\AppData\Local\Temp\cciuoPym.s 			page 12


 602:Core/Src/main.c ****   htim2.Instance = TIM2;
 603:Core/Src/main.c ****   htim2.Init.Prescaler = 0;
 604:Core/Src/main.c ****   htim2.Init.CounterMode = TIM_COUNTERMODE_UP;
 605:Core/Src/main.c ****   htim2.Init.Period = TIM2_Ticks - 1;
 606:Core/Src/main.c ****   htim2.Init.ClockDivision = TIM_CLOCKDIVISION_DIV1;
 607:Core/Src/main.c ****   htim2.Init.AutoReloadPreload = TIM_AUTORELOAD_PRELOAD_DISABLE;
 608:Core/Src/main.c ****   if (HAL_TIM_Base_Init(&htim2) != HAL_OK)
 609:Core/Src/main.c ****   {
 610:Core/Src/main.c ****     Error_Handler();
 611:Core/Src/main.c ****   }
 612:Core/Src/main.c ****   sClockSourceConfig.ClockSource = TIM_CLOCKSOURCE_INTERNAL;
 613:Core/Src/main.c ****   if (HAL_TIM_ConfigClockSource(&htim2, &sClockSourceConfig) != HAL_OK)
 614:Core/Src/main.c ****   {
 615:Core/Src/main.c ****     Error_Handler();
 616:Core/Src/main.c ****   }
 617:Core/Src/main.c ****   if (HAL_TIM_OC_Init(&htim2) != HAL_OK)
 618:Core/Src/main.c ****   {
 619:Core/Src/main.c ****     Error_Handler();
 620:Core/Src/main.c ****   }
 621:Core/Src/main.c ****   sMasterConfig.MasterOutputTrigger = TIM_TRGO_RESET;
 622:Core/Src/main.c ****   sMasterConfig.MasterSlaveMode = TIM_MASTERSLAVEMODE_DISABLE;
 623:Core/Src/main.c ****   if (HAL_TIMEx_MasterConfigSynchronization(&htim2, &sMasterConfig) != HAL_OK)
 624:Core/Src/main.c ****   {
 625:Core/Src/main.c ****     Error_Handler();
 626:Core/Src/main.c ****   }
 627:Core/Src/main.c ****   sConfigOC.OCMode = TIM_OCMODE_TIMING;
 628:Core/Src/main.c ****   sConfigOC.Pulse = 0;
 629:Core/Src/main.c ****   sConfigOC.OCPolarity = TIM_OCPOLARITY_HIGH;
 630:Core/Src/main.c ****   sConfigOC.OCFastMode = TIM_OCFAST_DISABLE;
 631:Core/Src/main.c ****   if (HAL_TIM_OC_ConfigChannel(&htim2, &sConfigOC, TIM_CHANNEL_1) != HAL_OK)
 632:Core/Src/main.c ****   {
 633:Core/Src/main.c ****     Error_Handler();
 634:Core/Src/main.c ****   }
 635:Core/Src/main.c ****   /* USER CODE BEGIN TIM2_Init 2 */
 636:Core/Src/main.c ****   /* TIM2_CH1 DMA Init */
 637:Core/Src/main.c ****   __HAL_RCC_DMA1_CLK_ENABLE();
 638:Core/Src/main.c **** 
 639:Core/Src/main.c ****   hdma_tim2_ch1.Instance = DMA1_Stream5;
 640:Core/Src/main.c ****   hdma_tim2_ch1.Init.Channel = DMA_CHANNEL_3;         // TIM2_CH1 is on channel 3
 641:Core/Src/main.c ****   hdma_tim2_ch1.Init.Direction = DMA_MEMORY_TO_PERIPH; // Memory -> TIM3->CCR3
 642:Core/Src/main.c ****   hdma_tim2_ch1.Init.PeriphInc = DMA_PINC_DISABLE;    // Peripheral address fixed
 643:Core/Src/main.c ****   hdma_tim2_ch1.Init.MemInc = DMA_MINC_ENABLE;        // Memory address increments
 644:Core/Src/main.c ****   hdma_tim2_ch1.Init.PeriphDataAlignment = DMA_PDATAALIGN_WORD;
 645:Core/Src/main.c ****   hdma_tim2_ch1.Init.MemDataAlignment = DMA_MDATAALIGN_WORD;
 646:Core/Src/main.c ****   hdma_tim2_ch1.Init.Mode = DMA_CIRCULAR;            // Repeat LUT automatically
 647:Core/Src/main.c ****   hdma_tim2_ch1.Init.Priority = DMA_PRIORITY_HIGH;
 648:Core/Src/main.c ****   hdma_tim2_ch1.Init.FIFOMode = DMA_FIFOMODE_DISABLE;
 649:Core/Src/main.c **** 
 650:Core/Src/main.c ****   if (HAL_DMA_Init(&hdma_tim2_ch1) != HAL_OK)
 651:Core/Src/main.c ****   {
 652:Core/Src/main.c ****       Error_Handler();
 653:Core/Src/main.c ****   }
 654:Core/Src/main.c **** 
 655:Core/Src/main.c ****   /* Link DMA handle to TIM2 handle */
 656:Core/Src/main.c ****   __HAL_LINKDMA(&htim2, hdma[TIM_DMA_ID_CC1], hdma_tim2_ch1);
 657:Core/Src/main.c ****   /* USER CODE END TIM2_Init 2 */
 658:Core/Src/main.c **** 
ARM GAS  C:\Users\rosto\AppData\Local\Temp\cciuoPym.s 			page 13


 659:Core/Src/main.c **** }
 660:Core/Src/main.c **** 
 661:Core/Src/main.c **** /**
 662:Core/Src/main.c ****   * @brief TIM3 Initialization Function
 663:Core/Src/main.c ****   * @param None
 664:Core/Src/main.c ****   * @retval None
 665:Core/Src/main.c ****   */
 666:Core/Src/main.c **** static void MX_TIM3_Init(void)
 667:Core/Src/main.c **** {
 668:Core/Src/main.c **** 
 669:Core/Src/main.c ****   /* USER CODE BEGIN TIM3_Init 0 */
 670:Core/Src/main.c **** 
 671:Core/Src/main.c ****   /* USER CODE END TIM3_Init 0 */
 672:Core/Src/main.c **** 
 673:Core/Src/main.c ****   TIM_ClockConfigTypeDef sClockSourceConfig = {0};
 674:Core/Src/main.c ****   TIM_MasterConfigTypeDef sMasterConfig = {0};
 675:Core/Src/main.c ****   TIM_OC_InitTypeDef sConfigOC = {0};
 676:Core/Src/main.c **** 
 677:Core/Src/main.c ****   /* USER CODE BEGIN TIM3_Init 1 */
 678:Core/Src/main.c **** 
 679:Core/Src/main.c ****   /* USER CODE END TIM3_Init 1 */
 680:Core/Src/main.c ****   htim3.Instance = TIM3;
 681:Core/Src/main.c ****   htim3.Init.Prescaler = 0;
 682:Core/Src/main.c ****   htim3.Init.CounterMode = TIM_COUNTERMODE_UP;
 683:Core/Src/main.c ****   htim3.Init.Period = 4095;
 684:Core/Src/main.c ****   htim3.Init.ClockDivision = TIM_CLOCKDIVISION_DIV1;
 685:Core/Src/main.c ****   htim3.Init.AutoReloadPreload = TIM_AUTORELOAD_PRELOAD_DISABLE;
 686:Core/Src/main.c ****   if (HAL_TIM_Base_Init(&htim3) != HAL_OK)
 687:Core/Src/main.c ****   {
 688:Core/Src/main.c ****     Error_Handler();
 689:Core/Src/main.c ****   }
 690:Core/Src/main.c ****   sClockSourceConfig.ClockSource = TIM_CLOCKSOURCE_INTERNAL;
 691:Core/Src/main.c ****   if (HAL_TIM_ConfigClockSource(&htim3, &sClockSourceConfig) != HAL_OK)
 692:Core/Src/main.c ****   {
 693:Core/Src/main.c ****     Error_Handler();
 694:Core/Src/main.c ****   }
 695:Core/Src/main.c ****   if (HAL_TIM_PWM_Init(&htim3) != HAL_OK)
 696:Core/Src/main.c ****   {
 697:Core/Src/main.c ****     Error_Handler();
 698:Core/Src/main.c ****   }
 699:Core/Src/main.c ****   sMasterConfig.MasterOutputTrigger = TIM_TRGO_RESET;
 700:Core/Src/main.c ****   sMasterConfig.MasterSlaveMode = TIM_MASTERSLAVEMODE_DISABLE;
 701:Core/Src/main.c ****   if (HAL_TIMEx_MasterConfigSynchronization(&htim3, &sMasterConfig) != HAL_OK)
 702:Core/Src/main.c ****   {
 703:Core/Src/main.c ****     Error_Handler();
 704:Core/Src/main.c ****   }
 705:Core/Src/main.c ****   sConfigOC.OCMode = TIM_OCMODE_PWM1;
 706:Core/Src/main.c ****   sConfigOC.Pulse = 0;
 707:Core/Src/main.c ****   sConfigOC.OCPolarity = TIM_OCPOLARITY_HIGH;
 708:Core/Src/main.c ****   sConfigOC.OCFastMode = TIM_OCFAST_DISABLE;
 709:Core/Src/main.c ****   if (HAL_TIM_PWM_ConfigChannel(&htim3, &sConfigOC, TIM_CHANNEL_3) != HAL_OK)
 710:Core/Src/main.c ****   {
 711:Core/Src/main.c ****     Error_Handler();
 712:Core/Src/main.c ****   }
 713:Core/Src/main.c ****   /* USER CODE BEGIN TIM3_Init 2 */
 714:Core/Src/main.c **** 
 715:Core/Src/main.c ****   /* USER CODE END TIM3_Init 2 */
ARM GAS  C:\Users\rosto\AppData\Local\Temp\cciuoPym.s 			page 14


 716:Core/Src/main.c ****   HAL_TIM_MspPostInit(&htim3);
 717:Core/Src/main.c **** 
 718:Core/Src/main.c **** }
 719:Core/Src/main.c **** 
 720:Core/Src/main.c **** /**
 721:Core/Src/main.c ****   * Enable DMA controller clock
 722:Core/Src/main.c ****   */
 723:Core/Src/main.c **** static void MX_DMA_Init(void)
 724:Core/Src/main.c **** {
 725:Core/Src/main.c **** 
 726:Core/Src/main.c ****   /* DMA controller clock enable */
 727:Core/Src/main.c ****   __HAL_RCC_DMA1_CLK_ENABLE();
 728:Core/Src/main.c **** 
 729:Core/Src/main.c ****   /* DMA interrupt init */
 730:Core/Src/main.c ****   /* DMA1_Stream5_IRQn interrupt configuration */
 731:Core/Src/main.c ****   HAL_NVIC_SetPriority(DMA1_Stream5_IRQn, 0, 0);
 732:Core/Src/main.c ****   HAL_NVIC_EnableIRQ(DMA1_Stream5_IRQn);
 733:Core/Src/main.c **** 
 734:Core/Src/main.c **** }
 735:Core/Src/main.c **** 
 736:Core/Src/main.c **** /**
 737:Core/Src/main.c ****   * @brief GPIO Initialization Function
 738:Core/Src/main.c ****   * @param None
 739:Core/Src/main.c ****   * @retval None
 740:Core/Src/main.c ****   */
 741:Core/Src/main.c **** static void MX_GPIO_Init(void)
 742:Core/Src/main.c **** {
  28              		.loc 1 742 1 view -0
  29              		.cfi_startproc
  30              		@ args = 0, pretend = 0, frame = 32
  31              		@ frame_needed = 0, uses_anonymous_args = 0
  32 0000 2DE9F04F 		push	{r4, r5, r6, r7, r8, r9, r10, fp, lr}
  33              	.LCFI0:
  34              		.cfi_def_cfa_offset 36
  35              		.cfi_offset 4, -36
  36              		.cfi_offset 5, -32
  37              		.cfi_offset 6, -28
  38              		.cfi_offset 7, -24
  39              		.cfi_offset 8, -20
  40              		.cfi_offset 9, -16
  41              		.cfi_offset 10, -12
  42              		.cfi_offset 11, -8
  43              		.cfi_offset 14, -4
  44 0004 89B0     		sub	sp, sp, #36
  45              	.LCFI1:
  46              		.cfi_def_cfa_offset 72
 743:Core/Src/main.c ****   GPIO_InitTypeDef GPIO_InitStruct = {0};
  47              		.loc 1 743 3 view .LVU1
  48              		.loc 1 743 20 is_stmt 0 view .LVU2
  49 0006 0024     		movs	r4, #0
  50 0008 0394     		str	r4, [sp, #12]
  51 000a 0494     		str	r4, [sp, #16]
  52 000c 0594     		str	r4, [sp, #20]
  53 000e 0694     		str	r4, [sp, #24]
  54 0010 0794     		str	r4, [sp, #28]
 744:Core/Src/main.c ****   /* USER CODE BEGIN MX_GPIO_Init_1 */
 745:Core/Src/main.c **** 
ARM GAS  C:\Users\rosto\AppData\Local\Temp\cciuoPym.s 			page 15


 746:Core/Src/main.c ****   /* USER CODE END MX_GPIO_Init_1 */
 747:Core/Src/main.c **** 
 748:Core/Src/main.c ****   /* GPIO Ports Clock Enable */
 749:Core/Src/main.c ****   __HAL_RCC_GPIOH_CLK_ENABLE();
  55              		.loc 1 749 3 is_stmt 1 view .LVU3
  56              	.LBB4:
  57              		.loc 1 749 3 view .LVU4
  58 0012 0094     		str	r4, [sp]
  59              		.loc 1 749 3 view .LVU5
  60 0014 2F4B     		ldr	r3, .L3
  61 0016 1A6B     		ldr	r2, [r3, #48]
  62 0018 42F08002 		orr	r2, r2, #128
  63 001c 1A63     		str	r2, [r3, #48]
  64              		.loc 1 749 3 view .LVU6
  65 001e 1A6B     		ldr	r2, [r3, #48]
  66 0020 02F08002 		and	r2, r2, #128
  67 0024 0092     		str	r2, [sp]
  68              		.loc 1 749 3 view .LVU7
  69 0026 009A     		ldr	r2, [sp]
  70              	.LBE4:
  71              		.loc 1 749 3 view .LVU8
 750:Core/Src/main.c ****   __HAL_RCC_GPIOA_CLK_ENABLE();
  72              		.loc 1 750 3 view .LVU9
  73              	.LBB5:
  74              		.loc 1 750 3 view .LVU10
  75 0028 0194     		str	r4, [sp, #4]
  76              		.loc 1 750 3 view .LVU11
  77 002a 1A6B     		ldr	r2, [r3, #48]
  78 002c 42F00102 		orr	r2, r2, #1
  79 0030 1A63     		str	r2, [r3, #48]
  80              		.loc 1 750 3 view .LVU12
  81 0032 1A6B     		ldr	r2, [r3, #48]
  82 0034 02F00102 		and	r2, r2, #1
  83 0038 0192     		str	r2, [sp, #4]
  84              		.loc 1 750 3 view .LVU13
  85 003a 019A     		ldr	r2, [sp, #4]
  86              	.LBE5:
  87              		.loc 1 750 3 view .LVU14
 751:Core/Src/main.c ****   __HAL_RCC_GPIOB_CLK_ENABLE();
  88              		.loc 1 751 3 view .LVU15
  89              	.LBB6:
  90              		.loc 1 751 3 view .LVU16
  91 003c 0294     		str	r4, [sp, #8]
  92              		.loc 1 751 3 view .LVU17
  93 003e 1A6B     		ldr	r2, [r3, #48]
  94 0040 42F00202 		orr	r2, r2, #2
  95 0044 1A63     		str	r2, [r3, #48]
  96              		.loc 1 751 3 view .LVU18
  97 0046 1B6B     		ldr	r3, [r3, #48]
  98 0048 03F00203 		and	r3, r3, #2
  99 004c 0293     		str	r3, [sp, #8]
 100              		.loc 1 751 3 view .LVU19
 101 004e 029B     		ldr	r3, [sp, #8]
 102              	.LBE6:
 103              		.loc 1 751 3 view .LVU20
 752:Core/Src/main.c **** 
 753:Core/Src/main.c ****   // -------------------------------
ARM GAS  C:\Users\rosto\AppData\Local\Temp\cciuoPym.s 			page 16


 754:Core/Src/main.c ****   // LCD pins configuration
 755:Core/Src/main.c ****   // -------------------------------
 756:Core/Src/main.c ****   // Configure PC14 (RS) and PC15 (E) as output push-pull
 757:Core/Src/main.c ****   GPIO_InitStruct.Pin = GPIO_PIN_14 | GPIO_PIN_15;
 104              		.loc 1 757 3 view .LVU21
 105              		.loc 1 757 23 is_stmt 0 view .LVU22
 106 0050 4FF4404B 		mov	fp, #49152
 107 0054 CDF80CB0 		str	fp, [sp, #12]
 758:Core/Src/main.c ****   GPIO_InitStruct.Mode = GPIO_MODE_OUTPUT_PP;
 108              		.loc 1 758 3 is_stmt 1 view .LVU23
 109              		.loc 1 758 24 is_stmt 0 view .LVU24
 110 0058 0126     		movs	r6, #1
 111 005a 0496     		str	r6, [sp, #16]
 759:Core/Src/main.c ****   GPIO_InitStruct.Pull = GPIO_NOPULL;
 112              		.loc 1 759 3 is_stmt 1 view .LVU25
 760:Core/Src/main.c ****   GPIO_InitStruct.Speed = GPIO_SPEED_FREQ_LOW;
 113              		.loc 1 760 3 view .LVU26
 761:Core/Src/main.c ****   HAL_GPIO_Init(GPIOC, &GPIO_InitStruct);
 114              		.loc 1 761 3 view .LVU27
 115 005c DFF87CA0 		ldr	r10, .L3+8
 116 0060 03A9     		add	r1, sp, #12
 117 0062 5046     		mov	r0, r10
 118 0064 FFF7FEFF 		bl	HAL_GPIO_Init
 119              	.LVL0:
 762:Core/Src/main.c **** 
 763:Core/Src/main.c ****   // Configure PB8 (D4) and PB9 (D5) as output push-pull
 764:Core/Src/main.c ****   GPIO_InitStruct.Pin = GPIO_PIN_8 | GPIO_PIN_9;
 120              		.loc 1 764 3 view .LVU28
 121              		.loc 1 764 23 is_stmt 0 view .LVU29
 122 0068 4FF44079 		mov	r9, #768
 123 006c CDF80C90 		str	r9, [sp, #12]
 765:Core/Src/main.c ****   HAL_GPIO_Init(GPIOB, &GPIO_InitStruct);
 124              		.loc 1 765 3 is_stmt 1 view .LVU30
 125 0070 DFF86C80 		ldr	r8, .L3+12
 126 0074 03A9     		add	r1, sp, #12
 127 0076 4046     		mov	r0, r8
 128 0078 FFF7FEFF 		bl	HAL_GPIO_Init
 129              	.LVL1:
 766:Core/Src/main.c **** 
 767:Core/Src/main.c ****   // Configure PA12 (D6) and PA15 (D7) as output push-pull
 768:Core/Src/main.c ****   GPIO_InitStruct.Pin = GPIO_PIN_12 | GPIO_PIN_15;
 130              		.loc 1 768 3 view .LVU31
 131              		.loc 1 768 23 is_stmt 0 view .LVU32
 132 007c 4FF41047 		mov	r7, #36864
 133 0080 0397     		str	r7, [sp, #12]
 769:Core/Src/main.c ****   HAL_GPIO_Init(GPIOA, &GPIO_InitStruct);
 134              		.loc 1 769 3 is_stmt 1 view .LVU33
 135 0082 154D     		ldr	r5, .L3+4
 136 0084 03A9     		add	r1, sp, #12
 137 0086 2846     		mov	r0, r5
 138 0088 FFF7FEFF 		bl	HAL_GPIO_Init
 139              	.LVL2:
 770:Core/Src/main.c **** 
 771:Core/Src/main.c ****   // Set all LCD pins LOW initially
 772:Core/Src/main.c ****   HAL_GPIO_WritePin(GPIOC, GPIO_PIN_14 | GPIO_PIN_15, GPIO_PIN_RESET);
 140              		.loc 1 772 3 view .LVU34
 141 008c 2246     		mov	r2, r4
ARM GAS  C:\Users\rosto\AppData\Local\Temp\cciuoPym.s 			page 17


 142 008e 5946     		mov	r1, fp
 143 0090 5046     		mov	r0, r10
 144 0092 FFF7FEFF 		bl	HAL_GPIO_WritePin
 145              	.LVL3:
 773:Core/Src/main.c ****   HAL_GPIO_WritePin(GPIOB, GPIO_PIN_8 | GPIO_PIN_9, GPIO_PIN_RESET);
 146              		.loc 1 773 3 view .LVU35
 147 0096 2246     		mov	r2, r4
 148 0098 4946     		mov	r1, r9
 149 009a 4046     		mov	r0, r8
 150 009c FFF7FEFF 		bl	HAL_GPIO_WritePin
 151              	.LVL4:
 774:Core/Src/main.c ****   HAL_GPIO_WritePin(GPIOA, GPIO_PIN_12 | GPIO_PIN_15, GPIO_PIN_RESET);
 152              		.loc 1 774 3 view .LVU36
 153 00a0 2246     		mov	r2, r4
 154 00a2 3946     		mov	r1, r7
 155 00a4 2846     		mov	r0, r5
 156 00a6 FFF7FEFF 		bl	HAL_GPIO_WritePin
 157              	.LVL5:
 775:Core/Src/main.c **** 
 776:Core/Src/main.c **** 
 777:Core/Src/main.c ****   // -------------------------------
 778:Core/Src/main.c ****   // Button0 configuration (PA0)
 779:Core/Src/main.c ****   // -------------------------------
 780:Core/Src/main.c ****   GPIO_InitStruct.Pin = Button0_Pin;
 158              		.loc 1 780 3 view .LVU37
 159              		.loc 1 780 23 is_stmt 0 view .LVU38
 160 00aa 0396     		str	r6, [sp, #12]
 781:Core/Src/main.c ****   GPIO_InitStruct.Mode = GPIO_MODE_IT_RISING; // Interrupt on rising edge
 161              		.loc 1 781 3 is_stmt 1 view .LVU39
 162              		.loc 1 781 24 is_stmt 0 view .LVU40
 163 00ac 4FF48813 		mov	r3, #1114112
 164 00b0 0493     		str	r3, [sp, #16]
 782:Core/Src/main.c ****   GPIO_InitStruct.Pull = GPIO_PULLUP;         // Use pull-up resistor
 165              		.loc 1 782 3 is_stmt 1 view .LVU41
 166              		.loc 1 782 24 is_stmt 0 view .LVU42
 167 00b2 0596     		str	r6, [sp, #20]
 783:Core/Src/main.c ****   HAL_GPIO_Init(GPIOA, &GPIO_InitStruct);
 168              		.loc 1 783 3 is_stmt 1 view .LVU43
 169 00b4 03A9     		add	r1, sp, #12
 170 00b6 2846     		mov	r0, r5
 171 00b8 FFF7FEFF 		bl	HAL_GPIO_Init
 172              	.LVL6:
 784:Core/Src/main.c **** 
 785:Core/Src/main.c ****   // Enable and set EXTI line 0 interrupt priority
 786:Core/Src/main.c ****   HAL_NVIC_SetPriority(EXTI0_IRQn, 2, 0);
 173              		.loc 1 786 3 view .LVU44
 174 00bc 2246     		mov	r2, r4
 175 00be 0221     		movs	r1, #2
 176 00c0 0620     		movs	r0, #6
 177 00c2 FFF7FEFF 		bl	HAL_NVIC_SetPriority
 178              	.LVL7:
 787:Core/Src/main.c ****   HAL_NVIC_EnableIRQ(EXTI0_IRQn);
 179              		.loc 1 787 3 view .LVU45
 180 00c6 0620     		movs	r0, #6
 181 00c8 FFF7FEFF 		bl	HAL_NVIC_EnableIRQ
 182              	.LVL8:
 788:Core/Src/main.c **** 
ARM GAS  C:\Users\rosto\AppData\Local\Temp\cciuoPym.s 			page 18


 789:Core/Src/main.c ****   /* USER CODE END MX_GPIO_Init_2 */
 790:Core/Src/main.c **** }
 183              		.loc 1 790 1 is_stmt 0 view .LVU46
 184 00cc 09B0     		add	sp, sp, #36
 185              	.LCFI2:
 186              		.cfi_def_cfa_offset 36
 187              		@ sp needed
 188 00ce BDE8F08F 		pop	{r4, r5, r6, r7, r8, r9, r10, fp, pc}
 189              	.L4:
 190 00d2 00BF     		.align	2
 191              	.L3:
 192 00d4 00380240 		.word	1073887232
 193 00d8 00000240 		.word	1073872896
 194 00dc 00080240 		.word	1073874944
 195 00e0 00040240 		.word	1073873920
 196              		.cfi_endproc
 197              	.LFE142:
 199              		.section	.text.MX_DMA_Init,"ax",%progbits
 200              		.align	1
 201              		.syntax unified
 202              		.thumb
 203              		.thumb_func
 205              	MX_DMA_Init:
 206              	.LFB141:
 724:Core/Src/main.c **** 
 207              		.loc 1 724 1 is_stmt 1 view -0
 208              		.cfi_startproc
 209              		@ args = 0, pretend = 0, frame = 8
 210              		@ frame_needed = 0, uses_anonymous_args = 0
 211 0000 00B5     		push	{lr}
 212              	.LCFI3:
 213              		.cfi_def_cfa_offset 4
 214              		.cfi_offset 14, -4
 215 0002 83B0     		sub	sp, sp, #12
 216              	.LCFI4:
 217              		.cfi_def_cfa_offset 16
 727:Core/Src/main.c **** 
 218              		.loc 1 727 3 view .LVU48
 219              	.LBB7:
 727:Core/Src/main.c **** 
 220              		.loc 1 727 3 view .LVU49
 221 0004 0021     		movs	r1, #0
 222 0006 0191     		str	r1, [sp, #4]
 727:Core/Src/main.c **** 
 223              		.loc 1 727 3 view .LVU50
 224 0008 094B     		ldr	r3, .L7
 225 000a 1A6B     		ldr	r2, [r3, #48]
 226 000c 42F40012 		orr	r2, r2, #2097152
 227 0010 1A63     		str	r2, [r3, #48]
 727:Core/Src/main.c **** 
 228              		.loc 1 727 3 view .LVU51
 229 0012 1B6B     		ldr	r3, [r3, #48]
 230 0014 03F40013 		and	r3, r3, #2097152
 231 0018 0193     		str	r3, [sp, #4]
 727:Core/Src/main.c **** 
 232              		.loc 1 727 3 view .LVU52
 233 001a 019B     		ldr	r3, [sp, #4]
ARM GAS  C:\Users\rosto\AppData\Local\Temp\cciuoPym.s 			page 19


 234              	.LBE7:
 727:Core/Src/main.c **** 
 235              		.loc 1 727 3 view .LVU53
 731:Core/Src/main.c ****   HAL_NVIC_EnableIRQ(DMA1_Stream5_IRQn);
 236              		.loc 1 731 3 view .LVU54
 237 001c 0A46     		mov	r2, r1
 238 001e 1020     		movs	r0, #16
 239 0020 FFF7FEFF 		bl	HAL_NVIC_SetPriority
 240              	.LVL9:
 732:Core/Src/main.c **** 
 241              		.loc 1 732 3 view .LVU55
 242 0024 1020     		movs	r0, #16
 243 0026 FFF7FEFF 		bl	HAL_NVIC_EnableIRQ
 244              	.LVL10:
 734:Core/Src/main.c **** 
 245              		.loc 1 734 1 is_stmt 0 view .LVU56
 246 002a 03B0     		add	sp, sp, #12
 247              	.LCFI5:
 248              		.cfi_def_cfa_offset 4
 249              		@ sp needed
 250 002c 5DF804FB 		ldr	pc, [sp], #4
 251              	.L8:
 252              		.align	2
 253              	.L7:
 254 0030 00380240 		.word	1073887232
 255              		.cfi_endproc
 256              	.LFE141:
 258              		.section	.rodata.EXTI0_IRQHandler.str1.4,"aMS",%progbits,1
 259              		.align	2
 260              	.LC0:
 261 0000 53696E65 		.ascii	"Sine\000"
 261      00
 262 0005 000000   		.align	2
 263              	.LC1:
 264 0008 53617774 		.ascii	"Sawtooth\000"
 264      6F6F7468 
 264      00
 265 0011 000000   		.align	2
 266              	.LC2:
 267 0014 54726961 		.ascii	"Triangle\000"
 267      6E676C65 
 267      00
 268 001d 000000   		.align	2
 269              	.LC3:
 270 0020 5069616E 		.ascii	"Piano\000"
 270      6F00
 271 0026 0000     		.align	2
 272              	.LC4:
 273 0028 47756974 		.ascii	"Guitar\000"
 273      617200
 274 002f 00       		.align	2
 275              	.LC5:
 276 0030 4472756D 		.ascii	"Drums\000"
 276      7300
 277              		.section	.text.EXTI0_IRQHandler,"ax",%progbits
 278              		.align	1
 279              		.global	EXTI0_IRQHandler
ARM GAS  C:\Users\rosto\AppData\Local\Temp\cciuoPym.s 			page 20


 280              		.syntax unified
 281              		.thumb
 282              		.thumb_func
 284              	EXTI0_IRQHandler:
 285              	.LFB143:
 791:Core/Src/main.c **** 
 792:Core/Src/main.c **** /* USER CODE BEGIN 4 */
 793:Core/Src/main.c **** void EXTI0_IRQHandler(void){
 286              		.loc 1 793 28 is_stmt 1 view -0
 287              		.cfi_startproc
 288              		@ args = 0, pretend = 0, frame = 0
 289              		@ frame_needed = 0, uses_anonymous_args = 0
 290 0000 70B5     		push	{r4, r5, r6, lr}
 291              	.LCFI6:
 292              		.cfi_def_cfa_offset 16
 293              		.cfi_offset 4, -16
 294              		.cfi_offset 5, -12
 295              		.cfi_offset 6, -8
 296              		.cfi_offset 14, -4
 794:Core/Src/main.c **** 
 795:Core/Src/main.c **** 	// TODO: Debounce using HAL_GetTick()
 796:Core/Src/main.c ****   current_tick = HAL_GetTick();
 297              		.loc 1 796 3 view .LVU58
 298              		.loc 1 796 18 is_stmt 0 view .LVU59
 299 0002 FFF7FEFF 		bl	HAL_GetTick
 300              	.LVL11:
 301              		.loc 1 796 16 discriminator 1 view .LVU60
 302 0006 354B     		ldr	r3, .L22
 303 0008 1860     		str	r0, [r3]
 797:Core/Src/main.c **** 
 798:Core/Src/main.c ****   if (current_tick - last_button_press < 200){
 304              		.loc 1 798 3 is_stmt 1 view .LVU61
 305              		.loc 1 798 20 is_stmt 0 view .LVU62
 306 000a 354B     		ldr	r3, .L22+4
 307 000c 1B68     		ldr	r3, [r3]
 308 000e C31A     		subs	r3, r0, r3
 309              		.loc 1 798 6 view .LVU63
 310 0010 C72B     		cmp	r3, #199
 311 0012 1ED9     		bls	.L21
 799:Core/Src/main.c ****     HAL_GPIO_EXTI_IRQHandler(Button0_Pin); //clear interrupt flags
 800:Core/Src/main.c ****     return;
 801:Core/Src/main.c ****   }
 802:Core/Src/main.c **** 
 803:Core/Src/main.c ****   last_button_press = current_tick;
 312              		.loc 1 803 3 is_stmt 1 view .LVU64
 313              		.loc 1 803 21 is_stmt 0 view .LVU65
 314 0014 324B     		ldr	r3, .L22+4
 315 0016 1860     		str	r0, [r3]
 804:Core/Src/main.c **** 
 805:Core/Src/main.c **** 	// TODO: Disable DMA transfer and abort IT, then start DMA in IT mode with new LUT and re-enable t
 806:Core/Src/main.c **** 	// HINT: Consider using C's "switch" function to handle LUT changes
 807:Core/Src/main.c ****   __HAL_TIM_DISABLE_DMA(&htim2, TIM_DMA_CC1);
 316              		.loc 1 807 3 is_stmt 1 view .LVU66
 317 0018 324B     		ldr	r3, .L22+8
 318 001a 1A68     		ldr	r2, [r3]
 319 001c D368     		ldr	r3, [r2, #12]
 320 001e 23F40073 		bic	r3, r3, #512
ARM GAS  C:\Users\rosto\AppData\Local\Temp\cciuoPym.s 			page 21


 321 0022 D360     		str	r3, [r2, #12]
 808:Core/Src/main.c ****   HAL_DMA_Abort_IT(&hdma_tim2_ch1);
 322              		.loc 1 808 3 view .LVU67
 323 0024 3048     		ldr	r0, .L22+12
 324 0026 FFF7FEFF 		bl	HAL_DMA_Abort_IT
 325              	.LVL12:
 809:Core/Src/main.c **** 
 810:Core/Src/main.c ****   current_waveform = (current_waveform + 1) % 6;
 326              		.loc 1 810 3 view .LVU68
 327              		.loc 1 810 40 is_stmt 0 view .LVU69
 328 002a 3049     		ldr	r1, .L22+16
 329 002c 0A78     		ldrb	r2, [r1]	@ zero_extendqisi2
 330 002e 0132     		adds	r2, r2, #1
 331              		.loc 1 810 45 view .LVU70
 332 0030 2F4B     		ldr	r3, .L22+20
 333 0032 83FB0203 		smull	r0, r3, r3, r2
 334 0036 03EB4303 		add	r3, r3, r3, lsl #1
 335 003a A2EB4303 		sub	r3, r2, r3, lsl #1
 336              		.loc 1 810 20 view .LVU71
 337 003e DBB2     		uxtb	r3, r3
 338 0040 0B70     		strb	r3, [r1]
 811:Core/Src/main.c **** 
 812:Core/Src/main.c ****   uint32_t *selected_lut;
 339              		.loc 1 812 3 is_stmt 1 view .LVU72
 813:Core/Src/main.c ****   char *waveform_name;
 340              		.loc 1 813 3 view .LVU73
 814:Core/Src/main.c ****   uint32_t frequency;
 341              		.loc 1 814 3 view .LVU74
 815:Core/Src/main.c **** 
 816:Core/Src/main.c ****   switch(current_waveform){
 342              		.loc 1 816 3 view .LVU75
 343 0042 013B     		subs	r3, r3, #1
 344 0044 042B     		cmp	r3, #4
 345 0046 08D8     		bhi	.L12
 346 0048 DFE803F0 		tbb	[pc, r3]
 347              	.L14:
 348 004c 20       		.byte	(.L19-.L14)/2
 349 004d 0C       		.byte	(.L17-.L14)/2
 350 004e 11       		.byte	(.L16-.L14)/2
 351 004f 16       		.byte	(.L15-.L14)/2
 352 0050 1B       		.byte	(.L13-.L14)/2
 353 0051 00       		.p2align 1
 354              	.L21:
 799:Core/Src/main.c ****     return;
 355              		.loc 1 799 5 view .LVU76
 356 0052 0120     		movs	r0, #1
 357 0054 FFF7FEFF 		bl	HAL_GPIO_EXTI_IRQHandler
 358              	.LVL13:
 800:Core/Src/main.c ****   }
 359              		.loc 1 800 5 view .LVU77
 360 0058 3EE0     		b	.L9
 361              	.L12:
 362              		.loc 1 816 3 is_stmt 0 view .LVU78
 363 005a 4FF47A72 		mov	r2, #1000
 364 005e 254E     		ldr	r6, .L22+24
 365 0060 254D     		ldr	r5, .L22+28
 366 0062 17E0     		b	.L18
ARM GAS  C:\Users\rosto\AppData\Local\Temp\cciuoPym.s 			page 22


 367              	.L17:
 817:Core/Src/main.c ****     case 0:
 818:Core/Src/main.c ****       selected_lut = Sin_LUT;
 819:Core/Src/main.c ****       waveform_name = "Sine";
 820:Core/Src/main.c ****       frequency = F_SIGNAL;
 821:Core/Src/main.c ****       break;
 822:Core/Src/main.c **** 
 823:Core/Src/main.c ****     case 1:
 824:Core/Src/main.c ****       selected_lut = Saw_LUT;
 825:Core/Src/main.c ****       waveform_name = "Sawtooth";
 826:Core/Src/main.c ****       frequency = F_SIGNAL;
 827:Core/Src/main.c ****       break;
 828:Core/Src/main.c **** 
 829:Core/Src/main.c ****     case 2:
 830:Core/Src/main.c ****       selected_lut = Triangle_LUT;
 368              		.loc 1 830 7 is_stmt 1 view .LVU79
 369              	.LVL14:
 831:Core/Src/main.c ****       waveform_name = "Triangle";
 370              		.loc 1 831 7 view .LVU80
 832:Core/Src/main.c ****       frequency = F_SIGNAL;
 371              		.loc 1 832 7 view .LVU81
 833:Core/Src/main.c ****       break;
 372              		.loc 1 833 7 view .LVU82
 832:Core/Src/main.c ****       frequency = F_SIGNAL;
 373              		.loc 1 832 17 is_stmt 0 view .LVU83
 374 0064 4FF47A72 		mov	r2, #1000
 831:Core/Src/main.c ****       waveform_name = "Triangle";
 375              		.loc 1 831 21 view .LVU84
 376 0068 244E     		ldr	r6, .L22+32
 830:Core/Src/main.c ****       waveform_name = "Triangle";
 377              		.loc 1 830 20 view .LVU85
 378 006a 254D     		ldr	r5, .L22+36
 379              		.loc 1 833 7 view .LVU86
 380 006c 12E0     		b	.L18
 381              	.LVL15:
 382              	.L16:
 834:Core/Src/main.c **** 
 835:Core/Src/main.c ****     case 3:
 836:Core/Src/main.c ****       selected_lut = Piano_LUT;
 383              		.loc 1 836 7 is_stmt 1 view .LVU87
 837:Core/Src/main.c ****       waveform_name = "Piano";
 384              		.loc 1 837 7 view .LVU88
 838:Core/Src/main.c ****       frequency = 500;
 385              		.loc 1 838 7 view .LVU89
 839:Core/Src/main.c ****       break;
 386              		.loc 1 839 7 view .LVU90
 838:Core/Src/main.c ****       frequency = 500;
 387              		.loc 1 838 17 is_stmt 0 view .LVU91
 388 006e 4FF4FA72 		mov	r2, #500
 837:Core/Src/main.c ****       waveform_name = "Piano";
 389              		.loc 1 837 21 view .LVU92
 390 0072 244E     		ldr	r6, .L22+40
 836:Core/Src/main.c ****       waveform_name = "Piano";
 391              		.loc 1 836 20 view .LVU93
 392 0074 244D     		ldr	r5, .L22+44
 393              		.loc 1 839 7 view .LVU94
 394 0076 0DE0     		b	.L18
ARM GAS  C:\Users\rosto\AppData\Local\Temp\cciuoPym.s 			page 23


 395              	.LVL16:
 396              	.L15:
 840:Core/Src/main.c **** 
 841:Core/Src/main.c ****     case 4:
 842:Core/Src/main.c ****       selected_lut = Guitar_LUT;
 397              		.loc 1 842 7 is_stmt 1 view .LVU95
 843:Core/Src/main.c ****       waveform_name = "Guitar";
 398              		.loc 1 843 7 view .LVU96
 844:Core/Src/main.c ****       frequency = 500;
 399              		.loc 1 844 7 view .LVU97
 845:Core/Src/main.c ****       break;
 400              		.loc 1 845 7 view .LVU98
 844:Core/Src/main.c ****       frequency = 500;
 401              		.loc 1 844 17 is_stmt 0 view .LVU99
 402 0078 4FF4FA72 		mov	r2, #500
 843:Core/Src/main.c ****       waveform_name = "Guitar";
 403              		.loc 1 843 21 view .LVU100
 404 007c 234E     		ldr	r6, .L22+48
 842:Core/Src/main.c ****       waveform_name = "Guitar";
 405              		.loc 1 842 20 view .LVU101
 406 007e 244D     		ldr	r5, .L22+52
 407              		.loc 1 845 7 view .LVU102
 408 0080 08E0     		b	.L18
 409              	.LVL17:
 410              	.L13:
 846:Core/Src/main.c **** 
 847:Core/Src/main.c ****     case 5:
 848:Core/Src/main.c ****       selected_lut = Drum_LUT;
 411              		.loc 1 848 7 is_stmt 1 view .LVU103
 849:Core/Src/main.c ****       waveform_name = "Drums";
 412              		.loc 1 849 7 view .LVU104
 850:Core/Src/main.c ****       frequency = 500;
 413              		.loc 1 850 7 view .LVU105
 851:Core/Src/main.c ****       break;
 414              		.loc 1 851 7 view .LVU106
 850:Core/Src/main.c ****       frequency = 500;
 415              		.loc 1 850 17 is_stmt 0 view .LVU107
 416 0082 4FF4FA72 		mov	r2, #500
 849:Core/Src/main.c ****       waveform_name = "Drums";
 417              		.loc 1 849 21 view .LVU108
 418 0086 234E     		ldr	r6, .L22+56
 848:Core/Src/main.c ****       waveform_name = "Drums";
 419              		.loc 1 848 20 view .LVU109
 420 0088 234D     		ldr	r5, .L22+60
 421              		.loc 1 851 7 view .LVU110
 422 008a 03E0     		b	.L18
 423              	.LVL18:
 424              	.L19:
 826:Core/Src/main.c ****       break;
 425              		.loc 1 826 17 view .LVU111
 426 008c 4FF47A72 		mov	r2, #1000
 825:Core/Src/main.c ****       frequency = F_SIGNAL;
 427              		.loc 1 825 21 view .LVU112
 428 0090 224E     		ldr	r6, .L22+64
 824:Core/Src/main.c ****       waveform_name = "Sawtooth";
 429              		.loc 1 824 20 view .LVU113
 430 0092 234D     		ldr	r5, .L22+68
ARM GAS  C:\Users\rosto\AppData\Local\Temp\cciuoPym.s 			page 24


 431              	.L18:
 432              	.LVL19:
 852:Core/Src/main.c **** 
 853:Core/Src/main.c ****     default:
 854:Core/Src/main.c ****       selected_lut = Sin_LUT;
 855:Core/Src/main.c ****       waveform_name = "Sine";
 856:Core/Src/main.c ****       frequency = F_SIGNAL;
 857:Core/Src/main.c ****   }
 858:Core/Src/main.c **** 
 859:Core/Src/main.c ****   TIM2_Ticks = TIM2CLK / (NS * frequency);
 433              		.loc 1 859 3 is_stmt 1 view .LVU114
 434              		.loc 1 859 30 is_stmt 0 view .LVU115
 435 0094 9202     		lsls	r2, r2, #10
 436              	.LVL20:
 437              		.loc 1 859 24 view .LVU116
 438 0096 234B     		ldr	r3, .L22+72
 439 0098 B3FBF2F3 		udiv	r3, r3, r2
 440              		.loc 1 859 14 view .LVU117
 441 009c 224A     		ldr	r2, .L22+76
 442 009e 1360     		str	r3, [r2]
 860:Core/Src/main.c ****   htim2.Init.Period = TIM2_Ticks - 1;
 443              		.loc 1 860 3 is_stmt 1 view .LVU118
 444              		.loc 1 860 34 is_stmt 0 view .LVU119
 445 00a0 013B     		subs	r3, r3, #1
 446              		.loc 1 860 21 view .LVU120
 447 00a2 104C     		ldr	r4, .L22+8
 448 00a4 E360     		str	r3, [r4, #12]
 861:Core/Src/main.c ****   HAL_TIM_Base_Init(&htim2);
 449              		.loc 1 861 3 is_stmt 1 view .LVU121
 450 00a6 2046     		mov	r0, r4
 451 00a8 FFF7FEFF 		bl	HAL_TIM_Base_Init
 452              	.LVL21:
 862:Core/Src/main.c **** 
 863:Core/Src/main.c ****   lcd_command(CLEAR);
 453              		.loc 1 863 3 view .LVU122
 454 00ac 0120     		movs	r0, #1
 455 00ae FFF7FEFF 		bl	lcd_command
 456              	.LVL22:
 864:Core/Src/main.c ****   lcd_putstring(waveform_name);
 457              		.loc 1 864 3 view .LVU123
 458 00b2 3046     		mov	r0, r6
 459 00b4 FFF7FEFF 		bl	lcd_putstring
 460              	.LVL23:
 865:Core/Src/main.c **** 
 866:Core/Src/main.c ****   HAL_DMA_Start_IT(&hdma_tim2_ch1, (uint32_t)selected_lut, DestAddress, NS);
 461              		.loc 1 866 3 view .LVU124
 462 00b8 4FF48063 		mov	r3, #1024
 463 00bc 1B4A     		ldr	r2, .L22+80
 464 00be 1268     		ldr	r2, [r2]
 465 00c0 2946     		mov	r1, r5
 466 00c2 0948     		ldr	r0, .L22+12
 467 00c4 FFF7FEFF 		bl	HAL_DMA_Start_IT
 468              	.LVL24:
 867:Core/Src/main.c **** 
 868:Core/Src/main.c ****   __HAL_TIM_ENABLE_DMA(&htim2,TIM_DMA_CC1);
 469              		.loc 1 868 3 view .LVU125
 470 00c8 2268     		ldr	r2, [r4]
ARM GAS  C:\Users\rosto\AppData\Local\Temp\cciuoPym.s 			page 25


 471 00ca D368     		ldr	r3, [r2, #12]
 472 00cc 43F40073 		orr	r3, r3, #512
 473 00d0 D360     		str	r3, [r2, #12]
 869:Core/Src/main.c **** 
 870:Core/Src/main.c ****   HAL_GPIO_EXTI_IRQHandler(Button0_Pin);
 474              		.loc 1 870 3 view .LVU126
 475 00d2 0120     		movs	r0, #1
 476 00d4 FFF7FEFF 		bl	HAL_GPIO_EXTI_IRQHandler
 477              	.LVL25:
 478              	.L9:
 871:Core/Src/main.c **** }
 479              		.loc 1 871 1 is_stmt 0 view .LVU127
 480 00d8 70BD     		pop	{r4, r5, r6, pc}
 481              	.L23:
 482 00da 00BF     		.align	2
 483              	.L22:
 484 00dc 00000000 		.word	current_tick
 485 00e0 00000000 		.word	last_button_press
 486 00e4 00000000 		.word	htim2
 487 00e8 00000000 		.word	hdma_tim2_ch1
 488 00ec 00000000 		.word	current_waveform
 489 00f0 ABAAAA2A 		.word	715827883
 490 00f4 00000000 		.word	.LC0
 491 00f8 00000000 		.word	Sin_LUT
 492 00fc 14000000 		.word	.LC2
 493 0100 00000000 		.word	Triangle_LUT
 494 0104 20000000 		.word	.LC3
 495 0108 00000000 		.word	Piano_LUT
 496 010c 28000000 		.word	.LC4
 497 0110 00000000 		.word	Guitar_LUT
 498 0114 30000000 		.word	.LC5
 499 0118 00000000 		.word	Drum_LUT
 500 011c 08000000 		.word	.LC1
 501 0120 00000000 		.word	Saw_LUT
 502 0124 0024F400 		.word	16000000
 503 0128 00000000 		.word	TIM2_Ticks
 504 012c 00000000 		.word	DestAddress
 505              		.cfi_endproc
 506              	.LFE143:
 508              		.section	.text.Error_Handler,"ax",%progbits
 509              		.align	1
 510              		.global	Error_Handler
 511              		.syntax unified
 512              		.thumb
 513              		.thumb_func
 515              	Error_Handler:
 516              	.LFB144:
 872:Core/Src/main.c **** /* USER CODE END 4 */
 873:Core/Src/main.c **** 
 874:Core/Src/main.c **** /**
 875:Core/Src/main.c ****   * @brief  This function is executed in case of error occurrence.
 876:Core/Src/main.c ****   * @retval None
 877:Core/Src/main.c ****   */
 878:Core/Src/main.c **** void Error_Handler(void)
 879:Core/Src/main.c **** {
 517              		.loc 1 879 1 is_stmt 1 view -0
 518              		.cfi_startproc
ARM GAS  C:\Users\rosto\AppData\Local\Temp\cciuoPym.s 			page 26


 519              		@ Volatile: function does not return.
 520              		@ args = 0, pretend = 0, frame = 0
 521              		@ frame_needed = 0, uses_anonymous_args = 0
 522              		@ link register save eliminated.
 880:Core/Src/main.c ****   /* USER CODE BEGIN Error_Handler_Debug */
 881:Core/Src/main.c ****   /* User can add his own implementation to report the HAL error return state */
 882:Core/Src/main.c ****   __disable_irq();
 523              		.loc 1 882 3 view .LVU129
 524              	.LBB8:
 525              	.LBI8:
 526              		.file 2 "Drivers/CMSIS/Include/cmsis_gcc.h"
   1:Drivers/CMSIS/Include/cmsis_gcc.h **** /**************************************************************************//**
   2:Drivers/CMSIS/Include/cmsis_gcc.h ****  * @file     cmsis_gcc.h
   3:Drivers/CMSIS/Include/cmsis_gcc.h ****  * @brief    CMSIS compiler GCC header file
   4:Drivers/CMSIS/Include/cmsis_gcc.h ****  * @version  V5.4.1
   5:Drivers/CMSIS/Include/cmsis_gcc.h ****  * @date     27. May 2021
   6:Drivers/CMSIS/Include/cmsis_gcc.h ****  ******************************************************************************/
   7:Drivers/CMSIS/Include/cmsis_gcc.h **** /*
   8:Drivers/CMSIS/Include/cmsis_gcc.h ****  * Copyright (c) 2009-2021 Arm Limited. All rights reserved.
   9:Drivers/CMSIS/Include/cmsis_gcc.h ****  *
  10:Drivers/CMSIS/Include/cmsis_gcc.h ****  * SPDX-License-Identifier: Apache-2.0
  11:Drivers/CMSIS/Include/cmsis_gcc.h ****  *
  12:Drivers/CMSIS/Include/cmsis_gcc.h ****  * Licensed under the Apache License, Version 2.0 (the License); you may
  13:Drivers/CMSIS/Include/cmsis_gcc.h ****  * not use this file except in compliance with the License.
  14:Drivers/CMSIS/Include/cmsis_gcc.h ****  * You may obtain a copy of the License at
  15:Drivers/CMSIS/Include/cmsis_gcc.h ****  *
  16:Drivers/CMSIS/Include/cmsis_gcc.h ****  * www.apache.org/licenses/LICENSE-2.0
  17:Drivers/CMSIS/Include/cmsis_gcc.h ****  *
  18:Drivers/CMSIS/Include/cmsis_gcc.h ****  * Unless required by applicable law or agreed to in writing, software
  19:Drivers/CMSIS/Include/cmsis_gcc.h ****  * distributed under the License is distributed on an AS IS BASIS, WITHOUT
  20:Drivers/CMSIS/Include/cmsis_gcc.h ****  * WARRANTIES OR CONDITIONS OF ANY KIND, either express or implied.
  21:Drivers/CMSIS/Include/cmsis_gcc.h ****  * See the License for the specific language governing permissions and
  22:Drivers/CMSIS/Include/cmsis_gcc.h ****  * limitations under the License.
  23:Drivers/CMSIS/Include/cmsis_gcc.h ****  */
  24:Drivers/CMSIS/Include/cmsis_gcc.h **** 
  25:Drivers/CMSIS/Include/cmsis_gcc.h **** #ifndef __CMSIS_GCC_H
  26:Drivers/CMSIS/Include/cmsis_gcc.h **** #define __CMSIS_GCC_H
  27:Drivers/CMSIS/Include/cmsis_gcc.h **** 
  28:Drivers/CMSIS/Include/cmsis_gcc.h **** /* ignore some GCC warnings */
  29:Drivers/CMSIS/Include/cmsis_gcc.h **** #pragma GCC diagnostic push
  30:Drivers/CMSIS/Include/cmsis_gcc.h **** #pragma GCC diagnostic ignored "-Wsign-conversion"
  31:Drivers/CMSIS/Include/cmsis_gcc.h **** #pragma GCC diagnostic ignored "-Wconversion"
  32:Drivers/CMSIS/Include/cmsis_gcc.h **** #pragma GCC diagnostic ignored "-Wunused-parameter"
  33:Drivers/CMSIS/Include/cmsis_gcc.h **** 
  34:Drivers/CMSIS/Include/cmsis_gcc.h **** /* Fallback for __has_builtin */
  35:Drivers/CMSIS/Include/cmsis_gcc.h **** #ifndef __has_builtin
  36:Drivers/CMSIS/Include/cmsis_gcc.h ****   #define __has_builtin(x) (0)
  37:Drivers/CMSIS/Include/cmsis_gcc.h **** #endif
  38:Drivers/CMSIS/Include/cmsis_gcc.h **** 
  39:Drivers/CMSIS/Include/cmsis_gcc.h **** /* CMSIS compiler specific defines */
  40:Drivers/CMSIS/Include/cmsis_gcc.h **** #ifndef   __ASM
  41:Drivers/CMSIS/Include/cmsis_gcc.h ****   #define __ASM                                  __asm
  42:Drivers/CMSIS/Include/cmsis_gcc.h **** #endif
  43:Drivers/CMSIS/Include/cmsis_gcc.h **** #ifndef   __INLINE
  44:Drivers/CMSIS/Include/cmsis_gcc.h ****   #define __INLINE                               inline
  45:Drivers/CMSIS/Include/cmsis_gcc.h **** #endif
  46:Drivers/CMSIS/Include/cmsis_gcc.h **** #ifndef   __STATIC_INLINE
ARM GAS  C:\Users\rosto\AppData\Local\Temp\cciuoPym.s 			page 27


  47:Drivers/CMSIS/Include/cmsis_gcc.h ****   #define __STATIC_INLINE                        static inline
  48:Drivers/CMSIS/Include/cmsis_gcc.h **** #endif
  49:Drivers/CMSIS/Include/cmsis_gcc.h **** #ifndef   __STATIC_FORCEINLINE
  50:Drivers/CMSIS/Include/cmsis_gcc.h ****   #define __STATIC_FORCEINLINE                   __attribute__((always_inline)) static inline
  51:Drivers/CMSIS/Include/cmsis_gcc.h **** #endif
  52:Drivers/CMSIS/Include/cmsis_gcc.h **** #ifndef   __NO_RETURN
  53:Drivers/CMSIS/Include/cmsis_gcc.h ****   #define __NO_RETURN                            __attribute__((__noreturn__))
  54:Drivers/CMSIS/Include/cmsis_gcc.h **** #endif
  55:Drivers/CMSIS/Include/cmsis_gcc.h **** #ifndef   __USED
  56:Drivers/CMSIS/Include/cmsis_gcc.h ****   #define __USED                                 __attribute__((used))
  57:Drivers/CMSIS/Include/cmsis_gcc.h **** #endif
  58:Drivers/CMSIS/Include/cmsis_gcc.h **** #ifndef   __WEAK
  59:Drivers/CMSIS/Include/cmsis_gcc.h ****   #define __WEAK                                 __attribute__((weak))
  60:Drivers/CMSIS/Include/cmsis_gcc.h **** #endif
  61:Drivers/CMSIS/Include/cmsis_gcc.h **** #ifndef   __PACKED
  62:Drivers/CMSIS/Include/cmsis_gcc.h ****   #define __PACKED                               __attribute__((packed, aligned(1)))
  63:Drivers/CMSIS/Include/cmsis_gcc.h **** #endif
  64:Drivers/CMSIS/Include/cmsis_gcc.h **** #ifndef   __PACKED_STRUCT
  65:Drivers/CMSIS/Include/cmsis_gcc.h ****   #define __PACKED_STRUCT                        struct __attribute__((packed, aligned(1)))
  66:Drivers/CMSIS/Include/cmsis_gcc.h **** #endif
  67:Drivers/CMSIS/Include/cmsis_gcc.h **** #ifndef   __PACKED_UNION
  68:Drivers/CMSIS/Include/cmsis_gcc.h ****   #define __PACKED_UNION                         union __attribute__((packed, aligned(1)))
  69:Drivers/CMSIS/Include/cmsis_gcc.h **** #endif
  70:Drivers/CMSIS/Include/cmsis_gcc.h **** #ifndef   __UNALIGNED_UINT32        /* deprecated */
  71:Drivers/CMSIS/Include/cmsis_gcc.h ****   #pragma GCC diagnostic push
  72:Drivers/CMSIS/Include/cmsis_gcc.h ****   #pragma GCC diagnostic ignored "-Wpacked"
  73:Drivers/CMSIS/Include/cmsis_gcc.h ****   #pragma GCC diagnostic ignored "-Wattributes"
  74:Drivers/CMSIS/Include/cmsis_gcc.h ****   struct __attribute__((packed)) T_UINT32 { uint32_t v; };
  75:Drivers/CMSIS/Include/cmsis_gcc.h ****   #pragma GCC diagnostic pop
  76:Drivers/CMSIS/Include/cmsis_gcc.h ****   #define __UNALIGNED_UINT32(x)                  (((struct T_UINT32 *)(x))->v)
  77:Drivers/CMSIS/Include/cmsis_gcc.h **** #endif
  78:Drivers/CMSIS/Include/cmsis_gcc.h **** #ifndef   __UNALIGNED_UINT16_WRITE
  79:Drivers/CMSIS/Include/cmsis_gcc.h ****   #pragma GCC diagnostic push
  80:Drivers/CMSIS/Include/cmsis_gcc.h ****   #pragma GCC diagnostic ignored "-Wpacked"
  81:Drivers/CMSIS/Include/cmsis_gcc.h ****   #pragma GCC diagnostic ignored "-Wattributes"
  82:Drivers/CMSIS/Include/cmsis_gcc.h ****   __PACKED_STRUCT T_UINT16_WRITE { uint16_t v; };
  83:Drivers/CMSIS/Include/cmsis_gcc.h ****   #pragma GCC diagnostic pop
  84:Drivers/CMSIS/Include/cmsis_gcc.h ****   #define __UNALIGNED_UINT16_WRITE(addr, val)    (void)((((struct T_UINT16_WRITE *)(void *)(addr))-
  85:Drivers/CMSIS/Include/cmsis_gcc.h **** #endif
  86:Drivers/CMSIS/Include/cmsis_gcc.h **** #ifndef   __UNALIGNED_UINT16_READ
  87:Drivers/CMSIS/Include/cmsis_gcc.h ****   #pragma GCC diagnostic push
  88:Drivers/CMSIS/Include/cmsis_gcc.h ****   #pragma GCC diagnostic ignored "-Wpacked"
  89:Drivers/CMSIS/Include/cmsis_gcc.h ****   #pragma GCC diagnostic ignored "-Wattributes"
  90:Drivers/CMSIS/Include/cmsis_gcc.h ****   __PACKED_STRUCT T_UINT16_READ { uint16_t v; };
  91:Drivers/CMSIS/Include/cmsis_gcc.h ****   #pragma GCC diagnostic pop
  92:Drivers/CMSIS/Include/cmsis_gcc.h ****   #define __UNALIGNED_UINT16_READ(addr)          (((const struct T_UINT16_READ *)(const void *)(add
  93:Drivers/CMSIS/Include/cmsis_gcc.h **** #endif
  94:Drivers/CMSIS/Include/cmsis_gcc.h **** #ifndef   __UNALIGNED_UINT32_WRITE
  95:Drivers/CMSIS/Include/cmsis_gcc.h ****   #pragma GCC diagnostic push
  96:Drivers/CMSIS/Include/cmsis_gcc.h ****   #pragma GCC diagnostic ignored "-Wpacked"
  97:Drivers/CMSIS/Include/cmsis_gcc.h ****   #pragma GCC diagnostic ignored "-Wattributes"
  98:Drivers/CMSIS/Include/cmsis_gcc.h ****   __PACKED_STRUCT T_UINT32_WRITE { uint32_t v; };
  99:Drivers/CMSIS/Include/cmsis_gcc.h ****   #pragma GCC diagnostic pop
 100:Drivers/CMSIS/Include/cmsis_gcc.h ****   #define __UNALIGNED_UINT32_WRITE(addr, val)    (void)((((struct T_UINT32_WRITE *)(void *)(addr))-
 101:Drivers/CMSIS/Include/cmsis_gcc.h **** #endif
 102:Drivers/CMSIS/Include/cmsis_gcc.h **** #ifndef   __UNALIGNED_UINT32_READ
 103:Drivers/CMSIS/Include/cmsis_gcc.h ****   #pragma GCC diagnostic push
ARM GAS  C:\Users\rosto\AppData\Local\Temp\cciuoPym.s 			page 28


 104:Drivers/CMSIS/Include/cmsis_gcc.h ****   #pragma GCC diagnostic ignored "-Wpacked"
 105:Drivers/CMSIS/Include/cmsis_gcc.h ****   #pragma GCC diagnostic ignored "-Wattributes"
 106:Drivers/CMSIS/Include/cmsis_gcc.h ****   __PACKED_STRUCT T_UINT32_READ { uint32_t v; };
 107:Drivers/CMSIS/Include/cmsis_gcc.h ****   #pragma GCC diagnostic pop
 108:Drivers/CMSIS/Include/cmsis_gcc.h ****   #define __UNALIGNED_UINT32_READ(addr)          (((const struct T_UINT32_READ *)(const void *)(add
 109:Drivers/CMSIS/Include/cmsis_gcc.h **** #endif
 110:Drivers/CMSIS/Include/cmsis_gcc.h **** #ifndef   __ALIGNED
 111:Drivers/CMSIS/Include/cmsis_gcc.h ****   #define __ALIGNED(x)                           __attribute__((aligned(x)))
 112:Drivers/CMSIS/Include/cmsis_gcc.h **** #endif
 113:Drivers/CMSIS/Include/cmsis_gcc.h **** #ifndef   __RESTRICT
 114:Drivers/CMSIS/Include/cmsis_gcc.h ****   #define __RESTRICT                             __restrict
 115:Drivers/CMSIS/Include/cmsis_gcc.h **** #endif
 116:Drivers/CMSIS/Include/cmsis_gcc.h **** #ifndef   __COMPILER_BARRIER
 117:Drivers/CMSIS/Include/cmsis_gcc.h ****   #define __COMPILER_BARRIER()                   __ASM volatile("":::"memory")
 118:Drivers/CMSIS/Include/cmsis_gcc.h **** #endif
 119:Drivers/CMSIS/Include/cmsis_gcc.h **** 
 120:Drivers/CMSIS/Include/cmsis_gcc.h **** /* #########################  Startup and Lowlevel Init  ######################## */
 121:Drivers/CMSIS/Include/cmsis_gcc.h **** 
 122:Drivers/CMSIS/Include/cmsis_gcc.h **** #ifndef __PROGRAM_START
 123:Drivers/CMSIS/Include/cmsis_gcc.h **** 
 124:Drivers/CMSIS/Include/cmsis_gcc.h **** /**
 125:Drivers/CMSIS/Include/cmsis_gcc.h ****   \brief   Initializes data and bss sections
 126:Drivers/CMSIS/Include/cmsis_gcc.h ****   \details This default implementations initialized all data and additional bss
 127:Drivers/CMSIS/Include/cmsis_gcc.h ****            sections relying on .copy.table and .zero.table specified properly
 128:Drivers/CMSIS/Include/cmsis_gcc.h ****            in the used linker script.
 129:Drivers/CMSIS/Include/cmsis_gcc.h **** 
 130:Drivers/CMSIS/Include/cmsis_gcc.h ****  */
 131:Drivers/CMSIS/Include/cmsis_gcc.h **** __STATIC_FORCEINLINE __NO_RETURN void __cmsis_start(void)
 132:Drivers/CMSIS/Include/cmsis_gcc.h **** {
 133:Drivers/CMSIS/Include/cmsis_gcc.h ****   extern void _start(void) __NO_RETURN;
 134:Drivers/CMSIS/Include/cmsis_gcc.h **** 
 135:Drivers/CMSIS/Include/cmsis_gcc.h ****   typedef struct {
 136:Drivers/CMSIS/Include/cmsis_gcc.h ****     uint32_t const* src;
 137:Drivers/CMSIS/Include/cmsis_gcc.h ****     uint32_t* dest;
 138:Drivers/CMSIS/Include/cmsis_gcc.h ****     uint32_t  wlen;
 139:Drivers/CMSIS/Include/cmsis_gcc.h ****   } __copy_table_t;
 140:Drivers/CMSIS/Include/cmsis_gcc.h **** 
 141:Drivers/CMSIS/Include/cmsis_gcc.h ****   typedef struct {
 142:Drivers/CMSIS/Include/cmsis_gcc.h ****     uint32_t* dest;
 143:Drivers/CMSIS/Include/cmsis_gcc.h ****     uint32_t  wlen;
 144:Drivers/CMSIS/Include/cmsis_gcc.h ****   } __zero_table_t;
 145:Drivers/CMSIS/Include/cmsis_gcc.h **** 
 146:Drivers/CMSIS/Include/cmsis_gcc.h ****   extern const __copy_table_t __copy_table_start__;
 147:Drivers/CMSIS/Include/cmsis_gcc.h ****   extern const __copy_table_t __copy_table_end__;
 148:Drivers/CMSIS/Include/cmsis_gcc.h ****   extern const __zero_table_t __zero_table_start__;
 149:Drivers/CMSIS/Include/cmsis_gcc.h ****   extern const __zero_table_t __zero_table_end__;
 150:Drivers/CMSIS/Include/cmsis_gcc.h **** 
 151:Drivers/CMSIS/Include/cmsis_gcc.h ****   for (__copy_table_t const* pTable = &__copy_table_start__; pTable < &__copy_table_end__; ++pTable
 152:Drivers/CMSIS/Include/cmsis_gcc.h ****     for(uint32_t i=0u; i<pTable->wlen; ++i) {
 153:Drivers/CMSIS/Include/cmsis_gcc.h ****       pTable->dest[i] = pTable->src[i];
 154:Drivers/CMSIS/Include/cmsis_gcc.h ****     }
 155:Drivers/CMSIS/Include/cmsis_gcc.h ****   }
 156:Drivers/CMSIS/Include/cmsis_gcc.h **** 
 157:Drivers/CMSIS/Include/cmsis_gcc.h ****   for (__zero_table_t const* pTable = &__zero_table_start__; pTable < &__zero_table_end__; ++pTable
 158:Drivers/CMSIS/Include/cmsis_gcc.h ****     for(uint32_t i=0u; i<pTable->wlen; ++i) {
 159:Drivers/CMSIS/Include/cmsis_gcc.h ****       pTable->dest[i] = 0u;
 160:Drivers/CMSIS/Include/cmsis_gcc.h ****     }
ARM GAS  C:\Users\rosto\AppData\Local\Temp\cciuoPym.s 			page 29


 161:Drivers/CMSIS/Include/cmsis_gcc.h ****   }
 162:Drivers/CMSIS/Include/cmsis_gcc.h **** 
 163:Drivers/CMSIS/Include/cmsis_gcc.h ****   _start();
 164:Drivers/CMSIS/Include/cmsis_gcc.h **** }
 165:Drivers/CMSIS/Include/cmsis_gcc.h **** 
 166:Drivers/CMSIS/Include/cmsis_gcc.h **** #define __PROGRAM_START           __cmsis_start
 167:Drivers/CMSIS/Include/cmsis_gcc.h **** #endif
 168:Drivers/CMSIS/Include/cmsis_gcc.h **** 
 169:Drivers/CMSIS/Include/cmsis_gcc.h **** #ifndef __INITIAL_SP
 170:Drivers/CMSIS/Include/cmsis_gcc.h **** #define __INITIAL_SP              __StackTop
 171:Drivers/CMSIS/Include/cmsis_gcc.h **** #endif
 172:Drivers/CMSIS/Include/cmsis_gcc.h **** 
 173:Drivers/CMSIS/Include/cmsis_gcc.h **** #ifndef __STACK_LIMIT
 174:Drivers/CMSIS/Include/cmsis_gcc.h **** #define __STACK_LIMIT             __StackLimit
 175:Drivers/CMSIS/Include/cmsis_gcc.h **** #endif
 176:Drivers/CMSIS/Include/cmsis_gcc.h **** 
 177:Drivers/CMSIS/Include/cmsis_gcc.h **** #ifndef __VECTOR_TABLE
 178:Drivers/CMSIS/Include/cmsis_gcc.h **** #define __VECTOR_TABLE            __Vectors
 179:Drivers/CMSIS/Include/cmsis_gcc.h **** #endif
 180:Drivers/CMSIS/Include/cmsis_gcc.h **** 
 181:Drivers/CMSIS/Include/cmsis_gcc.h **** #ifndef __VECTOR_TABLE_ATTRIBUTE
 182:Drivers/CMSIS/Include/cmsis_gcc.h **** #define __VECTOR_TABLE_ATTRIBUTE  __attribute__((used, section(".vectors")))
 183:Drivers/CMSIS/Include/cmsis_gcc.h **** #endif
 184:Drivers/CMSIS/Include/cmsis_gcc.h **** 
 185:Drivers/CMSIS/Include/cmsis_gcc.h **** #if defined (__ARM_FEATURE_CMSE) && (__ARM_FEATURE_CMSE == 3U)
 186:Drivers/CMSIS/Include/cmsis_gcc.h **** #ifndef __STACK_SEAL
 187:Drivers/CMSIS/Include/cmsis_gcc.h **** #define __STACK_SEAL              __StackSeal
 188:Drivers/CMSIS/Include/cmsis_gcc.h **** #endif
 189:Drivers/CMSIS/Include/cmsis_gcc.h **** 
 190:Drivers/CMSIS/Include/cmsis_gcc.h **** #ifndef __TZ_STACK_SEAL_SIZE
 191:Drivers/CMSIS/Include/cmsis_gcc.h **** #define __TZ_STACK_SEAL_SIZE      8U
 192:Drivers/CMSIS/Include/cmsis_gcc.h **** #endif
 193:Drivers/CMSIS/Include/cmsis_gcc.h **** 
 194:Drivers/CMSIS/Include/cmsis_gcc.h **** #ifndef __TZ_STACK_SEAL_VALUE
 195:Drivers/CMSIS/Include/cmsis_gcc.h **** #define __TZ_STACK_SEAL_VALUE     0xFEF5EDA5FEF5EDA5ULL
 196:Drivers/CMSIS/Include/cmsis_gcc.h **** #endif
 197:Drivers/CMSIS/Include/cmsis_gcc.h **** 
 198:Drivers/CMSIS/Include/cmsis_gcc.h **** 
 199:Drivers/CMSIS/Include/cmsis_gcc.h **** __STATIC_FORCEINLINE void __TZ_set_STACKSEAL_S (uint32_t* stackTop) {
 200:Drivers/CMSIS/Include/cmsis_gcc.h ****   *((uint64_t *)stackTop) = __TZ_STACK_SEAL_VALUE;
 201:Drivers/CMSIS/Include/cmsis_gcc.h **** }
 202:Drivers/CMSIS/Include/cmsis_gcc.h **** #endif
 203:Drivers/CMSIS/Include/cmsis_gcc.h **** 
 204:Drivers/CMSIS/Include/cmsis_gcc.h **** 
 205:Drivers/CMSIS/Include/cmsis_gcc.h **** /* ##########################  Core Instruction Access  ######################### */
 206:Drivers/CMSIS/Include/cmsis_gcc.h **** /** \defgroup CMSIS_Core_InstructionInterface CMSIS Core Instruction Interface
 207:Drivers/CMSIS/Include/cmsis_gcc.h ****   Access to dedicated instructions
 208:Drivers/CMSIS/Include/cmsis_gcc.h ****   @{
 209:Drivers/CMSIS/Include/cmsis_gcc.h **** */
 210:Drivers/CMSIS/Include/cmsis_gcc.h **** 
 211:Drivers/CMSIS/Include/cmsis_gcc.h **** /* Define macros for porting to both thumb1 and thumb2.
 212:Drivers/CMSIS/Include/cmsis_gcc.h ****  * For thumb1, use low register (r0-r7), specified by constraint "l"
 213:Drivers/CMSIS/Include/cmsis_gcc.h ****  * Otherwise, use general registers, specified by constraint "r" */
 214:Drivers/CMSIS/Include/cmsis_gcc.h **** #if defined (__thumb__) && !defined (__thumb2__)
 215:Drivers/CMSIS/Include/cmsis_gcc.h **** #define __CMSIS_GCC_OUT_REG(r) "=l" (r)
 216:Drivers/CMSIS/Include/cmsis_gcc.h **** #define __CMSIS_GCC_RW_REG(r) "+l" (r)
 217:Drivers/CMSIS/Include/cmsis_gcc.h **** #define __CMSIS_GCC_USE_REG(r) "l" (r)
ARM GAS  C:\Users\rosto\AppData\Local\Temp\cciuoPym.s 			page 30


 218:Drivers/CMSIS/Include/cmsis_gcc.h **** #else
 219:Drivers/CMSIS/Include/cmsis_gcc.h **** #define __CMSIS_GCC_OUT_REG(r) "=r" (r)
 220:Drivers/CMSIS/Include/cmsis_gcc.h **** #define __CMSIS_GCC_RW_REG(r) "+r" (r)
 221:Drivers/CMSIS/Include/cmsis_gcc.h **** #define __CMSIS_GCC_USE_REG(r) "r" (r)
 222:Drivers/CMSIS/Include/cmsis_gcc.h **** #endif
 223:Drivers/CMSIS/Include/cmsis_gcc.h **** 
 224:Drivers/CMSIS/Include/cmsis_gcc.h **** /**
 225:Drivers/CMSIS/Include/cmsis_gcc.h ****   \brief   No Operation
 226:Drivers/CMSIS/Include/cmsis_gcc.h ****   \details No Operation does nothing. This instruction can be used for code alignment purposes.
 227:Drivers/CMSIS/Include/cmsis_gcc.h ****  */
 228:Drivers/CMSIS/Include/cmsis_gcc.h **** #define __NOP()                             __ASM volatile ("nop")
 229:Drivers/CMSIS/Include/cmsis_gcc.h **** 
 230:Drivers/CMSIS/Include/cmsis_gcc.h **** /**
 231:Drivers/CMSIS/Include/cmsis_gcc.h ****   \brief   Wait For Interrupt
 232:Drivers/CMSIS/Include/cmsis_gcc.h ****   \details Wait For Interrupt is a hint instruction that suspends execution until one of a number o
 233:Drivers/CMSIS/Include/cmsis_gcc.h ****  */
 234:Drivers/CMSIS/Include/cmsis_gcc.h **** #define __WFI()                             __ASM volatile ("wfi":::"memory")
 235:Drivers/CMSIS/Include/cmsis_gcc.h **** 
 236:Drivers/CMSIS/Include/cmsis_gcc.h **** 
 237:Drivers/CMSIS/Include/cmsis_gcc.h **** /**
 238:Drivers/CMSIS/Include/cmsis_gcc.h ****   \brief   Wait For Event
 239:Drivers/CMSIS/Include/cmsis_gcc.h ****   \details Wait For Event is a hint instruction that permits the processor to enter
 240:Drivers/CMSIS/Include/cmsis_gcc.h ****            a low-power state until one of a number of events occurs.
 241:Drivers/CMSIS/Include/cmsis_gcc.h ****  */
 242:Drivers/CMSIS/Include/cmsis_gcc.h **** #define __WFE()                             __ASM volatile ("wfe":::"memory")
 243:Drivers/CMSIS/Include/cmsis_gcc.h **** 
 244:Drivers/CMSIS/Include/cmsis_gcc.h **** 
 245:Drivers/CMSIS/Include/cmsis_gcc.h **** /**
 246:Drivers/CMSIS/Include/cmsis_gcc.h ****   \brief   Send Event
 247:Drivers/CMSIS/Include/cmsis_gcc.h ****   \details Send Event is a hint instruction. It causes an event to be signaled to the CPU.
 248:Drivers/CMSIS/Include/cmsis_gcc.h ****  */
 249:Drivers/CMSIS/Include/cmsis_gcc.h **** #define __SEV()                             __ASM volatile ("sev")
 250:Drivers/CMSIS/Include/cmsis_gcc.h **** 
 251:Drivers/CMSIS/Include/cmsis_gcc.h **** 
 252:Drivers/CMSIS/Include/cmsis_gcc.h **** /**
 253:Drivers/CMSIS/Include/cmsis_gcc.h ****   \brief   Instruction Synchronization Barrier
 254:Drivers/CMSIS/Include/cmsis_gcc.h ****   \details Instruction Synchronization Barrier flushes the pipeline in the processor,
 255:Drivers/CMSIS/Include/cmsis_gcc.h ****            so that all instructions following the ISB are fetched from cache or memory,
 256:Drivers/CMSIS/Include/cmsis_gcc.h ****            after the instruction has been completed.
 257:Drivers/CMSIS/Include/cmsis_gcc.h ****  */
 258:Drivers/CMSIS/Include/cmsis_gcc.h **** __STATIC_FORCEINLINE void __ISB(void)
 259:Drivers/CMSIS/Include/cmsis_gcc.h **** {
 260:Drivers/CMSIS/Include/cmsis_gcc.h ****   __ASM volatile ("isb 0xF":::"memory");
 261:Drivers/CMSIS/Include/cmsis_gcc.h **** }
 262:Drivers/CMSIS/Include/cmsis_gcc.h **** 
 263:Drivers/CMSIS/Include/cmsis_gcc.h **** 
 264:Drivers/CMSIS/Include/cmsis_gcc.h **** /**
 265:Drivers/CMSIS/Include/cmsis_gcc.h ****   \brief   Data Synchronization Barrier
 266:Drivers/CMSIS/Include/cmsis_gcc.h ****   \details Acts as a special kind of Data Memory Barrier.
 267:Drivers/CMSIS/Include/cmsis_gcc.h ****            It completes when all explicit memory accesses before this instruction complete.
 268:Drivers/CMSIS/Include/cmsis_gcc.h ****  */
 269:Drivers/CMSIS/Include/cmsis_gcc.h **** __STATIC_FORCEINLINE void __DSB(void)
 270:Drivers/CMSIS/Include/cmsis_gcc.h **** {
 271:Drivers/CMSIS/Include/cmsis_gcc.h ****   __ASM volatile ("dsb 0xF":::"memory");
 272:Drivers/CMSIS/Include/cmsis_gcc.h **** }
 273:Drivers/CMSIS/Include/cmsis_gcc.h **** 
 274:Drivers/CMSIS/Include/cmsis_gcc.h **** 
ARM GAS  C:\Users\rosto\AppData\Local\Temp\cciuoPym.s 			page 31


 275:Drivers/CMSIS/Include/cmsis_gcc.h **** /**
 276:Drivers/CMSIS/Include/cmsis_gcc.h ****   \brief   Data Memory Barrier
 277:Drivers/CMSIS/Include/cmsis_gcc.h ****   \details Ensures the apparent order of the explicit memory operations before
 278:Drivers/CMSIS/Include/cmsis_gcc.h ****            and after the instruction, without ensuring their completion.
 279:Drivers/CMSIS/Include/cmsis_gcc.h ****  */
 280:Drivers/CMSIS/Include/cmsis_gcc.h **** __STATIC_FORCEINLINE void __DMB(void)
 281:Drivers/CMSIS/Include/cmsis_gcc.h **** {
 282:Drivers/CMSIS/Include/cmsis_gcc.h ****   __ASM volatile ("dmb 0xF":::"memory");
 283:Drivers/CMSIS/Include/cmsis_gcc.h **** }
 284:Drivers/CMSIS/Include/cmsis_gcc.h **** 
 285:Drivers/CMSIS/Include/cmsis_gcc.h **** 
 286:Drivers/CMSIS/Include/cmsis_gcc.h **** /**
 287:Drivers/CMSIS/Include/cmsis_gcc.h ****   \brief   Reverse byte order (32 bit)
 288:Drivers/CMSIS/Include/cmsis_gcc.h ****   \details Reverses the byte order in unsigned integer value. For example, 0x12345678 becomes 0x785
 289:Drivers/CMSIS/Include/cmsis_gcc.h ****   \param [in]    value  Value to reverse
 290:Drivers/CMSIS/Include/cmsis_gcc.h ****   \return               Reversed value
 291:Drivers/CMSIS/Include/cmsis_gcc.h ****  */
 292:Drivers/CMSIS/Include/cmsis_gcc.h **** __STATIC_FORCEINLINE uint32_t __REV(uint32_t value)
 293:Drivers/CMSIS/Include/cmsis_gcc.h **** {
 294:Drivers/CMSIS/Include/cmsis_gcc.h **** #if (__GNUC__ > 4) || (__GNUC__ == 4 && __GNUC_MINOR__ >= 5)
 295:Drivers/CMSIS/Include/cmsis_gcc.h ****   return __builtin_bswap32(value);
 296:Drivers/CMSIS/Include/cmsis_gcc.h **** #else
 297:Drivers/CMSIS/Include/cmsis_gcc.h ****   uint32_t result;
 298:Drivers/CMSIS/Include/cmsis_gcc.h **** 
 299:Drivers/CMSIS/Include/cmsis_gcc.h ****   __ASM ("rev %0, %1" : __CMSIS_GCC_OUT_REG (result) : __CMSIS_GCC_USE_REG (value) );
 300:Drivers/CMSIS/Include/cmsis_gcc.h ****   return result;
 301:Drivers/CMSIS/Include/cmsis_gcc.h **** #endif
 302:Drivers/CMSIS/Include/cmsis_gcc.h **** }
 303:Drivers/CMSIS/Include/cmsis_gcc.h **** 
 304:Drivers/CMSIS/Include/cmsis_gcc.h **** 
 305:Drivers/CMSIS/Include/cmsis_gcc.h **** /**
 306:Drivers/CMSIS/Include/cmsis_gcc.h ****   \brief   Reverse byte order (16 bit)
 307:Drivers/CMSIS/Include/cmsis_gcc.h ****   \details Reverses the byte order within each halfword of a word. For example, 0x12345678 becomes 
 308:Drivers/CMSIS/Include/cmsis_gcc.h ****   \param [in]    value  Value to reverse
 309:Drivers/CMSIS/Include/cmsis_gcc.h ****   \return               Reversed value
 310:Drivers/CMSIS/Include/cmsis_gcc.h ****  */
 311:Drivers/CMSIS/Include/cmsis_gcc.h **** __STATIC_FORCEINLINE uint32_t __REV16(uint32_t value)
 312:Drivers/CMSIS/Include/cmsis_gcc.h **** {
 313:Drivers/CMSIS/Include/cmsis_gcc.h ****   uint32_t result;
 314:Drivers/CMSIS/Include/cmsis_gcc.h **** 
 315:Drivers/CMSIS/Include/cmsis_gcc.h ****   __ASM ("rev16 %0, %1" : __CMSIS_GCC_OUT_REG (result) : __CMSIS_GCC_USE_REG (value) );
 316:Drivers/CMSIS/Include/cmsis_gcc.h ****   return result;
 317:Drivers/CMSIS/Include/cmsis_gcc.h **** }
 318:Drivers/CMSIS/Include/cmsis_gcc.h **** 
 319:Drivers/CMSIS/Include/cmsis_gcc.h **** 
 320:Drivers/CMSIS/Include/cmsis_gcc.h **** /**
 321:Drivers/CMSIS/Include/cmsis_gcc.h ****   \brief   Reverse byte order (16 bit)
 322:Drivers/CMSIS/Include/cmsis_gcc.h ****   \details Reverses the byte order in a 16-bit value and returns the signed 16-bit result. For exam
 323:Drivers/CMSIS/Include/cmsis_gcc.h ****   \param [in]    value  Value to reverse
 324:Drivers/CMSIS/Include/cmsis_gcc.h ****   \return               Reversed value
 325:Drivers/CMSIS/Include/cmsis_gcc.h ****  */
 326:Drivers/CMSIS/Include/cmsis_gcc.h **** __STATIC_FORCEINLINE int16_t __REVSH(int16_t value)
 327:Drivers/CMSIS/Include/cmsis_gcc.h **** {
 328:Drivers/CMSIS/Include/cmsis_gcc.h **** #if (__GNUC__ > 4) || (__GNUC__ == 4 && __GNUC_MINOR__ >= 8)
 329:Drivers/CMSIS/Include/cmsis_gcc.h ****   return (int16_t)__builtin_bswap16(value);
 330:Drivers/CMSIS/Include/cmsis_gcc.h **** #else
 331:Drivers/CMSIS/Include/cmsis_gcc.h ****   int16_t result;
ARM GAS  C:\Users\rosto\AppData\Local\Temp\cciuoPym.s 			page 32


 332:Drivers/CMSIS/Include/cmsis_gcc.h **** 
 333:Drivers/CMSIS/Include/cmsis_gcc.h ****   __ASM ("revsh %0, %1" : __CMSIS_GCC_OUT_REG (result) : __CMSIS_GCC_USE_REG (value) );
 334:Drivers/CMSIS/Include/cmsis_gcc.h ****   return result;
 335:Drivers/CMSIS/Include/cmsis_gcc.h **** #endif
 336:Drivers/CMSIS/Include/cmsis_gcc.h **** }
 337:Drivers/CMSIS/Include/cmsis_gcc.h **** 
 338:Drivers/CMSIS/Include/cmsis_gcc.h **** 
 339:Drivers/CMSIS/Include/cmsis_gcc.h **** /**
 340:Drivers/CMSIS/Include/cmsis_gcc.h ****   \brief   Rotate Right in unsigned value (32 bit)
 341:Drivers/CMSIS/Include/cmsis_gcc.h ****   \details Rotate Right (immediate) provides the value of the contents of a register rotated by a v
 342:Drivers/CMSIS/Include/cmsis_gcc.h ****   \param [in]    op1  Value to rotate
 343:Drivers/CMSIS/Include/cmsis_gcc.h ****   \param [in]    op2  Number of Bits to rotate
 344:Drivers/CMSIS/Include/cmsis_gcc.h ****   \return               Rotated value
 345:Drivers/CMSIS/Include/cmsis_gcc.h ****  */
 346:Drivers/CMSIS/Include/cmsis_gcc.h **** __STATIC_FORCEINLINE uint32_t __ROR(uint32_t op1, uint32_t op2)
 347:Drivers/CMSIS/Include/cmsis_gcc.h **** {
 348:Drivers/CMSIS/Include/cmsis_gcc.h ****   op2 %= 32U;
 349:Drivers/CMSIS/Include/cmsis_gcc.h ****   if (op2 == 0U)
 350:Drivers/CMSIS/Include/cmsis_gcc.h ****   {
 351:Drivers/CMSIS/Include/cmsis_gcc.h ****     return op1;
 352:Drivers/CMSIS/Include/cmsis_gcc.h ****   }
 353:Drivers/CMSIS/Include/cmsis_gcc.h ****   return (op1 >> op2) | (op1 << (32U - op2));
 354:Drivers/CMSIS/Include/cmsis_gcc.h **** }
 355:Drivers/CMSIS/Include/cmsis_gcc.h **** 
 356:Drivers/CMSIS/Include/cmsis_gcc.h **** 
 357:Drivers/CMSIS/Include/cmsis_gcc.h **** /**
 358:Drivers/CMSIS/Include/cmsis_gcc.h ****   \brief   Breakpoint
 359:Drivers/CMSIS/Include/cmsis_gcc.h ****   \details Causes the processor to enter Debug state.
 360:Drivers/CMSIS/Include/cmsis_gcc.h ****            Debug tools can use this to investigate system state when the instruction at a particula
 361:Drivers/CMSIS/Include/cmsis_gcc.h ****   \param [in]    value  is ignored by the processor.
 362:Drivers/CMSIS/Include/cmsis_gcc.h ****                  If required, a debugger can use it to store additional information about the break
 363:Drivers/CMSIS/Include/cmsis_gcc.h ****  */
 364:Drivers/CMSIS/Include/cmsis_gcc.h **** #define __BKPT(value)                       __ASM volatile ("bkpt "#value)
 365:Drivers/CMSIS/Include/cmsis_gcc.h **** 
 366:Drivers/CMSIS/Include/cmsis_gcc.h **** 
 367:Drivers/CMSIS/Include/cmsis_gcc.h **** /**
 368:Drivers/CMSIS/Include/cmsis_gcc.h ****   \brief   Reverse bit order of value
 369:Drivers/CMSIS/Include/cmsis_gcc.h ****   \details Reverses the bit order of the given value.
 370:Drivers/CMSIS/Include/cmsis_gcc.h ****   \param [in]    value  Value to reverse
 371:Drivers/CMSIS/Include/cmsis_gcc.h ****   \return               Reversed value
 372:Drivers/CMSIS/Include/cmsis_gcc.h ****  */
 373:Drivers/CMSIS/Include/cmsis_gcc.h **** __STATIC_FORCEINLINE uint32_t __RBIT(uint32_t value)
 374:Drivers/CMSIS/Include/cmsis_gcc.h **** {
 375:Drivers/CMSIS/Include/cmsis_gcc.h ****   uint32_t result;
 376:Drivers/CMSIS/Include/cmsis_gcc.h **** 
 377:Drivers/CMSIS/Include/cmsis_gcc.h **** #if ((defined (__ARM_ARCH_7M__      ) && (__ARM_ARCH_7M__      == 1)) || \
 378:Drivers/CMSIS/Include/cmsis_gcc.h ****      (defined (__ARM_ARCH_7EM__     ) && (__ARM_ARCH_7EM__     == 1)) || \
 379:Drivers/CMSIS/Include/cmsis_gcc.h ****      (defined (__ARM_ARCH_8M_MAIN__ ) && (__ARM_ARCH_8M_MAIN__ == 1))    )
 380:Drivers/CMSIS/Include/cmsis_gcc.h ****    __ASM ("rbit %0, %1" : "=r" (result) : "r" (value) );
 381:Drivers/CMSIS/Include/cmsis_gcc.h **** #else
 382:Drivers/CMSIS/Include/cmsis_gcc.h ****   uint32_t s = (4U /*sizeof(v)*/ * 8U) - 1U; /* extra shift needed at end */
 383:Drivers/CMSIS/Include/cmsis_gcc.h **** 
 384:Drivers/CMSIS/Include/cmsis_gcc.h ****   result = value;                      /* r will be reversed bits of v; first get LSB of v */
 385:Drivers/CMSIS/Include/cmsis_gcc.h ****   for (value >>= 1U; value != 0U; value >>= 1U)
 386:Drivers/CMSIS/Include/cmsis_gcc.h ****   {
 387:Drivers/CMSIS/Include/cmsis_gcc.h ****     result <<= 1U;
 388:Drivers/CMSIS/Include/cmsis_gcc.h ****     result |= value & 1U;
ARM GAS  C:\Users\rosto\AppData\Local\Temp\cciuoPym.s 			page 33


 389:Drivers/CMSIS/Include/cmsis_gcc.h ****     s--;
 390:Drivers/CMSIS/Include/cmsis_gcc.h ****   }
 391:Drivers/CMSIS/Include/cmsis_gcc.h ****   result <<= s;                        /* shift when v's highest bits are zero */
 392:Drivers/CMSIS/Include/cmsis_gcc.h **** #endif
 393:Drivers/CMSIS/Include/cmsis_gcc.h ****   return result;
 394:Drivers/CMSIS/Include/cmsis_gcc.h **** }
 395:Drivers/CMSIS/Include/cmsis_gcc.h **** 
 396:Drivers/CMSIS/Include/cmsis_gcc.h **** 
 397:Drivers/CMSIS/Include/cmsis_gcc.h **** /**
 398:Drivers/CMSIS/Include/cmsis_gcc.h ****   \brief   Count leading zeros
 399:Drivers/CMSIS/Include/cmsis_gcc.h ****   \details Counts the number of leading zeros of a data value.
 400:Drivers/CMSIS/Include/cmsis_gcc.h ****   \param [in]  value  Value to count the leading zeros
 401:Drivers/CMSIS/Include/cmsis_gcc.h ****   \return             number of leading zeros in value
 402:Drivers/CMSIS/Include/cmsis_gcc.h ****  */
 403:Drivers/CMSIS/Include/cmsis_gcc.h **** __STATIC_FORCEINLINE uint8_t __CLZ(uint32_t value)
 404:Drivers/CMSIS/Include/cmsis_gcc.h **** {
 405:Drivers/CMSIS/Include/cmsis_gcc.h ****   /* Even though __builtin_clz produces a CLZ instruction on ARM, formally
 406:Drivers/CMSIS/Include/cmsis_gcc.h ****      __builtin_clz(0) is undefined behaviour, so handle this case specially.
 407:Drivers/CMSIS/Include/cmsis_gcc.h ****      This guarantees ARM-compatible results if happening to compile on a non-ARM
 408:Drivers/CMSIS/Include/cmsis_gcc.h ****      target, and ensures the compiler doesn't decide to activate any
 409:Drivers/CMSIS/Include/cmsis_gcc.h ****      optimisations using the logic "value was passed to __builtin_clz, so it
 410:Drivers/CMSIS/Include/cmsis_gcc.h ****      is non-zero".
 411:Drivers/CMSIS/Include/cmsis_gcc.h ****      ARM GCC 7.3 and possibly earlier will optimise this test away, leaving a
 412:Drivers/CMSIS/Include/cmsis_gcc.h ****      single CLZ instruction.
 413:Drivers/CMSIS/Include/cmsis_gcc.h ****    */
 414:Drivers/CMSIS/Include/cmsis_gcc.h ****   if (value == 0U)
 415:Drivers/CMSIS/Include/cmsis_gcc.h ****   {
 416:Drivers/CMSIS/Include/cmsis_gcc.h ****     return 32U;
 417:Drivers/CMSIS/Include/cmsis_gcc.h ****   }
 418:Drivers/CMSIS/Include/cmsis_gcc.h ****   return __builtin_clz(value);
 419:Drivers/CMSIS/Include/cmsis_gcc.h **** }
 420:Drivers/CMSIS/Include/cmsis_gcc.h **** 
 421:Drivers/CMSIS/Include/cmsis_gcc.h **** 
 422:Drivers/CMSIS/Include/cmsis_gcc.h **** #if ((defined (__ARM_ARCH_7M__      ) && (__ARM_ARCH_7M__      == 1)) || \
 423:Drivers/CMSIS/Include/cmsis_gcc.h ****      (defined (__ARM_ARCH_7EM__     ) && (__ARM_ARCH_7EM__     == 1)) || \
 424:Drivers/CMSIS/Include/cmsis_gcc.h ****      (defined (__ARM_ARCH_8M_MAIN__ ) && (__ARM_ARCH_8M_MAIN__ == 1)) || \
 425:Drivers/CMSIS/Include/cmsis_gcc.h ****      (defined (__ARM_ARCH_8M_BASE__ ) && (__ARM_ARCH_8M_BASE__ == 1))    )
 426:Drivers/CMSIS/Include/cmsis_gcc.h **** /**
 427:Drivers/CMSIS/Include/cmsis_gcc.h ****   \brief   LDR Exclusive (8 bit)
 428:Drivers/CMSIS/Include/cmsis_gcc.h ****   \details Executes a exclusive LDR instruction for 8 bit value.
 429:Drivers/CMSIS/Include/cmsis_gcc.h ****   \param [in]    ptr  Pointer to data
 430:Drivers/CMSIS/Include/cmsis_gcc.h ****   \return             value of type uint8_t at (*ptr)
 431:Drivers/CMSIS/Include/cmsis_gcc.h ****  */
 432:Drivers/CMSIS/Include/cmsis_gcc.h **** __STATIC_FORCEINLINE uint8_t __LDREXB(volatile uint8_t *addr)
 433:Drivers/CMSIS/Include/cmsis_gcc.h **** {
 434:Drivers/CMSIS/Include/cmsis_gcc.h ****     uint32_t result;
 435:Drivers/CMSIS/Include/cmsis_gcc.h **** 
 436:Drivers/CMSIS/Include/cmsis_gcc.h **** #if (__GNUC__ > 4) || (__GNUC__ == 4 && __GNUC_MINOR__ >= 8)
 437:Drivers/CMSIS/Include/cmsis_gcc.h ****    __ASM volatile ("ldrexb %0, %1" : "=r" (result) : "Q" (*addr) );
 438:Drivers/CMSIS/Include/cmsis_gcc.h **** #else
 439:Drivers/CMSIS/Include/cmsis_gcc.h ****     /* Prior to GCC 4.8, "Q" will be expanded to [rx, #0] which is not
 440:Drivers/CMSIS/Include/cmsis_gcc.h ****        accepted by assembler. So has to use following less efficient pattern.
 441:Drivers/CMSIS/Include/cmsis_gcc.h ****     */
 442:Drivers/CMSIS/Include/cmsis_gcc.h ****    __ASM volatile ("ldrexb %0, [%1]" : "=r" (result) : "r" (addr) : "memory" );
 443:Drivers/CMSIS/Include/cmsis_gcc.h **** #endif
 444:Drivers/CMSIS/Include/cmsis_gcc.h ****    return ((uint8_t) result);    /* Add explicit type cast here */
 445:Drivers/CMSIS/Include/cmsis_gcc.h **** }
ARM GAS  C:\Users\rosto\AppData\Local\Temp\cciuoPym.s 			page 34


 446:Drivers/CMSIS/Include/cmsis_gcc.h **** 
 447:Drivers/CMSIS/Include/cmsis_gcc.h **** 
 448:Drivers/CMSIS/Include/cmsis_gcc.h **** /**
 449:Drivers/CMSIS/Include/cmsis_gcc.h ****   \brief   LDR Exclusive (16 bit)
 450:Drivers/CMSIS/Include/cmsis_gcc.h ****   \details Executes a exclusive LDR instruction for 16 bit values.
 451:Drivers/CMSIS/Include/cmsis_gcc.h ****   \param [in]    ptr  Pointer to data
 452:Drivers/CMSIS/Include/cmsis_gcc.h ****   \return        value of type uint16_t at (*ptr)
 453:Drivers/CMSIS/Include/cmsis_gcc.h ****  */
 454:Drivers/CMSIS/Include/cmsis_gcc.h **** __STATIC_FORCEINLINE uint16_t __LDREXH(volatile uint16_t *addr)
 455:Drivers/CMSIS/Include/cmsis_gcc.h **** {
 456:Drivers/CMSIS/Include/cmsis_gcc.h ****     uint32_t result;
 457:Drivers/CMSIS/Include/cmsis_gcc.h **** 
 458:Drivers/CMSIS/Include/cmsis_gcc.h **** #if (__GNUC__ > 4) || (__GNUC__ == 4 && __GNUC_MINOR__ >= 8)
 459:Drivers/CMSIS/Include/cmsis_gcc.h ****    __ASM volatile ("ldrexh %0, %1" : "=r" (result) : "Q" (*addr) );
 460:Drivers/CMSIS/Include/cmsis_gcc.h **** #else
 461:Drivers/CMSIS/Include/cmsis_gcc.h ****     /* Prior to GCC 4.8, "Q" will be expanded to [rx, #0] which is not
 462:Drivers/CMSIS/Include/cmsis_gcc.h ****        accepted by assembler. So has to use following less efficient pattern.
 463:Drivers/CMSIS/Include/cmsis_gcc.h ****     */
 464:Drivers/CMSIS/Include/cmsis_gcc.h ****    __ASM volatile ("ldrexh %0, [%1]" : "=r" (result) : "r" (addr) : "memory" );
 465:Drivers/CMSIS/Include/cmsis_gcc.h **** #endif
 466:Drivers/CMSIS/Include/cmsis_gcc.h ****    return ((uint16_t) result);    /* Add explicit type cast here */
 467:Drivers/CMSIS/Include/cmsis_gcc.h **** }
 468:Drivers/CMSIS/Include/cmsis_gcc.h **** 
 469:Drivers/CMSIS/Include/cmsis_gcc.h **** 
 470:Drivers/CMSIS/Include/cmsis_gcc.h **** /**
 471:Drivers/CMSIS/Include/cmsis_gcc.h ****   \brief   LDR Exclusive (32 bit)
 472:Drivers/CMSIS/Include/cmsis_gcc.h ****   \details Executes a exclusive LDR instruction for 32 bit values.
 473:Drivers/CMSIS/Include/cmsis_gcc.h ****   \param [in]    ptr  Pointer to data
 474:Drivers/CMSIS/Include/cmsis_gcc.h ****   \return        value of type uint32_t at (*ptr)
 475:Drivers/CMSIS/Include/cmsis_gcc.h ****  */
 476:Drivers/CMSIS/Include/cmsis_gcc.h **** __STATIC_FORCEINLINE uint32_t __LDREXW(volatile uint32_t *addr)
 477:Drivers/CMSIS/Include/cmsis_gcc.h **** {
 478:Drivers/CMSIS/Include/cmsis_gcc.h ****     uint32_t result;
 479:Drivers/CMSIS/Include/cmsis_gcc.h **** 
 480:Drivers/CMSIS/Include/cmsis_gcc.h ****    __ASM volatile ("ldrex %0, %1" : "=r" (result) : "Q" (*addr) );
 481:Drivers/CMSIS/Include/cmsis_gcc.h ****    return(result);
 482:Drivers/CMSIS/Include/cmsis_gcc.h **** }
 483:Drivers/CMSIS/Include/cmsis_gcc.h **** 
 484:Drivers/CMSIS/Include/cmsis_gcc.h **** 
 485:Drivers/CMSIS/Include/cmsis_gcc.h **** /**
 486:Drivers/CMSIS/Include/cmsis_gcc.h ****   \brief   STR Exclusive (8 bit)
 487:Drivers/CMSIS/Include/cmsis_gcc.h ****   \details Executes a exclusive STR instruction for 8 bit values.
 488:Drivers/CMSIS/Include/cmsis_gcc.h ****   \param [in]  value  Value to store
 489:Drivers/CMSIS/Include/cmsis_gcc.h ****   \param [in]    ptr  Pointer to location
 490:Drivers/CMSIS/Include/cmsis_gcc.h ****   \return          0  Function succeeded
 491:Drivers/CMSIS/Include/cmsis_gcc.h ****   \return          1  Function failed
 492:Drivers/CMSIS/Include/cmsis_gcc.h ****  */
 493:Drivers/CMSIS/Include/cmsis_gcc.h **** __STATIC_FORCEINLINE uint32_t __STREXB(uint8_t value, volatile uint8_t *addr)
 494:Drivers/CMSIS/Include/cmsis_gcc.h **** {
 495:Drivers/CMSIS/Include/cmsis_gcc.h ****    uint32_t result;
 496:Drivers/CMSIS/Include/cmsis_gcc.h **** 
 497:Drivers/CMSIS/Include/cmsis_gcc.h ****    __ASM volatile ("strexb %0, %2, %1" : "=&r" (result), "=Q" (*addr) : "r" ((uint32_t)value) );
 498:Drivers/CMSIS/Include/cmsis_gcc.h ****    return(result);
 499:Drivers/CMSIS/Include/cmsis_gcc.h **** }
 500:Drivers/CMSIS/Include/cmsis_gcc.h **** 
 501:Drivers/CMSIS/Include/cmsis_gcc.h **** 
 502:Drivers/CMSIS/Include/cmsis_gcc.h **** /**
ARM GAS  C:\Users\rosto\AppData\Local\Temp\cciuoPym.s 			page 35


 503:Drivers/CMSIS/Include/cmsis_gcc.h ****   \brief   STR Exclusive (16 bit)
 504:Drivers/CMSIS/Include/cmsis_gcc.h ****   \details Executes a exclusive STR instruction for 16 bit values.
 505:Drivers/CMSIS/Include/cmsis_gcc.h ****   \param [in]  value  Value to store
 506:Drivers/CMSIS/Include/cmsis_gcc.h ****   \param [in]    ptr  Pointer to location
 507:Drivers/CMSIS/Include/cmsis_gcc.h ****   \return          0  Function succeeded
 508:Drivers/CMSIS/Include/cmsis_gcc.h ****   \return          1  Function failed
 509:Drivers/CMSIS/Include/cmsis_gcc.h ****  */
 510:Drivers/CMSIS/Include/cmsis_gcc.h **** __STATIC_FORCEINLINE uint32_t __STREXH(uint16_t value, volatile uint16_t *addr)
 511:Drivers/CMSIS/Include/cmsis_gcc.h **** {
 512:Drivers/CMSIS/Include/cmsis_gcc.h ****    uint32_t result;
 513:Drivers/CMSIS/Include/cmsis_gcc.h **** 
 514:Drivers/CMSIS/Include/cmsis_gcc.h ****    __ASM volatile ("strexh %0, %2, %1" : "=&r" (result), "=Q" (*addr) : "r" ((uint32_t)value) );
 515:Drivers/CMSIS/Include/cmsis_gcc.h ****    return(result);
 516:Drivers/CMSIS/Include/cmsis_gcc.h **** }
 517:Drivers/CMSIS/Include/cmsis_gcc.h **** 
 518:Drivers/CMSIS/Include/cmsis_gcc.h **** 
 519:Drivers/CMSIS/Include/cmsis_gcc.h **** /**
 520:Drivers/CMSIS/Include/cmsis_gcc.h ****   \brief   STR Exclusive (32 bit)
 521:Drivers/CMSIS/Include/cmsis_gcc.h ****   \details Executes a exclusive STR instruction for 32 bit values.
 522:Drivers/CMSIS/Include/cmsis_gcc.h ****   \param [in]  value  Value to store
 523:Drivers/CMSIS/Include/cmsis_gcc.h ****   \param [in]    ptr  Pointer to location
 524:Drivers/CMSIS/Include/cmsis_gcc.h ****   \return          0  Function succeeded
 525:Drivers/CMSIS/Include/cmsis_gcc.h ****   \return          1  Function failed
 526:Drivers/CMSIS/Include/cmsis_gcc.h ****  */
 527:Drivers/CMSIS/Include/cmsis_gcc.h **** __STATIC_FORCEINLINE uint32_t __STREXW(uint32_t value, volatile uint32_t *addr)
 528:Drivers/CMSIS/Include/cmsis_gcc.h **** {
 529:Drivers/CMSIS/Include/cmsis_gcc.h ****    uint32_t result;
 530:Drivers/CMSIS/Include/cmsis_gcc.h **** 
 531:Drivers/CMSIS/Include/cmsis_gcc.h ****    __ASM volatile ("strex %0, %2, %1" : "=&r" (result), "=Q" (*addr) : "r" (value) );
 532:Drivers/CMSIS/Include/cmsis_gcc.h ****    return(result);
 533:Drivers/CMSIS/Include/cmsis_gcc.h **** }
 534:Drivers/CMSIS/Include/cmsis_gcc.h **** 
 535:Drivers/CMSIS/Include/cmsis_gcc.h **** 
 536:Drivers/CMSIS/Include/cmsis_gcc.h **** /**
 537:Drivers/CMSIS/Include/cmsis_gcc.h ****   \brief   Remove the exclusive lock
 538:Drivers/CMSIS/Include/cmsis_gcc.h ****   \details Removes the exclusive lock which is created by LDREX.
 539:Drivers/CMSIS/Include/cmsis_gcc.h ****  */
 540:Drivers/CMSIS/Include/cmsis_gcc.h **** __STATIC_FORCEINLINE void __CLREX(void)
 541:Drivers/CMSIS/Include/cmsis_gcc.h **** {
 542:Drivers/CMSIS/Include/cmsis_gcc.h ****   __ASM volatile ("clrex" ::: "memory");
 543:Drivers/CMSIS/Include/cmsis_gcc.h **** }
 544:Drivers/CMSIS/Include/cmsis_gcc.h **** 
 545:Drivers/CMSIS/Include/cmsis_gcc.h **** #endif /* ((defined (__ARM_ARCH_7M__      ) && (__ARM_ARCH_7M__      == 1)) || \
 546:Drivers/CMSIS/Include/cmsis_gcc.h ****            (defined (__ARM_ARCH_7EM__     ) && (__ARM_ARCH_7EM__     == 1)) || \
 547:Drivers/CMSIS/Include/cmsis_gcc.h ****            (defined (__ARM_ARCH_8M_MAIN__ ) && (__ARM_ARCH_8M_MAIN__ == 1)) || \
 548:Drivers/CMSIS/Include/cmsis_gcc.h ****            (defined (__ARM_ARCH_8M_BASE__ ) && (__ARM_ARCH_8M_BASE__ == 1))    ) */
 549:Drivers/CMSIS/Include/cmsis_gcc.h **** 
 550:Drivers/CMSIS/Include/cmsis_gcc.h **** 
 551:Drivers/CMSIS/Include/cmsis_gcc.h **** #if ((defined (__ARM_ARCH_7M__      ) && (__ARM_ARCH_7M__      == 1)) || \
 552:Drivers/CMSIS/Include/cmsis_gcc.h ****      (defined (__ARM_ARCH_7EM__     ) && (__ARM_ARCH_7EM__     == 1)) || \
 553:Drivers/CMSIS/Include/cmsis_gcc.h ****      (defined (__ARM_ARCH_8M_MAIN__ ) && (__ARM_ARCH_8M_MAIN__ == 1))    )
 554:Drivers/CMSIS/Include/cmsis_gcc.h **** /**
 555:Drivers/CMSIS/Include/cmsis_gcc.h ****   \brief   Signed Saturate
 556:Drivers/CMSIS/Include/cmsis_gcc.h ****   \details Saturates a signed value.
 557:Drivers/CMSIS/Include/cmsis_gcc.h ****   \param [in]  ARG1  Value to be saturated
 558:Drivers/CMSIS/Include/cmsis_gcc.h ****   \param [in]  ARG2  Bit position to saturate to (1..32)
 559:Drivers/CMSIS/Include/cmsis_gcc.h ****   \return             Saturated value
ARM GAS  C:\Users\rosto\AppData\Local\Temp\cciuoPym.s 			page 36


 560:Drivers/CMSIS/Include/cmsis_gcc.h ****  */
 561:Drivers/CMSIS/Include/cmsis_gcc.h **** #define __SSAT(ARG1, ARG2) \
 562:Drivers/CMSIS/Include/cmsis_gcc.h **** __extension__ \
 563:Drivers/CMSIS/Include/cmsis_gcc.h **** ({                          \
 564:Drivers/CMSIS/Include/cmsis_gcc.h ****   int32_t __RES, __ARG1 = (ARG1); \
 565:Drivers/CMSIS/Include/cmsis_gcc.h ****   __ASM volatile ("ssat %0, %1, %2" : "=r" (__RES) :  "I" (ARG2), "r" (__ARG1) : "cc" ); \
 566:Drivers/CMSIS/Include/cmsis_gcc.h ****   __RES; \
 567:Drivers/CMSIS/Include/cmsis_gcc.h ****  })
 568:Drivers/CMSIS/Include/cmsis_gcc.h **** 
 569:Drivers/CMSIS/Include/cmsis_gcc.h **** 
 570:Drivers/CMSIS/Include/cmsis_gcc.h **** /**
 571:Drivers/CMSIS/Include/cmsis_gcc.h ****   \brief   Unsigned Saturate
 572:Drivers/CMSIS/Include/cmsis_gcc.h ****   \details Saturates an unsigned value.
 573:Drivers/CMSIS/Include/cmsis_gcc.h ****   \param [in]  ARG1  Value to be saturated
 574:Drivers/CMSIS/Include/cmsis_gcc.h ****   \param [in]  ARG2  Bit position to saturate to (0..31)
 575:Drivers/CMSIS/Include/cmsis_gcc.h ****   \return             Saturated value
 576:Drivers/CMSIS/Include/cmsis_gcc.h ****  */
 577:Drivers/CMSIS/Include/cmsis_gcc.h **** #define __USAT(ARG1, ARG2) \
 578:Drivers/CMSIS/Include/cmsis_gcc.h **** __extension__ \
 579:Drivers/CMSIS/Include/cmsis_gcc.h **** ({                          \
 580:Drivers/CMSIS/Include/cmsis_gcc.h ****   uint32_t __RES, __ARG1 = (ARG1); \
 581:Drivers/CMSIS/Include/cmsis_gcc.h ****   __ASM volatile ("usat %0, %1, %2" : "=r" (__RES) :  "I" (ARG2), "r" (__ARG1) : "cc" ); \
 582:Drivers/CMSIS/Include/cmsis_gcc.h ****   __RES; \
 583:Drivers/CMSIS/Include/cmsis_gcc.h ****  })
 584:Drivers/CMSIS/Include/cmsis_gcc.h **** 
 585:Drivers/CMSIS/Include/cmsis_gcc.h **** 
 586:Drivers/CMSIS/Include/cmsis_gcc.h **** /**
 587:Drivers/CMSIS/Include/cmsis_gcc.h ****   \brief   Rotate Right with Extend (32 bit)
 588:Drivers/CMSIS/Include/cmsis_gcc.h ****   \details Moves each bit of a bitstring right by one bit.
 589:Drivers/CMSIS/Include/cmsis_gcc.h ****            The carry input is shifted in at the left end of the bitstring.
 590:Drivers/CMSIS/Include/cmsis_gcc.h ****   \param [in]    value  Value to rotate
 591:Drivers/CMSIS/Include/cmsis_gcc.h ****   \return               Rotated value
 592:Drivers/CMSIS/Include/cmsis_gcc.h ****  */
 593:Drivers/CMSIS/Include/cmsis_gcc.h **** __STATIC_FORCEINLINE uint32_t __RRX(uint32_t value)
 594:Drivers/CMSIS/Include/cmsis_gcc.h **** {
 595:Drivers/CMSIS/Include/cmsis_gcc.h ****   uint32_t result;
 596:Drivers/CMSIS/Include/cmsis_gcc.h **** 
 597:Drivers/CMSIS/Include/cmsis_gcc.h ****   __ASM volatile ("rrx %0, %1" : __CMSIS_GCC_OUT_REG (result) : __CMSIS_GCC_USE_REG (value) );
 598:Drivers/CMSIS/Include/cmsis_gcc.h ****   return(result);
 599:Drivers/CMSIS/Include/cmsis_gcc.h **** }
 600:Drivers/CMSIS/Include/cmsis_gcc.h **** 
 601:Drivers/CMSIS/Include/cmsis_gcc.h **** 
 602:Drivers/CMSIS/Include/cmsis_gcc.h **** /**
 603:Drivers/CMSIS/Include/cmsis_gcc.h ****   \brief   LDRT Unprivileged (8 bit)
 604:Drivers/CMSIS/Include/cmsis_gcc.h ****   \details Executes a Unprivileged LDRT instruction for 8 bit value.
 605:Drivers/CMSIS/Include/cmsis_gcc.h ****   \param [in]    ptr  Pointer to data
 606:Drivers/CMSIS/Include/cmsis_gcc.h ****   \return             value of type uint8_t at (*ptr)
 607:Drivers/CMSIS/Include/cmsis_gcc.h ****  */
 608:Drivers/CMSIS/Include/cmsis_gcc.h **** __STATIC_FORCEINLINE uint8_t __LDRBT(volatile uint8_t *ptr)
 609:Drivers/CMSIS/Include/cmsis_gcc.h **** {
 610:Drivers/CMSIS/Include/cmsis_gcc.h ****     uint32_t result;
 611:Drivers/CMSIS/Include/cmsis_gcc.h **** 
 612:Drivers/CMSIS/Include/cmsis_gcc.h **** #if (__GNUC__ > 4) || (__GNUC__ == 4 && __GNUC_MINOR__ >= 8)
 613:Drivers/CMSIS/Include/cmsis_gcc.h ****    __ASM volatile ("ldrbt %0, %1" : "=r" (result) : "Q" (*ptr) );
 614:Drivers/CMSIS/Include/cmsis_gcc.h **** #else
 615:Drivers/CMSIS/Include/cmsis_gcc.h ****     /* Prior to GCC 4.8, "Q" will be expanded to [rx, #0] which is not
 616:Drivers/CMSIS/Include/cmsis_gcc.h ****        accepted by assembler. So has to use following less efficient pattern.
ARM GAS  C:\Users\rosto\AppData\Local\Temp\cciuoPym.s 			page 37


 617:Drivers/CMSIS/Include/cmsis_gcc.h ****     */
 618:Drivers/CMSIS/Include/cmsis_gcc.h ****    __ASM volatile ("ldrbt %0, [%1]" : "=r" (result) : "r" (ptr) : "memory" );
 619:Drivers/CMSIS/Include/cmsis_gcc.h **** #endif
 620:Drivers/CMSIS/Include/cmsis_gcc.h ****    return ((uint8_t) result);    /* Add explicit type cast here */
 621:Drivers/CMSIS/Include/cmsis_gcc.h **** }
 622:Drivers/CMSIS/Include/cmsis_gcc.h **** 
 623:Drivers/CMSIS/Include/cmsis_gcc.h **** 
 624:Drivers/CMSIS/Include/cmsis_gcc.h **** /**
 625:Drivers/CMSIS/Include/cmsis_gcc.h ****   \brief   LDRT Unprivileged (16 bit)
 626:Drivers/CMSIS/Include/cmsis_gcc.h ****   \details Executes a Unprivileged LDRT instruction for 16 bit values.
 627:Drivers/CMSIS/Include/cmsis_gcc.h ****   \param [in]    ptr  Pointer to data
 628:Drivers/CMSIS/Include/cmsis_gcc.h ****   \return        value of type uint16_t at (*ptr)
 629:Drivers/CMSIS/Include/cmsis_gcc.h ****  */
 630:Drivers/CMSIS/Include/cmsis_gcc.h **** __STATIC_FORCEINLINE uint16_t __LDRHT(volatile uint16_t *ptr)
 631:Drivers/CMSIS/Include/cmsis_gcc.h **** {
 632:Drivers/CMSIS/Include/cmsis_gcc.h ****     uint32_t result;
 633:Drivers/CMSIS/Include/cmsis_gcc.h **** 
 634:Drivers/CMSIS/Include/cmsis_gcc.h **** #if (__GNUC__ > 4) || (__GNUC__ == 4 && __GNUC_MINOR__ >= 8)
 635:Drivers/CMSIS/Include/cmsis_gcc.h ****    __ASM volatile ("ldrht %0, %1" : "=r" (result) : "Q" (*ptr) );
 636:Drivers/CMSIS/Include/cmsis_gcc.h **** #else
 637:Drivers/CMSIS/Include/cmsis_gcc.h ****     /* Prior to GCC 4.8, "Q" will be expanded to [rx, #0] which is not
 638:Drivers/CMSIS/Include/cmsis_gcc.h ****        accepted by assembler. So has to use following less efficient pattern.
 639:Drivers/CMSIS/Include/cmsis_gcc.h ****     */
 640:Drivers/CMSIS/Include/cmsis_gcc.h ****    __ASM volatile ("ldrht %0, [%1]" : "=r" (result) : "r" (ptr) : "memory" );
 641:Drivers/CMSIS/Include/cmsis_gcc.h **** #endif
 642:Drivers/CMSIS/Include/cmsis_gcc.h ****    return ((uint16_t) result);    /* Add explicit type cast here */
 643:Drivers/CMSIS/Include/cmsis_gcc.h **** }
 644:Drivers/CMSIS/Include/cmsis_gcc.h **** 
 645:Drivers/CMSIS/Include/cmsis_gcc.h **** 
 646:Drivers/CMSIS/Include/cmsis_gcc.h **** /**
 647:Drivers/CMSIS/Include/cmsis_gcc.h ****   \brief   LDRT Unprivileged (32 bit)
 648:Drivers/CMSIS/Include/cmsis_gcc.h ****   \details Executes a Unprivileged LDRT instruction for 32 bit values.
 649:Drivers/CMSIS/Include/cmsis_gcc.h ****   \param [in]    ptr  Pointer to data
 650:Drivers/CMSIS/Include/cmsis_gcc.h ****   \return        value of type uint32_t at (*ptr)
 651:Drivers/CMSIS/Include/cmsis_gcc.h ****  */
 652:Drivers/CMSIS/Include/cmsis_gcc.h **** __STATIC_FORCEINLINE uint32_t __LDRT(volatile uint32_t *ptr)
 653:Drivers/CMSIS/Include/cmsis_gcc.h **** {
 654:Drivers/CMSIS/Include/cmsis_gcc.h ****     uint32_t result;
 655:Drivers/CMSIS/Include/cmsis_gcc.h **** 
 656:Drivers/CMSIS/Include/cmsis_gcc.h ****    __ASM volatile ("ldrt %0, %1" : "=r" (result) : "Q" (*ptr) );
 657:Drivers/CMSIS/Include/cmsis_gcc.h ****    return(result);
 658:Drivers/CMSIS/Include/cmsis_gcc.h **** }
 659:Drivers/CMSIS/Include/cmsis_gcc.h **** 
 660:Drivers/CMSIS/Include/cmsis_gcc.h **** 
 661:Drivers/CMSIS/Include/cmsis_gcc.h **** /**
 662:Drivers/CMSIS/Include/cmsis_gcc.h ****   \brief   STRT Unprivileged (8 bit)
 663:Drivers/CMSIS/Include/cmsis_gcc.h ****   \details Executes a Unprivileged STRT instruction for 8 bit values.
 664:Drivers/CMSIS/Include/cmsis_gcc.h ****   \param [in]  value  Value to store
 665:Drivers/CMSIS/Include/cmsis_gcc.h ****   \param [in]    ptr  Pointer to location
 666:Drivers/CMSIS/Include/cmsis_gcc.h ****  */
 667:Drivers/CMSIS/Include/cmsis_gcc.h **** __STATIC_FORCEINLINE void __STRBT(uint8_t value, volatile uint8_t *ptr)
 668:Drivers/CMSIS/Include/cmsis_gcc.h **** {
 669:Drivers/CMSIS/Include/cmsis_gcc.h ****    __ASM volatile ("strbt %1, %0" : "=Q" (*ptr) : "r" ((uint32_t)value) );
 670:Drivers/CMSIS/Include/cmsis_gcc.h **** }
 671:Drivers/CMSIS/Include/cmsis_gcc.h **** 
 672:Drivers/CMSIS/Include/cmsis_gcc.h **** 
 673:Drivers/CMSIS/Include/cmsis_gcc.h **** /**
ARM GAS  C:\Users\rosto\AppData\Local\Temp\cciuoPym.s 			page 38


 674:Drivers/CMSIS/Include/cmsis_gcc.h ****   \brief   STRT Unprivileged (16 bit)
 675:Drivers/CMSIS/Include/cmsis_gcc.h ****   \details Executes a Unprivileged STRT instruction for 16 bit values.
 676:Drivers/CMSIS/Include/cmsis_gcc.h ****   \param [in]  value  Value to store
 677:Drivers/CMSIS/Include/cmsis_gcc.h ****   \param [in]    ptr  Pointer to location
 678:Drivers/CMSIS/Include/cmsis_gcc.h ****  */
 679:Drivers/CMSIS/Include/cmsis_gcc.h **** __STATIC_FORCEINLINE void __STRHT(uint16_t value, volatile uint16_t *ptr)
 680:Drivers/CMSIS/Include/cmsis_gcc.h **** {
 681:Drivers/CMSIS/Include/cmsis_gcc.h ****    __ASM volatile ("strht %1, %0" : "=Q" (*ptr) : "r" ((uint32_t)value) );
 682:Drivers/CMSIS/Include/cmsis_gcc.h **** }
 683:Drivers/CMSIS/Include/cmsis_gcc.h **** 
 684:Drivers/CMSIS/Include/cmsis_gcc.h **** 
 685:Drivers/CMSIS/Include/cmsis_gcc.h **** /**
 686:Drivers/CMSIS/Include/cmsis_gcc.h ****   \brief   STRT Unprivileged (32 bit)
 687:Drivers/CMSIS/Include/cmsis_gcc.h ****   \details Executes a Unprivileged STRT instruction for 32 bit values.
 688:Drivers/CMSIS/Include/cmsis_gcc.h ****   \param [in]  value  Value to store
 689:Drivers/CMSIS/Include/cmsis_gcc.h ****   \param [in]    ptr  Pointer to location
 690:Drivers/CMSIS/Include/cmsis_gcc.h ****  */
 691:Drivers/CMSIS/Include/cmsis_gcc.h **** __STATIC_FORCEINLINE void __STRT(uint32_t value, volatile uint32_t *ptr)
 692:Drivers/CMSIS/Include/cmsis_gcc.h **** {
 693:Drivers/CMSIS/Include/cmsis_gcc.h ****    __ASM volatile ("strt %1, %0" : "=Q" (*ptr) : "r" (value) );
 694:Drivers/CMSIS/Include/cmsis_gcc.h **** }
 695:Drivers/CMSIS/Include/cmsis_gcc.h **** 
 696:Drivers/CMSIS/Include/cmsis_gcc.h **** #else  /* ((defined (__ARM_ARCH_7M__      ) && (__ARM_ARCH_7M__      == 1)) || \
 697:Drivers/CMSIS/Include/cmsis_gcc.h ****            (defined (__ARM_ARCH_7EM__     ) && (__ARM_ARCH_7EM__     == 1)) || \
 698:Drivers/CMSIS/Include/cmsis_gcc.h ****            (defined (__ARM_ARCH_8M_MAIN__ ) && (__ARM_ARCH_8M_MAIN__ == 1))    ) */
 699:Drivers/CMSIS/Include/cmsis_gcc.h **** 
 700:Drivers/CMSIS/Include/cmsis_gcc.h **** /**
 701:Drivers/CMSIS/Include/cmsis_gcc.h ****   \brief   Signed Saturate
 702:Drivers/CMSIS/Include/cmsis_gcc.h ****   \details Saturates a signed value.
 703:Drivers/CMSIS/Include/cmsis_gcc.h ****   \param [in]  value  Value to be saturated
 704:Drivers/CMSIS/Include/cmsis_gcc.h ****   \param [in]    sat  Bit position to saturate to (1..32)
 705:Drivers/CMSIS/Include/cmsis_gcc.h ****   \return             Saturated value
 706:Drivers/CMSIS/Include/cmsis_gcc.h ****  */
 707:Drivers/CMSIS/Include/cmsis_gcc.h **** __STATIC_FORCEINLINE int32_t __SSAT(int32_t val, uint32_t sat)
 708:Drivers/CMSIS/Include/cmsis_gcc.h **** {
 709:Drivers/CMSIS/Include/cmsis_gcc.h ****   if ((sat >= 1U) && (sat <= 32U))
 710:Drivers/CMSIS/Include/cmsis_gcc.h ****   {
 711:Drivers/CMSIS/Include/cmsis_gcc.h ****     const int32_t max = (int32_t)((1U << (sat - 1U)) - 1U);
 712:Drivers/CMSIS/Include/cmsis_gcc.h ****     const int32_t min = -1 - max ;
 713:Drivers/CMSIS/Include/cmsis_gcc.h ****     if (val > max)
 714:Drivers/CMSIS/Include/cmsis_gcc.h ****     {
 715:Drivers/CMSIS/Include/cmsis_gcc.h ****       return max;
 716:Drivers/CMSIS/Include/cmsis_gcc.h ****     }
 717:Drivers/CMSIS/Include/cmsis_gcc.h ****     else if (val < min)
 718:Drivers/CMSIS/Include/cmsis_gcc.h ****     {
 719:Drivers/CMSIS/Include/cmsis_gcc.h ****       return min;
 720:Drivers/CMSIS/Include/cmsis_gcc.h ****     }
 721:Drivers/CMSIS/Include/cmsis_gcc.h ****   }
 722:Drivers/CMSIS/Include/cmsis_gcc.h ****   return val;
 723:Drivers/CMSIS/Include/cmsis_gcc.h **** }
 724:Drivers/CMSIS/Include/cmsis_gcc.h **** 
 725:Drivers/CMSIS/Include/cmsis_gcc.h **** /**
 726:Drivers/CMSIS/Include/cmsis_gcc.h ****   \brief   Unsigned Saturate
 727:Drivers/CMSIS/Include/cmsis_gcc.h ****   \details Saturates an unsigned value.
 728:Drivers/CMSIS/Include/cmsis_gcc.h ****   \param [in]  value  Value to be saturated
 729:Drivers/CMSIS/Include/cmsis_gcc.h ****   \param [in]    sat  Bit position to saturate to (0..31)
 730:Drivers/CMSIS/Include/cmsis_gcc.h ****   \return             Saturated value
ARM GAS  C:\Users\rosto\AppData\Local\Temp\cciuoPym.s 			page 39


 731:Drivers/CMSIS/Include/cmsis_gcc.h ****  */
 732:Drivers/CMSIS/Include/cmsis_gcc.h **** __STATIC_FORCEINLINE uint32_t __USAT(int32_t val, uint32_t sat)
 733:Drivers/CMSIS/Include/cmsis_gcc.h **** {
 734:Drivers/CMSIS/Include/cmsis_gcc.h ****   if (sat <= 31U)
 735:Drivers/CMSIS/Include/cmsis_gcc.h ****   {
 736:Drivers/CMSIS/Include/cmsis_gcc.h ****     const uint32_t max = ((1U << sat) - 1U);
 737:Drivers/CMSIS/Include/cmsis_gcc.h ****     if (val > (int32_t)max)
 738:Drivers/CMSIS/Include/cmsis_gcc.h ****     {
 739:Drivers/CMSIS/Include/cmsis_gcc.h ****       return max;
 740:Drivers/CMSIS/Include/cmsis_gcc.h ****     }
 741:Drivers/CMSIS/Include/cmsis_gcc.h ****     else if (val < 0)
 742:Drivers/CMSIS/Include/cmsis_gcc.h ****     {
 743:Drivers/CMSIS/Include/cmsis_gcc.h ****       return 0U;
 744:Drivers/CMSIS/Include/cmsis_gcc.h ****     }
 745:Drivers/CMSIS/Include/cmsis_gcc.h ****   }
 746:Drivers/CMSIS/Include/cmsis_gcc.h ****   return (uint32_t)val;
 747:Drivers/CMSIS/Include/cmsis_gcc.h **** }
 748:Drivers/CMSIS/Include/cmsis_gcc.h **** 
 749:Drivers/CMSIS/Include/cmsis_gcc.h **** #endif /* ((defined (__ARM_ARCH_7M__      ) && (__ARM_ARCH_7M__      == 1)) || \
 750:Drivers/CMSIS/Include/cmsis_gcc.h ****            (defined (__ARM_ARCH_7EM__     ) && (__ARM_ARCH_7EM__     == 1)) || \
 751:Drivers/CMSIS/Include/cmsis_gcc.h ****            (defined (__ARM_ARCH_8M_MAIN__ ) && (__ARM_ARCH_8M_MAIN__ == 1))    ) */
 752:Drivers/CMSIS/Include/cmsis_gcc.h **** 
 753:Drivers/CMSIS/Include/cmsis_gcc.h **** 
 754:Drivers/CMSIS/Include/cmsis_gcc.h **** #if ((defined (__ARM_ARCH_8M_MAIN__ ) && (__ARM_ARCH_8M_MAIN__ == 1)) || \
 755:Drivers/CMSIS/Include/cmsis_gcc.h ****      (defined (__ARM_ARCH_8M_BASE__ ) && (__ARM_ARCH_8M_BASE__ == 1))    )
 756:Drivers/CMSIS/Include/cmsis_gcc.h **** /**
 757:Drivers/CMSIS/Include/cmsis_gcc.h ****   \brief   Load-Acquire (8 bit)
 758:Drivers/CMSIS/Include/cmsis_gcc.h ****   \details Executes a LDAB instruction for 8 bit value.
 759:Drivers/CMSIS/Include/cmsis_gcc.h ****   \param [in]    ptr  Pointer to data
 760:Drivers/CMSIS/Include/cmsis_gcc.h ****   \return             value of type uint8_t at (*ptr)
 761:Drivers/CMSIS/Include/cmsis_gcc.h ****  */
 762:Drivers/CMSIS/Include/cmsis_gcc.h **** __STATIC_FORCEINLINE uint8_t __LDAB(volatile uint8_t *ptr)
 763:Drivers/CMSIS/Include/cmsis_gcc.h **** {
 764:Drivers/CMSIS/Include/cmsis_gcc.h ****     uint32_t result;
 765:Drivers/CMSIS/Include/cmsis_gcc.h **** 
 766:Drivers/CMSIS/Include/cmsis_gcc.h ****    __ASM volatile ("ldab %0, %1" : "=r" (result) : "Q" (*ptr) : "memory" );
 767:Drivers/CMSIS/Include/cmsis_gcc.h ****    return ((uint8_t) result);
 768:Drivers/CMSIS/Include/cmsis_gcc.h **** }
 769:Drivers/CMSIS/Include/cmsis_gcc.h **** 
 770:Drivers/CMSIS/Include/cmsis_gcc.h **** 
 771:Drivers/CMSIS/Include/cmsis_gcc.h **** /**
 772:Drivers/CMSIS/Include/cmsis_gcc.h ****   \brief   Load-Acquire (16 bit)
 773:Drivers/CMSIS/Include/cmsis_gcc.h ****   \details Executes a LDAH instruction for 16 bit values.
 774:Drivers/CMSIS/Include/cmsis_gcc.h ****   \param [in]    ptr  Pointer to data
 775:Drivers/CMSIS/Include/cmsis_gcc.h ****   \return        value of type uint16_t at (*ptr)
 776:Drivers/CMSIS/Include/cmsis_gcc.h ****  */
 777:Drivers/CMSIS/Include/cmsis_gcc.h **** __STATIC_FORCEINLINE uint16_t __LDAH(volatile uint16_t *ptr)
 778:Drivers/CMSIS/Include/cmsis_gcc.h **** {
 779:Drivers/CMSIS/Include/cmsis_gcc.h ****     uint32_t result;
 780:Drivers/CMSIS/Include/cmsis_gcc.h **** 
 781:Drivers/CMSIS/Include/cmsis_gcc.h ****    __ASM volatile ("ldah %0, %1" : "=r" (result) : "Q" (*ptr) : "memory" );
 782:Drivers/CMSIS/Include/cmsis_gcc.h ****    return ((uint16_t) result);
 783:Drivers/CMSIS/Include/cmsis_gcc.h **** }
 784:Drivers/CMSIS/Include/cmsis_gcc.h **** 
 785:Drivers/CMSIS/Include/cmsis_gcc.h **** 
 786:Drivers/CMSIS/Include/cmsis_gcc.h **** /**
 787:Drivers/CMSIS/Include/cmsis_gcc.h ****   \brief   Load-Acquire (32 bit)
ARM GAS  C:\Users\rosto\AppData\Local\Temp\cciuoPym.s 			page 40


 788:Drivers/CMSIS/Include/cmsis_gcc.h ****   \details Executes a LDA instruction for 32 bit values.
 789:Drivers/CMSIS/Include/cmsis_gcc.h ****   \param [in]    ptr  Pointer to data
 790:Drivers/CMSIS/Include/cmsis_gcc.h ****   \return        value of type uint32_t at (*ptr)
 791:Drivers/CMSIS/Include/cmsis_gcc.h ****  */
 792:Drivers/CMSIS/Include/cmsis_gcc.h **** __STATIC_FORCEINLINE uint32_t __LDA(volatile uint32_t *ptr)
 793:Drivers/CMSIS/Include/cmsis_gcc.h **** {
 794:Drivers/CMSIS/Include/cmsis_gcc.h ****     uint32_t result;
 795:Drivers/CMSIS/Include/cmsis_gcc.h **** 
 796:Drivers/CMSIS/Include/cmsis_gcc.h ****    __ASM volatile ("lda %0, %1" : "=r" (result) : "Q" (*ptr) : "memory" );
 797:Drivers/CMSIS/Include/cmsis_gcc.h ****    return(result);
 798:Drivers/CMSIS/Include/cmsis_gcc.h **** }
 799:Drivers/CMSIS/Include/cmsis_gcc.h **** 
 800:Drivers/CMSIS/Include/cmsis_gcc.h **** 
 801:Drivers/CMSIS/Include/cmsis_gcc.h **** /**
 802:Drivers/CMSIS/Include/cmsis_gcc.h ****   \brief   Store-Release (8 bit)
 803:Drivers/CMSIS/Include/cmsis_gcc.h ****   \details Executes a STLB instruction for 8 bit values.
 804:Drivers/CMSIS/Include/cmsis_gcc.h ****   \param [in]  value  Value to store
 805:Drivers/CMSIS/Include/cmsis_gcc.h ****   \param [in]    ptr  Pointer to location
 806:Drivers/CMSIS/Include/cmsis_gcc.h ****  */
 807:Drivers/CMSIS/Include/cmsis_gcc.h **** __STATIC_FORCEINLINE void __STLB(uint8_t value, volatile uint8_t *ptr)
 808:Drivers/CMSIS/Include/cmsis_gcc.h **** {
 809:Drivers/CMSIS/Include/cmsis_gcc.h ****    __ASM volatile ("stlb %1, %0" : "=Q" (*ptr) : "r" ((uint32_t)value) : "memory" );
 810:Drivers/CMSIS/Include/cmsis_gcc.h **** }
 811:Drivers/CMSIS/Include/cmsis_gcc.h **** 
 812:Drivers/CMSIS/Include/cmsis_gcc.h **** 
 813:Drivers/CMSIS/Include/cmsis_gcc.h **** /**
 814:Drivers/CMSIS/Include/cmsis_gcc.h ****   \brief   Store-Release (16 bit)
 815:Drivers/CMSIS/Include/cmsis_gcc.h ****   \details Executes a STLH instruction for 16 bit values.
 816:Drivers/CMSIS/Include/cmsis_gcc.h ****   \param [in]  value  Value to store
 817:Drivers/CMSIS/Include/cmsis_gcc.h ****   \param [in]    ptr  Pointer to location
 818:Drivers/CMSIS/Include/cmsis_gcc.h ****  */
 819:Drivers/CMSIS/Include/cmsis_gcc.h **** __STATIC_FORCEINLINE void __STLH(uint16_t value, volatile uint16_t *ptr)
 820:Drivers/CMSIS/Include/cmsis_gcc.h **** {
 821:Drivers/CMSIS/Include/cmsis_gcc.h ****    __ASM volatile ("stlh %1, %0" : "=Q" (*ptr) : "r" ((uint32_t)value) : "memory" );
 822:Drivers/CMSIS/Include/cmsis_gcc.h **** }
 823:Drivers/CMSIS/Include/cmsis_gcc.h **** 
 824:Drivers/CMSIS/Include/cmsis_gcc.h **** 
 825:Drivers/CMSIS/Include/cmsis_gcc.h **** /**
 826:Drivers/CMSIS/Include/cmsis_gcc.h ****   \brief   Store-Release (32 bit)
 827:Drivers/CMSIS/Include/cmsis_gcc.h ****   \details Executes a STL instruction for 32 bit values.
 828:Drivers/CMSIS/Include/cmsis_gcc.h ****   \param [in]  value  Value to store
 829:Drivers/CMSIS/Include/cmsis_gcc.h ****   \param [in]    ptr  Pointer to location
 830:Drivers/CMSIS/Include/cmsis_gcc.h ****  */
 831:Drivers/CMSIS/Include/cmsis_gcc.h **** __STATIC_FORCEINLINE void __STL(uint32_t value, volatile uint32_t *ptr)
 832:Drivers/CMSIS/Include/cmsis_gcc.h **** {
 833:Drivers/CMSIS/Include/cmsis_gcc.h ****    __ASM volatile ("stl %1, %0" : "=Q" (*ptr) : "r" ((uint32_t)value) : "memory" );
 834:Drivers/CMSIS/Include/cmsis_gcc.h **** }
 835:Drivers/CMSIS/Include/cmsis_gcc.h **** 
 836:Drivers/CMSIS/Include/cmsis_gcc.h **** 
 837:Drivers/CMSIS/Include/cmsis_gcc.h **** /**
 838:Drivers/CMSIS/Include/cmsis_gcc.h ****   \brief   Load-Acquire Exclusive (8 bit)
 839:Drivers/CMSIS/Include/cmsis_gcc.h ****   \details Executes a LDAB exclusive instruction for 8 bit value.
 840:Drivers/CMSIS/Include/cmsis_gcc.h ****   \param [in]    ptr  Pointer to data
 841:Drivers/CMSIS/Include/cmsis_gcc.h ****   \return             value of type uint8_t at (*ptr)
 842:Drivers/CMSIS/Include/cmsis_gcc.h ****  */
 843:Drivers/CMSIS/Include/cmsis_gcc.h **** __STATIC_FORCEINLINE uint8_t __LDAEXB(volatile uint8_t *ptr)
 844:Drivers/CMSIS/Include/cmsis_gcc.h **** {
ARM GAS  C:\Users\rosto\AppData\Local\Temp\cciuoPym.s 			page 41


 845:Drivers/CMSIS/Include/cmsis_gcc.h ****     uint32_t result;
 846:Drivers/CMSIS/Include/cmsis_gcc.h **** 
 847:Drivers/CMSIS/Include/cmsis_gcc.h ****    __ASM volatile ("ldaexb %0, %1" : "=r" (result) : "Q" (*ptr) : "memory" );
 848:Drivers/CMSIS/Include/cmsis_gcc.h ****    return ((uint8_t) result);
 849:Drivers/CMSIS/Include/cmsis_gcc.h **** }
 850:Drivers/CMSIS/Include/cmsis_gcc.h **** 
 851:Drivers/CMSIS/Include/cmsis_gcc.h **** 
 852:Drivers/CMSIS/Include/cmsis_gcc.h **** /**
 853:Drivers/CMSIS/Include/cmsis_gcc.h ****   \brief   Load-Acquire Exclusive (16 bit)
 854:Drivers/CMSIS/Include/cmsis_gcc.h ****   \details Executes a LDAH exclusive instruction for 16 bit values.
 855:Drivers/CMSIS/Include/cmsis_gcc.h ****   \param [in]    ptr  Pointer to data
 856:Drivers/CMSIS/Include/cmsis_gcc.h ****   \return        value of type uint16_t at (*ptr)
 857:Drivers/CMSIS/Include/cmsis_gcc.h ****  */
 858:Drivers/CMSIS/Include/cmsis_gcc.h **** __STATIC_FORCEINLINE uint16_t __LDAEXH(volatile uint16_t *ptr)
 859:Drivers/CMSIS/Include/cmsis_gcc.h **** {
 860:Drivers/CMSIS/Include/cmsis_gcc.h ****     uint32_t result;
 861:Drivers/CMSIS/Include/cmsis_gcc.h **** 
 862:Drivers/CMSIS/Include/cmsis_gcc.h ****    __ASM volatile ("ldaexh %0, %1" : "=r" (result) : "Q" (*ptr) : "memory" );
 863:Drivers/CMSIS/Include/cmsis_gcc.h ****    return ((uint16_t) result);
 864:Drivers/CMSIS/Include/cmsis_gcc.h **** }
 865:Drivers/CMSIS/Include/cmsis_gcc.h **** 
 866:Drivers/CMSIS/Include/cmsis_gcc.h **** 
 867:Drivers/CMSIS/Include/cmsis_gcc.h **** /**
 868:Drivers/CMSIS/Include/cmsis_gcc.h ****   \brief   Load-Acquire Exclusive (32 bit)
 869:Drivers/CMSIS/Include/cmsis_gcc.h ****   \details Executes a LDA exclusive instruction for 32 bit values.
 870:Drivers/CMSIS/Include/cmsis_gcc.h ****   \param [in]    ptr  Pointer to data
 871:Drivers/CMSIS/Include/cmsis_gcc.h ****   \return        value of type uint32_t at (*ptr)
 872:Drivers/CMSIS/Include/cmsis_gcc.h ****  */
 873:Drivers/CMSIS/Include/cmsis_gcc.h **** __STATIC_FORCEINLINE uint32_t __LDAEX(volatile uint32_t *ptr)
 874:Drivers/CMSIS/Include/cmsis_gcc.h **** {
 875:Drivers/CMSIS/Include/cmsis_gcc.h ****     uint32_t result;
 876:Drivers/CMSIS/Include/cmsis_gcc.h **** 
 877:Drivers/CMSIS/Include/cmsis_gcc.h ****    __ASM volatile ("ldaex %0, %1" : "=r" (result) : "Q" (*ptr) : "memory" );
 878:Drivers/CMSIS/Include/cmsis_gcc.h ****    return(result);
 879:Drivers/CMSIS/Include/cmsis_gcc.h **** }
 880:Drivers/CMSIS/Include/cmsis_gcc.h **** 
 881:Drivers/CMSIS/Include/cmsis_gcc.h **** 
 882:Drivers/CMSIS/Include/cmsis_gcc.h **** /**
 883:Drivers/CMSIS/Include/cmsis_gcc.h ****   \brief   Store-Release Exclusive (8 bit)
 884:Drivers/CMSIS/Include/cmsis_gcc.h ****   \details Executes a STLB exclusive instruction for 8 bit values.
 885:Drivers/CMSIS/Include/cmsis_gcc.h ****   \param [in]  value  Value to store
 886:Drivers/CMSIS/Include/cmsis_gcc.h ****   \param [in]    ptr  Pointer to location
 887:Drivers/CMSIS/Include/cmsis_gcc.h ****   \return          0  Function succeeded
 888:Drivers/CMSIS/Include/cmsis_gcc.h ****   \return          1  Function failed
 889:Drivers/CMSIS/Include/cmsis_gcc.h ****  */
 890:Drivers/CMSIS/Include/cmsis_gcc.h **** __STATIC_FORCEINLINE uint32_t __STLEXB(uint8_t value, volatile uint8_t *ptr)
 891:Drivers/CMSIS/Include/cmsis_gcc.h **** {
 892:Drivers/CMSIS/Include/cmsis_gcc.h ****    uint32_t result;
 893:Drivers/CMSIS/Include/cmsis_gcc.h **** 
 894:Drivers/CMSIS/Include/cmsis_gcc.h ****    __ASM volatile ("stlexb %0, %2, %1" : "=&r" (result), "=Q" (*ptr) : "r" ((uint32_t)value) : "mem
 895:Drivers/CMSIS/Include/cmsis_gcc.h ****    return(result);
 896:Drivers/CMSIS/Include/cmsis_gcc.h **** }
 897:Drivers/CMSIS/Include/cmsis_gcc.h **** 
 898:Drivers/CMSIS/Include/cmsis_gcc.h **** 
 899:Drivers/CMSIS/Include/cmsis_gcc.h **** /**
 900:Drivers/CMSIS/Include/cmsis_gcc.h ****   \brief   Store-Release Exclusive (16 bit)
 901:Drivers/CMSIS/Include/cmsis_gcc.h ****   \details Executes a STLH exclusive instruction for 16 bit values.
ARM GAS  C:\Users\rosto\AppData\Local\Temp\cciuoPym.s 			page 42


 902:Drivers/CMSIS/Include/cmsis_gcc.h ****   \param [in]  value  Value to store
 903:Drivers/CMSIS/Include/cmsis_gcc.h ****   \param [in]    ptr  Pointer to location
 904:Drivers/CMSIS/Include/cmsis_gcc.h ****   \return          0  Function succeeded
 905:Drivers/CMSIS/Include/cmsis_gcc.h ****   \return          1  Function failed
 906:Drivers/CMSIS/Include/cmsis_gcc.h ****  */
 907:Drivers/CMSIS/Include/cmsis_gcc.h **** __STATIC_FORCEINLINE uint32_t __STLEXH(uint16_t value, volatile uint16_t *ptr)
 908:Drivers/CMSIS/Include/cmsis_gcc.h **** {
 909:Drivers/CMSIS/Include/cmsis_gcc.h ****    uint32_t result;
 910:Drivers/CMSIS/Include/cmsis_gcc.h **** 
 911:Drivers/CMSIS/Include/cmsis_gcc.h ****    __ASM volatile ("stlexh %0, %2, %1" : "=&r" (result), "=Q" (*ptr) : "r" ((uint32_t)value) : "mem
 912:Drivers/CMSIS/Include/cmsis_gcc.h ****    return(result);
 913:Drivers/CMSIS/Include/cmsis_gcc.h **** }
 914:Drivers/CMSIS/Include/cmsis_gcc.h **** 
 915:Drivers/CMSIS/Include/cmsis_gcc.h **** 
 916:Drivers/CMSIS/Include/cmsis_gcc.h **** /**
 917:Drivers/CMSIS/Include/cmsis_gcc.h ****   \brief   Store-Release Exclusive (32 bit)
 918:Drivers/CMSIS/Include/cmsis_gcc.h ****   \details Executes a STL exclusive instruction for 32 bit values.
 919:Drivers/CMSIS/Include/cmsis_gcc.h ****   \param [in]  value  Value to store
 920:Drivers/CMSIS/Include/cmsis_gcc.h ****   \param [in]    ptr  Pointer to location
 921:Drivers/CMSIS/Include/cmsis_gcc.h ****   \return          0  Function succeeded
 922:Drivers/CMSIS/Include/cmsis_gcc.h ****   \return          1  Function failed
 923:Drivers/CMSIS/Include/cmsis_gcc.h ****  */
 924:Drivers/CMSIS/Include/cmsis_gcc.h **** __STATIC_FORCEINLINE uint32_t __STLEX(uint32_t value, volatile uint32_t *ptr)
 925:Drivers/CMSIS/Include/cmsis_gcc.h **** {
 926:Drivers/CMSIS/Include/cmsis_gcc.h ****    uint32_t result;
 927:Drivers/CMSIS/Include/cmsis_gcc.h **** 
 928:Drivers/CMSIS/Include/cmsis_gcc.h ****    __ASM volatile ("stlex %0, %2, %1" : "=&r" (result), "=Q" (*ptr) : "r" ((uint32_t)value) : "memo
 929:Drivers/CMSIS/Include/cmsis_gcc.h ****    return(result);
 930:Drivers/CMSIS/Include/cmsis_gcc.h **** }
 931:Drivers/CMSIS/Include/cmsis_gcc.h **** 
 932:Drivers/CMSIS/Include/cmsis_gcc.h **** #endif /* ((defined (__ARM_ARCH_8M_MAIN__ ) && (__ARM_ARCH_8M_MAIN__ == 1)) || \
 933:Drivers/CMSIS/Include/cmsis_gcc.h ****            (defined (__ARM_ARCH_8M_BASE__ ) && (__ARM_ARCH_8M_BASE__ == 1))    ) */
 934:Drivers/CMSIS/Include/cmsis_gcc.h **** 
 935:Drivers/CMSIS/Include/cmsis_gcc.h **** /*@}*/ /* end of group CMSIS_Core_InstructionInterface */
 936:Drivers/CMSIS/Include/cmsis_gcc.h **** 
 937:Drivers/CMSIS/Include/cmsis_gcc.h **** 
 938:Drivers/CMSIS/Include/cmsis_gcc.h **** /* ###########################  Core Function Access  ########################### */
 939:Drivers/CMSIS/Include/cmsis_gcc.h **** /** \ingroup  CMSIS_Core_FunctionInterface
 940:Drivers/CMSIS/Include/cmsis_gcc.h ****     \defgroup CMSIS_Core_RegAccFunctions CMSIS Core Register Access Functions
 941:Drivers/CMSIS/Include/cmsis_gcc.h ****   @{
 942:Drivers/CMSIS/Include/cmsis_gcc.h ****  */
 943:Drivers/CMSIS/Include/cmsis_gcc.h **** 
 944:Drivers/CMSIS/Include/cmsis_gcc.h **** /**
 945:Drivers/CMSIS/Include/cmsis_gcc.h ****   \brief   Enable IRQ Interrupts
 946:Drivers/CMSIS/Include/cmsis_gcc.h ****   \details Enables IRQ interrupts by clearing special-purpose register PRIMASK.
 947:Drivers/CMSIS/Include/cmsis_gcc.h ****            Can only be executed in Privileged modes.
 948:Drivers/CMSIS/Include/cmsis_gcc.h ****  */
 949:Drivers/CMSIS/Include/cmsis_gcc.h **** __STATIC_FORCEINLINE void __enable_irq(void)
 950:Drivers/CMSIS/Include/cmsis_gcc.h **** {
 951:Drivers/CMSIS/Include/cmsis_gcc.h ****   __ASM volatile ("cpsie i" : : : "memory");
 952:Drivers/CMSIS/Include/cmsis_gcc.h **** }
 953:Drivers/CMSIS/Include/cmsis_gcc.h **** 
 954:Drivers/CMSIS/Include/cmsis_gcc.h **** 
 955:Drivers/CMSIS/Include/cmsis_gcc.h **** /**
 956:Drivers/CMSIS/Include/cmsis_gcc.h ****   \brief   Disable IRQ Interrupts
 957:Drivers/CMSIS/Include/cmsis_gcc.h ****   \details Disables IRQ interrupts by setting special-purpose register PRIMASK.
 958:Drivers/CMSIS/Include/cmsis_gcc.h ****            Can only be executed in Privileged modes.
ARM GAS  C:\Users\rosto\AppData\Local\Temp\cciuoPym.s 			page 43


 959:Drivers/CMSIS/Include/cmsis_gcc.h ****  */
 960:Drivers/CMSIS/Include/cmsis_gcc.h **** __STATIC_FORCEINLINE void __disable_irq(void)
 527              		.loc 2 960 27 view .LVU130
 528              	.LBB9:
 961:Drivers/CMSIS/Include/cmsis_gcc.h **** {
 962:Drivers/CMSIS/Include/cmsis_gcc.h ****   __ASM volatile ("cpsid i" : : : "memory");
 529              		.loc 2 962 3 view .LVU131
 530              		.syntax unified
 531              	@ 962 "Drivers/CMSIS/Include/cmsis_gcc.h" 1
 532 0000 72B6     		cpsid i
 533              	@ 0 "" 2
 534              		.thumb
 535              		.syntax unified
 536              	.L25:
 537              	.LBE9:
 538              	.LBE8:
 883:Core/Src/main.c ****   while (1)
 539              		.loc 1 883 3 view .LVU132
 884:Core/Src/main.c ****   {
 885:Core/Src/main.c ****   }
 540              		.loc 1 885 3 view .LVU133
 883:Core/Src/main.c ****   while (1)
 541              		.loc 1 883 9 view .LVU134
 542 0002 FEE7     		b	.L25
 543              		.cfi_endproc
 544              	.LFE144:
 546              		.section	.text.MX_TIM2_Init,"ax",%progbits
 547              		.align	1
 548              		.syntax unified
 549              		.thumb
 550              		.thumb_func
 552              	MX_TIM2_Init:
 553              	.LFB139:
 589:Core/Src/main.c **** 
 554              		.loc 1 589 1 view -0
 555              		.cfi_startproc
 556              		@ args = 0, pretend = 0, frame = 56
 557              		@ frame_needed = 0, uses_anonymous_args = 0
 558 0000 00B5     		push	{lr}
 559              	.LCFI7:
 560              		.cfi_def_cfa_offset 4
 561              		.cfi_offset 14, -4
 562 0002 8FB0     		sub	sp, sp, #60
 563              	.LCFI8:
 564              		.cfi_def_cfa_offset 64
 595:Core/Src/main.c ****   TIM_MasterConfigTypeDef sMasterConfig = {0};
 565              		.loc 1 595 3 view .LVU136
 595:Core/Src/main.c ****   TIM_MasterConfigTypeDef sMasterConfig = {0};
 566              		.loc 1 595 26 is_stmt 0 view .LVU137
 567 0004 0023     		movs	r3, #0
 568 0006 0A93     		str	r3, [sp, #40]
 569 0008 0B93     		str	r3, [sp, #44]
 570 000a 0C93     		str	r3, [sp, #48]
 571 000c 0D93     		str	r3, [sp, #52]
 596:Core/Src/main.c ****   TIM_OC_InitTypeDef sConfigOC = {0};
 572              		.loc 1 596 3 is_stmt 1 view .LVU138
 596:Core/Src/main.c ****   TIM_OC_InitTypeDef sConfigOC = {0};
ARM GAS  C:\Users\rosto\AppData\Local\Temp\cciuoPym.s 			page 44


 573              		.loc 1 596 27 is_stmt 0 view .LVU139
 574 000e 0893     		str	r3, [sp, #32]
 575 0010 0993     		str	r3, [sp, #36]
 597:Core/Src/main.c **** 
 576              		.loc 1 597 3 is_stmt 1 view .LVU140
 597:Core/Src/main.c **** 
 577              		.loc 1 597 22 is_stmt 0 view .LVU141
 578 0012 0193     		str	r3, [sp, #4]
 579 0014 0293     		str	r3, [sp, #8]
 580 0016 0393     		str	r3, [sp, #12]
 581 0018 0493     		str	r3, [sp, #16]
 582 001a 0593     		str	r3, [sp, #20]
 583 001c 0693     		str	r3, [sp, #24]
 584 001e 0793     		str	r3, [sp, #28]
 602:Core/Src/main.c ****   htim2.Init.Prescaler = 0;
 585              		.loc 1 602 3 is_stmt 1 view .LVU142
 602:Core/Src/main.c ****   htim2.Init.Prescaler = 0;
 586              		.loc 1 602 18 is_stmt 0 view .LVU143
 587 0020 3648     		ldr	r0, .L40
 588 0022 4FF08042 		mov	r2, #1073741824
 589 0026 0260     		str	r2, [r0]
 603:Core/Src/main.c ****   htim2.Init.CounterMode = TIM_COUNTERMODE_UP;
 590              		.loc 1 603 3 is_stmt 1 view .LVU144
 603:Core/Src/main.c ****   htim2.Init.CounterMode = TIM_COUNTERMODE_UP;
 591              		.loc 1 603 24 is_stmt 0 view .LVU145
 592 0028 4360     		str	r3, [r0, #4]
 604:Core/Src/main.c ****   htim2.Init.Period = TIM2_Ticks - 1;
 593              		.loc 1 604 3 is_stmt 1 view .LVU146
 604:Core/Src/main.c ****   htim2.Init.Period = TIM2_Ticks - 1;
 594              		.loc 1 604 26 is_stmt 0 view .LVU147
 595 002a 8360     		str	r3, [r0, #8]
 605:Core/Src/main.c ****   htim2.Init.ClockDivision = TIM_CLOCKDIVISION_DIV1;
 596              		.loc 1 605 3 is_stmt 1 view .LVU148
 605:Core/Src/main.c ****   htim2.Init.ClockDivision = TIM_CLOCKDIVISION_DIV1;
 597              		.loc 1 605 34 is_stmt 0 view .LVU149
 598 002c 344A     		ldr	r2, .L40+4
 599 002e 1268     		ldr	r2, [r2]
 600 0030 013A     		subs	r2, r2, #1
 605:Core/Src/main.c ****   htim2.Init.ClockDivision = TIM_CLOCKDIVISION_DIV1;
 601              		.loc 1 605 21 view .LVU150
 602 0032 C260     		str	r2, [r0, #12]
 606:Core/Src/main.c ****   htim2.Init.AutoReloadPreload = TIM_AUTORELOAD_PRELOAD_DISABLE;
 603              		.loc 1 606 3 is_stmt 1 view .LVU151
 606:Core/Src/main.c ****   htim2.Init.AutoReloadPreload = TIM_AUTORELOAD_PRELOAD_DISABLE;
 604              		.loc 1 606 28 is_stmt 0 view .LVU152
 605 0034 0361     		str	r3, [r0, #16]
 607:Core/Src/main.c ****   if (HAL_TIM_Base_Init(&htim2) != HAL_OK)
 606              		.loc 1 607 3 is_stmt 1 view .LVU153
 607:Core/Src/main.c ****   if (HAL_TIM_Base_Init(&htim2) != HAL_OK)
 607              		.loc 1 607 32 is_stmt 0 view .LVU154
 608 0036 8361     		str	r3, [r0, #24]
 608:Core/Src/main.c ****   {
 609              		.loc 1 608 3 is_stmt 1 view .LVU155
 608:Core/Src/main.c ****   {
 610              		.loc 1 608 7 is_stmt 0 view .LVU156
 611 0038 FFF7FEFF 		bl	HAL_TIM_Base_Init
 612              	.LVL26:
ARM GAS  C:\Users\rosto\AppData\Local\Temp\cciuoPym.s 			page 45


 608:Core/Src/main.c ****   {
 613              		.loc 1 608 6 discriminator 1 view .LVU157
 614 003c 0028     		cmp	r0, #0
 615 003e 50D1     		bne	.L34
 612:Core/Src/main.c ****   if (HAL_TIM_ConfigClockSource(&htim2, &sClockSourceConfig) != HAL_OK)
 616              		.loc 1 612 3 is_stmt 1 view .LVU158
 612:Core/Src/main.c ****   if (HAL_TIM_ConfigClockSource(&htim2, &sClockSourceConfig) != HAL_OK)
 617              		.loc 1 612 34 is_stmt 0 view .LVU159
 618 0040 4FF48053 		mov	r3, #4096
 619 0044 0A93     		str	r3, [sp, #40]
 613:Core/Src/main.c ****   {
 620              		.loc 1 613 3 is_stmt 1 view .LVU160
 613:Core/Src/main.c ****   {
 621              		.loc 1 613 7 is_stmt 0 view .LVU161
 622 0046 0AA9     		add	r1, sp, #40
 623 0048 2C48     		ldr	r0, .L40
 624 004a FFF7FEFF 		bl	HAL_TIM_ConfigClockSource
 625              	.LVL27:
 613:Core/Src/main.c ****   {
 626              		.loc 1 613 6 discriminator 1 view .LVU162
 627 004e 0028     		cmp	r0, #0
 628 0050 49D1     		bne	.L35
 617:Core/Src/main.c ****   {
 629              		.loc 1 617 3 is_stmt 1 view .LVU163
 617:Core/Src/main.c ****   {
 630              		.loc 1 617 7 is_stmt 0 view .LVU164
 631 0052 2A48     		ldr	r0, .L40
 632 0054 FFF7FEFF 		bl	HAL_TIM_OC_Init
 633              	.LVL28:
 617:Core/Src/main.c ****   {
 634              		.loc 1 617 6 discriminator 1 view .LVU165
 635 0058 0028     		cmp	r0, #0
 636 005a 46D1     		bne	.L36
 621:Core/Src/main.c ****   sMasterConfig.MasterSlaveMode = TIM_MASTERSLAVEMODE_DISABLE;
 637              		.loc 1 621 3 is_stmt 1 view .LVU166
 621:Core/Src/main.c ****   sMasterConfig.MasterSlaveMode = TIM_MASTERSLAVEMODE_DISABLE;
 638              		.loc 1 621 37 is_stmt 0 view .LVU167
 639 005c 0023     		movs	r3, #0
 640 005e 0893     		str	r3, [sp, #32]
 622:Core/Src/main.c ****   if (HAL_TIMEx_MasterConfigSynchronization(&htim2, &sMasterConfig) != HAL_OK)
 641              		.loc 1 622 3 is_stmt 1 view .LVU168
 622:Core/Src/main.c ****   if (HAL_TIMEx_MasterConfigSynchronization(&htim2, &sMasterConfig) != HAL_OK)
 642              		.loc 1 622 33 is_stmt 0 view .LVU169
 643 0060 0993     		str	r3, [sp, #36]
 623:Core/Src/main.c ****   {
 644              		.loc 1 623 3 is_stmt 1 view .LVU170
 623:Core/Src/main.c ****   {
 645              		.loc 1 623 7 is_stmt 0 view .LVU171
 646 0062 08A9     		add	r1, sp, #32
 647 0064 2548     		ldr	r0, .L40
 648 0066 FFF7FEFF 		bl	HAL_TIMEx_MasterConfigSynchronization
 649              	.LVL29:
 623:Core/Src/main.c ****   {
 650              		.loc 1 623 6 discriminator 1 view .LVU172
 651 006a 0028     		cmp	r0, #0
 652 006c 3FD1     		bne	.L37
 627:Core/Src/main.c ****   sConfigOC.Pulse = 0;
ARM GAS  C:\Users\rosto\AppData\Local\Temp\cciuoPym.s 			page 46


 653              		.loc 1 627 3 is_stmt 1 view .LVU173
 627:Core/Src/main.c ****   sConfigOC.Pulse = 0;
 654              		.loc 1 627 20 is_stmt 0 view .LVU174
 655 006e 0022     		movs	r2, #0
 656 0070 0192     		str	r2, [sp, #4]
 628:Core/Src/main.c ****   sConfigOC.OCPolarity = TIM_OCPOLARITY_HIGH;
 657              		.loc 1 628 3 is_stmt 1 view .LVU175
 628:Core/Src/main.c ****   sConfigOC.OCPolarity = TIM_OCPOLARITY_HIGH;
 658              		.loc 1 628 19 is_stmt 0 view .LVU176
 659 0072 0292     		str	r2, [sp, #8]
 629:Core/Src/main.c ****   sConfigOC.OCFastMode = TIM_OCFAST_DISABLE;
 660              		.loc 1 629 3 is_stmt 1 view .LVU177
 629:Core/Src/main.c ****   sConfigOC.OCFastMode = TIM_OCFAST_DISABLE;
 661              		.loc 1 629 24 is_stmt 0 view .LVU178
 662 0074 0392     		str	r2, [sp, #12]
 630:Core/Src/main.c ****   if (HAL_TIM_OC_ConfigChannel(&htim2, &sConfigOC, TIM_CHANNEL_1) != HAL_OK)
 663              		.loc 1 630 3 is_stmt 1 view .LVU179
 630:Core/Src/main.c ****   if (HAL_TIM_OC_ConfigChannel(&htim2, &sConfigOC, TIM_CHANNEL_1) != HAL_OK)
 664              		.loc 1 630 24 is_stmt 0 view .LVU180
 665 0076 0592     		str	r2, [sp, #20]
 631:Core/Src/main.c ****   {
 666              		.loc 1 631 3 is_stmt 1 view .LVU181
 631:Core/Src/main.c ****   {
 667              		.loc 1 631 7 is_stmt 0 view .LVU182
 668 0078 01A9     		add	r1, sp, #4
 669 007a 2048     		ldr	r0, .L40
 670 007c FFF7FEFF 		bl	HAL_TIM_OC_ConfigChannel
 671              	.LVL30:
 631:Core/Src/main.c ****   {
 672              		.loc 1 631 6 discriminator 1 view .LVU183
 673 0080 0028     		cmp	r0, #0
 674 0082 36D1     		bne	.L38
 637:Core/Src/main.c **** 
 675              		.loc 1 637 3 is_stmt 1 view .LVU184
 676              	.LBB10:
 637:Core/Src/main.c **** 
 677              		.loc 1 637 3 view .LVU185
 678 0084 0023     		movs	r3, #0
 679 0086 0093     		str	r3, [sp]
 637:Core/Src/main.c **** 
 680              		.loc 1 637 3 view .LVU186
 681 0088 1E4A     		ldr	r2, .L40+8
 682 008a 116B     		ldr	r1, [r2, #48]
 683 008c 41F40011 		orr	r1, r1, #2097152
 684 0090 1163     		str	r1, [r2, #48]
 637:Core/Src/main.c **** 
 685              		.loc 1 637 3 view .LVU187
 686 0092 126B     		ldr	r2, [r2, #48]
 687 0094 02F40012 		and	r2, r2, #2097152
 688 0098 0092     		str	r2, [sp]
 637:Core/Src/main.c **** 
 689              		.loc 1 637 3 view .LVU188
 690 009a 009A     		ldr	r2, [sp]
 691              	.LBE10:
 637:Core/Src/main.c **** 
 692              		.loc 1 637 3 view .LVU189
 639:Core/Src/main.c ****   hdma_tim2_ch1.Init.Channel = DMA_CHANNEL_3;         // TIM2_CH1 is on channel 3
ARM GAS  C:\Users\rosto\AppData\Local\Temp\cciuoPym.s 			page 47


 693              		.loc 1 639 3 view .LVU190
 639:Core/Src/main.c ****   hdma_tim2_ch1.Init.Channel = DMA_CHANNEL_3;         // TIM2_CH1 is on channel 3
 694              		.loc 1 639 26 is_stmt 0 view .LVU191
 695 009c 1A48     		ldr	r0, .L40+12
 696 009e 1B4A     		ldr	r2, .L40+16
 697 00a0 0260     		str	r2, [r0]
 640:Core/Src/main.c ****   hdma_tim2_ch1.Init.Direction = DMA_MEMORY_TO_PERIPH; // Memory -> TIM3->CCR3
 698              		.loc 1 640 3 is_stmt 1 view .LVU192
 640:Core/Src/main.c ****   hdma_tim2_ch1.Init.Direction = DMA_MEMORY_TO_PERIPH; // Memory -> TIM3->CCR3
 699              		.loc 1 640 30 is_stmt 0 view .LVU193
 700 00a2 4FF0C062 		mov	r2, #100663296
 701 00a6 4260     		str	r2, [r0, #4]
 641:Core/Src/main.c ****   hdma_tim2_ch1.Init.PeriphInc = DMA_PINC_DISABLE;    // Peripheral address fixed
 702              		.loc 1 641 3 is_stmt 1 view .LVU194
 641:Core/Src/main.c ****   hdma_tim2_ch1.Init.PeriphInc = DMA_PINC_DISABLE;    // Peripheral address fixed
 703              		.loc 1 641 32 is_stmt 0 view .LVU195
 704 00a8 4022     		movs	r2, #64
 705 00aa 8260     		str	r2, [r0, #8]
 642:Core/Src/main.c ****   hdma_tim2_ch1.Init.MemInc = DMA_MINC_ENABLE;        // Memory address increments
 706              		.loc 1 642 3 is_stmt 1 view .LVU196
 642:Core/Src/main.c ****   hdma_tim2_ch1.Init.MemInc = DMA_MINC_ENABLE;        // Memory address increments
 707              		.loc 1 642 32 is_stmt 0 view .LVU197
 708 00ac C360     		str	r3, [r0, #12]
 643:Core/Src/main.c ****   hdma_tim2_ch1.Init.PeriphDataAlignment = DMA_PDATAALIGN_WORD;
 709              		.loc 1 643 3 is_stmt 1 view .LVU198
 643:Core/Src/main.c ****   hdma_tim2_ch1.Init.PeriphDataAlignment = DMA_PDATAALIGN_WORD;
 710              		.loc 1 643 29 is_stmt 0 view .LVU199
 711 00ae 4FF48062 		mov	r2, #1024
 712 00b2 0261     		str	r2, [r0, #16]
 644:Core/Src/main.c ****   hdma_tim2_ch1.Init.MemDataAlignment = DMA_MDATAALIGN_WORD;
 713              		.loc 1 644 3 is_stmt 1 view .LVU200
 644:Core/Src/main.c ****   hdma_tim2_ch1.Init.MemDataAlignment = DMA_MDATAALIGN_WORD;
 714              		.loc 1 644 42 is_stmt 0 view .LVU201
 715 00b4 4FF48052 		mov	r2, #4096
 716 00b8 4261     		str	r2, [r0, #20]
 645:Core/Src/main.c ****   hdma_tim2_ch1.Init.Mode = DMA_CIRCULAR;            // Repeat LUT automatically
 717              		.loc 1 645 3 is_stmt 1 view .LVU202
 645:Core/Src/main.c ****   hdma_tim2_ch1.Init.Mode = DMA_CIRCULAR;            // Repeat LUT automatically
 718              		.loc 1 645 39 is_stmt 0 view .LVU203
 719 00ba 4FF48042 		mov	r2, #16384
 720 00be 8261     		str	r2, [r0, #24]
 646:Core/Src/main.c ****   hdma_tim2_ch1.Init.Priority = DMA_PRIORITY_HIGH;
 721              		.loc 1 646 3 is_stmt 1 view .LVU204
 646:Core/Src/main.c ****   hdma_tim2_ch1.Init.Priority = DMA_PRIORITY_HIGH;
 722              		.loc 1 646 27 is_stmt 0 view .LVU205
 723 00c0 4FF48072 		mov	r2, #256
 724 00c4 C261     		str	r2, [r0, #28]
 647:Core/Src/main.c ****   hdma_tim2_ch1.Init.FIFOMode = DMA_FIFOMODE_DISABLE;
 725              		.loc 1 647 3 is_stmt 1 view .LVU206
 647:Core/Src/main.c ****   hdma_tim2_ch1.Init.FIFOMode = DMA_FIFOMODE_DISABLE;
 726              		.loc 1 647 31 is_stmt 0 view .LVU207
 727 00c6 4FF40032 		mov	r2, #131072
 728 00ca 0262     		str	r2, [r0, #32]
 648:Core/Src/main.c **** 
 729              		.loc 1 648 3 is_stmt 1 view .LVU208
 648:Core/Src/main.c **** 
 730              		.loc 1 648 31 is_stmt 0 view .LVU209
ARM GAS  C:\Users\rosto\AppData\Local\Temp\cciuoPym.s 			page 48


 731 00cc 4362     		str	r3, [r0, #36]
 650:Core/Src/main.c ****   {
 732              		.loc 1 650 3 is_stmt 1 view .LVU210
 650:Core/Src/main.c ****   {
 733              		.loc 1 650 7 is_stmt 0 view .LVU211
 734 00ce FFF7FEFF 		bl	HAL_DMA_Init
 735              	.LVL31:
 650:Core/Src/main.c ****   {
 736              		.loc 1 650 6 discriminator 1 view .LVU212
 737 00d2 80B9     		cbnz	r0, .L39
 656:Core/Src/main.c ****   /* USER CODE END TIM2_Init 2 */
 738              		.loc 1 656 3 is_stmt 1 view .LVU213
 656:Core/Src/main.c ****   /* USER CODE END TIM2_Init 2 */
 739              		.loc 1 656 3 view .LVU214
 740 00d4 094A     		ldr	r2, .L40
 741 00d6 0C4B     		ldr	r3, .L40+12
 742 00d8 5362     		str	r3, [r2, #36]
 656:Core/Src/main.c ****   /* USER CODE END TIM2_Init 2 */
 743              		.loc 1 656 3 view .LVU215
 744 00da 9A63     		str	r2, [r3, #56]
 656:Core/Src/main.c ****   /* USER CODE END TIM2_Init 2 */
 745              		.loc 1 656 3 view .LVU216
 659:Core/Src/main.c **** 
 746              		.loc 1 659 1 is_stmt 0 view .LVU217
 747 00dc 0FB0     		add	sp, sp, #60
 748              	.LCFI9:
 749              		.cfi_remember_state
 750              		.cfi_def_cfa_offset 4
 751              		@ sp needed
 752 00de 5DF804FB 		ldr	pc, [sp], #4
 753              	.L34:
 754              	.LCFI10:
 755              		.cfi_restore_state
 610:Core/Src/main.c ****   }
 756              		.loc 1 610 5 is_stmt 1 view .LVU218
 757 00e2 FFF7FEFF 		bl	Error_Handler
 758              	.LVL32:
 759              	.L35:
 615:Core/Src/main.c ****   }
 760              		.loc 1 615 5 view .LVU219
 761 00e6 FFF7FEFF 		bl	Error_Handler
 762              	.LVL33:
 763              	.L36:
 619:Core/Src/main.c ****   }
 764              		.loc 1 619 5 view .LVU220
 765 00ea FFF7FEFF 		bl	Error_Handler
 766              	.LVL34:
 767              	.L37:
 625:Core/Src/main.c ****   }
 768              		.loc 1 625 5 view .LVU221
 769 00ee FFF7FEFF 		bl	Error_Handler
 770              	.LVL35:
 771              	.L38:
 633:Core/Src/main.c ****   }
 772              		.loc 1 633 5 view .LVU222
 773 00f2 FFF7FEFF 		bl	Error_Handler
 774              	.LVL36:
ARM GAS  C:\Users\rosto\AppData\Local\Temp\cciuoPym.s 			page 49


 775              	.L39:
 652:Core/Src/main.c ****   }
 776              		.loc 1 652 7 view .LVU223
 777 00f6 FFF7FEFF 		bl	Error_Handler
 778              	.LVL37:
 779              	.L41:
 780 00fa 00BF     		.align	2
 781              	.L40:
 782 00fc 00000000 		.word	htim2
 783 0100 00000000 		.word	TIM2_Ticks
 784 0104 00380240 		.word	1073887232
 785 0108 00000000 		.word	hdma_tim2_ch1
 786 010c 88600240 		.word	1073897608
 787              		.cfi_endproc
 788              	.LFE139:
 790              		.section	.text.MX_TIM3_Init,"ax",%progbits
 791              		.align	1
 792              		.syntax unified
 793              		.thumb
 794              		.thumb_func
 796              	MX_TIM3_Init:
 797              	.LFB140:
 667:Core/Src/main.c **** 
 798              		.loc 1 667 1 view -0
 799              		.cfi_startproc
 800              		@ args = 0, pretend = 0, frame = 56
 801              		@ frame_needed = 0, uses_anonymous_args = 0
 802 0000 00B5     		push	{lr}
 803              	.LCFI11:
 804              		.cfi_def_cfa_offset 4
 805              		.cfi_offset 14, -4
 806 0002 8FB0     		sub	sp, sp, #60
 807              	.LCFI12:
 808              		.cfi_def_cfa_offset 64
 673:Core/Src/main.c ****   TIM_MasterConfigTypeDef sMasterConfig = {0};
 809              		.loc 1 673 3 view .LVU225
 673:Core/Src/main.c ****   TIM_MasterConfigTypeDef sMasterConfig = {0};
 810              		.loc 1 673 26 is_stmt 0 view .LVU226
 811 0004 0023     		movs	r3, #0
 812 0006 0A93     		str	r3, [sp, #40]
 813 0008 0B93     		str	r3, [sp, #44]
 814 000a 0C93     		str	r3, [sp, #48]
 815 000c 0D93     		str	r3, [sp, #52]
 674:Core/Src/main.c ****   TIM_OC_InitTypeDef sConfigOC = {0};
 816              		.loc 1 674 3 is_stmt 1 view .LVU227
 674:Core/Src/main.c ****   TIM_OC_InitTypeDef sConfigOC = {0};
 817              		.loc 1 674 27 is_stmt 0 view .LVU228
 818 000e 0893     		str	r3, [sp, #32]
 819 0010 0993     		str	r3, [sp, #36]
 675:Core/Src/main.c **** 
 820              		.loc 1 675 3 is_stmt 1 view .LVU229
 675:Core/Src/main.c **** 
 821              		.loc 1 675 22 is_stmt 0 view .LVU230
 822 0012 0193     		str	r3, [sp, #4]
 823 0014 0293     		str	r3, [sp, #8]
 824 0016 0393     		str	r3, [sp, #12]
 825 0018 0493     		str	r3, [sp, #16]
ARM GAS  C:\Users\rosto\AppData\Local\Temp\cciuoPym.s 			page 50


 826 001a 0593     		str	r3, [sp, #20]
 827 001c 0693     		str	r3, [sp, #24]
 828 001e 0793     		str	r3, [sp, #28]
 680:Core/Src/main.c ****   htim3.Init.Prescaler = 0;
 829              		.loc 1 680 3 is_stmt 1 view .LVU231
 680:Core/Src/main.c ****   htim3.Init.Prescaler = 0;
 830              		.loc 1 680 18 is_stmt 0 view .LVU232
 831 0020 1E48     		ldr	r0, .L54
 832 0022 1F4A     		ldr	r2, .L54+4
 833 0024 0260     		str	r2, [r0]
 681:Core/Src/main.c ****   htim3.Init.CounterMode = TIM_COUNTERMODE_UP;
 834              		.loc 1 681 3 is_stmt 1 view .LVU233
 681:Core/Src/main.c ****   htim3.Init.CounterMode = TIM_COUNTERMODE_UP;
 835              		.loc 1 681 24 is_stmt 0 view .LVU234
 836 0026 4360     		str	r3, [r0, #4]
 682:Core/Src/main.c ****   htim3.Init.Period = 4095;
 837              		.loc 1 682 3 is_stmt 1 view .LVU235
 682:Core/Src/main.c ****   htim3.Init.Period = 4095;
 838              		.loc 1 682 26 is_stmt 0 view .LVU236
 839 0028 8360     		str	r3, [r0, #8]
 683:Core/Src/main.c ****   htim3.Init.ClockDivision = TIM_CLOCKDIVISION_DIV1;
 840              		.loc 1 683 3 is_stmt 1 view .LVU237
 683:Core/Src/main.c ****   htim3.Init.ClockDivision = TIM_CLOCKDIVISION_DIV1;
 841              		.loc 1 683 21 is_stmt 0 view .LVU238
 842 002a 40F6FF72 		movw	r2, #4095
 843 002e C260     		str	r2, [r0, #12]
 684:Core/Src/main.c ****   htim3.Init.AutoReloadPreload = TIM_AUTORELOAD_PRELOAD_DISABLE;
 844              		.loc 1 684 3 is_stmt 1 view .LVU239
 684:Core/Src/main.c ****   htim3.Init.AutoReloadPreload = TIM_AUTORELOAD_PRELOAD_DISABLE;
 845              		.loc 1 684 28 is_stmt 0 view .LVU240
 846 0030 0361     		str	r3, [r0, #16]
 685:Core/Src/main.c ****   if (HAL_TIM_Base_Init(&htim3) != HAL_OK)
 847              		.loc 1 685 3 is_stmt 1 view .LVU241
 685:Core/Src/main.c ****   if (HAL_TIM_Base_Init(&htim3) != HAL_OK)
 848              		.loc 1 685 32 is_stmt 0 view .LVU242
 849 0032 8361     		str	r3, [r0, #24]
 686:Core/Src/main.c ****   {
 850              		.loc 1 686 3 is_stmt 1 view .LVU243
 686:Core/Src/main.c ****   {
 851              		.loc 1 686 7 is_stmt 0 view .LVU244
 852 0034 FFF7FEFF 		bl	HAL_TIM_Base_Init
 853              	.LVL38:
 686:Core/Src/main.c ****   {
 854              		.loc 1 686 6 discriminator 1 view .LVU245
 855 0038 28BB     		cbnz	r0, .L49
 690:Core/Src/main.c ****   if (HAL_TIM_ConfigClockSource(&htim3, &sClockSourceConfig) != HAL_OK)
 856              		.loc 1 690 3 is_stmt 1 view .LVU246
 690:Core/Src/main.c ****   if (HAL_TIM_ConfigClockSource(&htim3, &sClockSourceConfig) != HAL_OK)
 857              		.loc 1 690 34 is_stmt 0 view .LVU247
 858 003a 4FF48053 		mov	r3, #4096
 859 003e 0A93     		str	r3, [sp, #40]
 691:Core/Src/main.c ****   {
 860              		.loc 1 691 3 is_stmt 1 view .LVU248
 691:Core/Src/main.c ****   {
 861              		.loc 1 691 7 is_stmt 0 view .LVU249
 862 0040 0AA9     		add	r1, sp, #40
 863 0042 1648     		ldr	r0, .L54
ARM GAS  C:\Users\rosto\AppData\Local\Temp\cciuoPym.s 			page 51


 864 0044 FFF7FEFF 		bl	HAL_TIM_ConfigClockSource
 865              	.LVL39:
 691:Core/Src/main.c ****   {
 866              		.loc 1 691 6 discriminator 1 view .LVU250
 867 0048 F8B9     		cbnz	r0, .L50
 695:Core/Src/main.c ****   {
 868              		.loc 1 695 3 is_stmt 1 view .LVU251
 695:Core/Src/main.c ****   {
 869              		.loc 1 695 7 is_stmt 0 view .LVU252
 870 004a 1448     		ldr	r0, .L54
 871 004c FFF7FEFF 		bl	HAL_TIM_PWM_Init
 872              	.LVL40:
 695:Core/Src/main.c ****   {
 873              		.loc 1 695 6 discriminator 1 view .LVU253
 874 0050 E8B9     		cbnz	r0, .L51
 699:Core/Src/main.c ****   sMasterConfig.MasterSlaveMode = TIM_MASTERSLAVEMODE_DISABLE;
 875              		.loc 1 699 3 is_stmt 1 view .LVU254
 699:Core/Src/main.c ****   sMasterConfig.MasterSlaveMode = TIM_MASTERSLAVEMODE_DISABLE;
 876              		.loc 1 699 37 is_stmt 0 view .LVU255
 877 0052 0023     		movs	r3, #0
 878 0054 0893     		str	r3, [sp, #32]
 700:Core/Src/main.c ****   if (HAL_TIMEx_MasterConfigSynchronization(&htim3, &sMasterConfig) != HAL_OK)
 879              		.loc 1 700 3 is_stmt 1 view .LVU256
 700:Core/Src/main.c ****   if (HAL_TIMEx_MasterConfigSynchronization(&htim3, &sMasterConfig) != HAL_OK)
 880              		.loc 1 700 33 is_stmt 0 view .LVU257
 881 0056 0993     		str	r3, [sp, #36]
 701:Core/Src/main.c ****   {
 882              		.loc 1 701 3 is_stmt 1 view .LVU258
 701:Core/Src/main.c ****   {
 883              		.loc 1 701 7 is_stmt 0 view .LVU259
 884 0058 08A9     		add	r1, sp, #32
 885 005a 1048     		ldr	r0, .L54
 886 005c FFF7FEFF 		bl	HAL_TIMEx_MasterConfigSynchronization
 887              	.LVL41:
 701:Core/Src/main.c ****   {
 888              		.loc 1 701 6 discriminator 1 view .LVU260
 889 0060 B8B9     		cbnz	r0, .L52
 705:Core/Src/main.c ****   sConfigOC.Pulse = 0;
 890              		.loc 1 705 3 is_stmt 1 view .LVU261
 705:Core/Src/main.c ****   sConfigOC.Pulse = 0;
 891              		.loc 1 705 20 is_stmt 0 view .LVU262
 892 0062 6023     		movs	r3, #96
 893 0064 0193     		str	r3, [sp, #4]
 706:Core/Src/main.c ****   sConfigOC.OCPolarity = TIM_OCPOLARITY_HIGH;
 894              		.loc 1 706 3 is_stmt 1 view .LVU263
 706:Core/Src/main.c ****   sConfigOC.OCPolarity = TIM_OCPOLARITY_HIGH;
 895              		.loc 1 706 19 is_stmt 0 view .LVU264
 896 0066 0023     		movs	r3, #0
 897 0068 0293     		str	r3, [sp, #8]
 707:Core/Src/main.c ****   sConfigOC.OCFastMode = TIM_OCFAST_DISABLE;
 898              		.loc 1 707 3 is_stmt 1 view .LVU265
 707:Core/Src/main.c ****   sConfigOC.OCFastMode = TIM_OCFAST_DISABLE;
 899              		.loc 1 707 24 is_stmt 0 view .LVU266
 900 006a 0393     		str	r3, [sp, #12]
 708:Core/Src/main.c ****   if (HAL_TIM_PWM_ConfigChannel(&htim3, &sConfigOC, TIM_CHANNEL_3) != HAL_OK)
 901              		.loc 1 708 3 is_stmt 1 view .LVU267
 708:Core/Src/main.c ****   if (HAL_TIM_PWM_ConfigChannel(&htim3, &sConfigOC, TIM_CHANNEL_3) != HAL_OK)
ARM GAS  C:\Users\rosto\AppData\Local\Temp\cciuoPym.s 			page 52


 902              		.loc 1 708 24 is_stmt 0 view .LVU268
 903 006c 0593     		str	r3, [sp, #20]
 709:Core/Src/main.c ****   {
 904              		.loc 1 709 3 is_stmt 1 view .LVU269
 709:Core/Src/main.c ****   {
 905              		.loc 1 709 7 is_stmt 0 view .LVU270
 906 006e 0822     		movs	r2, #8
 907 0070 01A9     		add	r1, sp, #4
 908 0072 0A48     		ldr	r0, .L54
 909 0074 FFF7FEFF 		bl	HAL_TIM_PWM_ConfigChannel
 910              	.LVL42:
 709:Core/Src/main.c ****   {
 911              		.loc 1 709 6 discriminator 1 view .LVU271
 912 0078 68B9     		cbnz	r0, .L53
 716:Core/Src/main.c **** 
 913              		.loc 1 716 3 is_stmt 1 view .LVU272
 914 007a 0848     		ldr	r0, .L54
 915 007c FFF7FEFF 		bl	HAL_TIM_MspPostInit
 916              	.LVL43:
 718:Core/Src/main.c **** 
 917              		.loc 1 718 1 is_stmt 0 view .LVU273
 918 0080 0FB0     		add	sp, sp, #60
 919              	.LCFI13:
 920              		.cfi_remember_state
 921              		.cfi_def_cfa_offset 4
 922              		@ sp needed
 923 0082 5DF804FB 		ldr	pc, [sp], #4
 924              	.L49:
 925              	.LCFI14:
 926              		.cfi_restore_state
 688:Core/Src/main.c ****   }
 927              		.loc 1 688 5 is_stmt 1 view .LVU274
 928 0086 FFF7FEFF 		bl	Error_Handler
 929              	.LVL44:
 930              	.L50:
 693:Core/Src/main.c ****   }
 931              		.loc 1 693 5 view .LVU275
 932 008a FFF7FEFF 		bl	Error_Handler
 933              	.LVL45:
 934              	.L51:
 697:Core/Src/main.c ****   }
 935              		.loc 1 697 5 view .LVU276
 936 008e FFF7FEFF 		bl	Error_Handler
 937              	.LVL46:
 938              	.L52:
 703:Core/Src/main.c ****   }
 939              		.loc 1 703 5 view .LVU277
 940 0092 FFF7FEFF 		bl	Error_Handler
 941              	.LVL47:
 942              	.L53:
 711:Core/Src/main.c ****   }
 943              		.loc 1 711 5 view .LVU278
 944 0096 FFF7FEFF 		bl	Error_Handler
 945              	.LVL48:
 946              	.L55:
 947 009a 00BF     		.align	2
 948              	.L54:
ARM GAS  C:\Users\rosto\AppData\Local\Temp\cciuoPym.s 			page 53


 949 009c 00000000 		.word	htim3
 950 00a0 00040040 		.word	1073742848
 951              		.cfi_endproc
 952              	.LFE140:
 954              		.section	.text.SystemClock_Config,"ax",%progbits
 955              		.align	1
 956              		.global	SystemClock_Config
 957              		.syntax unified
 958              		.thumb
 959              		.thumb_func
 961              	SystemClock_Config:
 962              	.LFB138:
 547:Core/Src/main.c ****   RCC_OscInitTypeDef RCC_OscInitStruct = {0};
 963              		.loc 1 547 1 view -0
 964              		.cfi_startproc
 965              		@ args = 0, pretend = 0, frame = 80
 966              		@ frame_needed = 0, uses_anonymous_args = 0
 967 0000 00B5     		push	{lr}
 968              	.LCFI15:
 969              		.cfi_def_cfa_offset 4
 970              		.cfi_offset 14, -4
 971 0002 95B0     		sub	sp, sp, #84
 972              	.LCFI16:
 973              		.cfi_def_cfa_offset 88
 548:Core/Src/main.c ****   RCC_ClkInitTypeDef RCC_ClkInitStruct = {0};
 974              		.loc 1 548 3 view .LVU280
 548:Core/Src/main.c ****   RCC_ClkInitTypeDef RCC_ClkInitStruct = {0};
 975              		.loc 1 548 22 is_stmt 0 view .LVU281
 976 0004 3422     		movs	r2, #52
 977 0006 0021     		movs	r1, #0
 978 0008 07A8     		add	r0, sp, #28
 979 000a FFF7FEFF 		bl	memset
 980              	.LVL49:
 549:Core/Src/main.c **** 
 981              		.loc 1 549 3 is_stmt 1 view .LVU282
 549:Core/Src/main.c **** 
 982              		.loc 1 549 22 is_stmt 0 view .LVU283
 983 000e 0023     		movs	r3, #0
 984 0010 0293     		str	r3, [sp, #8]
 985 0012 0393     		str	r3, [sp, #12]
 986 0014 0493     		str	r3, [sp, #16]
 987 0016 0593     		str	r3, [sp, #20]
 988 0018 0693     		str	r3, [sp, #24]
 553:Core/Src/main.c ****   __HAL_PWR_VOLTAGESCALING_CONFIG(PWR_REGULATOR_VOLTAGE_SCALE3);
 989              		.loc 1 553 3 is_stmt 1 view .LVU284
 990              	.LBB11:
 553:Core/Src/main.c ****   __HAL_PWR_VOLTAGESCALING_CONFIG(PWR_REGULATOR_VOLTAGE_SCALE3);
 991              		.loc 1 553 3 view .LVU285
 992 001a 0093     		str	r3, [sp]
 553:Core/Src/main.c ****   __HAL_PWR_VOLTAGESCALING_CONFIG(PWR_REGULATOR_VOLTAGE_SCALE3);
 993              		.loc 1 553 3 view .LVU286
 994 001c 194A     		ldr	r2, .L62
 995 001e 116C     		ldr	r1, [r2, #64]
 996 0020 41F08051 		orr	r1, r1, #268435456
 997 0024 1164     		str	r1, [r2, #64]
 553:Core/Src/main.c ****   __HAL_PWR_VOLTAGESCALING_CONFIG(PWR_REGULATOR_VOLTAGE_SCALE3);
 998              		.loc 1 553 3 view .LVU287
ARM GAS  C:\Users\rosto\AppData\Local\Temp\cciuoPym.s 			page 54


 999 0026 126C     		ldr	r2, [r2, #64]
 1000 0028 02F08052 		and	r2, r2, #268435456
 1001 002c 0092     		str	r2, [sp]
 553:Core/Src/main.c ****   __HAL_PWR_VOLTAGESCALING_CONFIG(PWR_REGULATOR_VOLTAGE_SCALE3);
 1002              		.loc 1 553 3 view .LVU288
 1003 002e 009A     		ldr	r2, [sp]
 1004              	.LBE11:
 553:Core/Src/main.c ****   __HAL_PWR_VOLTAGESCALING_CONFIG(PWR_REGULATOR_VOLTAGE_SCALE3);
 1005              		.loc 1 553 3 view .LVU289
 554:Core/Src/main.c **** 
 1006              		.loc 1 554 3 view .LVU290
 1007              	.LBB12:
 554:Core/Src/main.c **** 
 1008              		.loc 1 554 3 view .LVU291
 1009 0030 0193     		str	r3, [sp, #4]
 554:Core/Src/main.c **** 
 1010              		.loc 1 554 3 view .LVU292
 1011 0032 1549     		ldr	r1, .L62+4
 1012 0034 0A68     		ldr	r2, [r1]
 1013 0036 22F44042 		bic	r2, r2, #49152
 1014 003a 42F48042 		orr	r2, r2, #16384
 1015 003e 0A60     		str	r2, [r1]
 554:Core/Src/main.c **** 
 1016              		.loc 1 554 3 view .LVU293
 1017 0040 0A68     		ldr	r2, [r1]
 1018 0042 02F44042 		and	r2, r2, #49152
 1019 0046 0192     		str	r2, [sp, #4]
 554:Core/Src/main.c **** 
 1020              		.loc 1 554 3 view .LVU294
 1021 0048 019A     		ldr	r2, [sp, #4]
 1022              	.LBE12:
 554:Core/Src/main.c **** 
 1023              		.loc 1 554 3 view .LVU295
 559:Core/Src/main.c ****   RCC_OscInitStruct.HSIState = RCC_HSI_ON;
 1024              		.loc 1 559 3 view .LVU296
 559:Core/Src/main.c ****   RCC_OscInitStruct.HSIState = RCC_HSI_ON;
 1025              		.loc 1 559 36 is_stmt 0 view .LVU297
 1026 004a 0222     		movs	r2, #2
 1027 004c 0792     		str	r2, [sp, #28]
 560:Core/Src/main.c ****   RCC_OscInitStruct.HSICalibrationValue = RCC_HSICALIBRATION_DEFAULT;
 1028              		.loc 1 560 3 is_stmt 1 view .LVU298
 560:Core/Src/main.c ****   RCC_OscInitStruct.HSICalibrationValue = RCC_HSICALIBRATION_DEFAULT;
 1029              		.loc 1 560 30 is_stmt 0 view .LVU299
 1030 004e 0122     		movs	r2, #1
 1031 0050 0A92     		str	r2, [sp, #40]
 561:Core/Src/main.c ****   RCC_OscInitStruct.PLL.PLLState = RCC_PLL_NONE;
 1032              		.loc 1 561 3 is_stmt 1 view .LVU300
 561:Core/Src/main.c ****   RCC_OscInitStruct.PLL.PLLState = RCC_PLL_NONE;
 1033              		.loc 1 561 41 is_stmt 0 view .LVU301
 1034 0052 1022     		movs	r2, #16
 1035 0054 0B92     		str	r2, [sp, #44]
 562:Core/Src/main.c ****   if (HAL_RCC_OscConfig(&RCC_OscInitStruct) != HAL_OK)
 1036              		.loc 1 562 3 is_stmt 1 view .LVU302
 562:Core/Src/main.c ****   if (HAL_RCC_OscConfig(&RCC_OscInitStruct) != HAL_OK)
 1037              		.loc 1 562 34 is_stmt 0 view .LVU303
 1038 0056 0D93     		str	r3, [sp, #52]
 563:Core/Src/main.c ****   {
ARM GAS  C:\Users\rosto\AppData\Local\Temp\cciuoPym.s 			page 55


 1039              		.loc 1 563 3 is_stmt 1 view .LVU304
 563:Core/Src/main.c ****   {
 1040              		.loc 1 563 7 is_stmt 0 view .LVU305
 1041 0058 07A8     		add	r0, sp, #28
 1042 005a FFF7FEFF 		bl	HAL_RCC_OscConfig
 1043              	.LVL50:
 563:Core/Src/main.c ****   {
 1044              		.loc 1 563 6 discriminator 1 view .LVU306
 1045 005e 68B9     		cbnz	r0, .L60
 570:Core/Src/main.c ****                               |RCC_CLOCKTYPE_PCLK1|RCC_CLOCKTYPE_PCLK2;
 1046              		.loc 1 570 3 is_stmt 1 view .LVU307
 570:Core/Src/main.c ****                               |RCC_CLOCKTYPE_PCLK1|RCC_CLOCKTYPE_PCLK2;
 1047              		.loc 1 570 31 is_stmt 0 view .LVU308
 1048 0060 0F23     		movs	r3, #15
 1049 0062 0293     		str	r3, [sp, #8]
 572:Core/Src/main.c ****   RCC_ClkInitStruct.AHBCLKDivider = RCC_SYSCLK_DIV1;
 1050              		.loc 1 572 3 is_stmt 1 view .LVU309
 572:Core/Src/main.c ****   RCC_ClkInitStruct.AHBCLKDivider = RCC_SYSCLK_DIV1;
 1051              		.loc 1 572 34 is_stmt 0 view .LVU310
 1052 0064 0021     		movs	r1, #0
 1053 0066 0391     		str	r1, [sp, #12]
 573:Core/Src/main.c ****   RCC_ClkInitStruct.APB1CLKDivider = RCC_HCLK_DIV1;
 1054              		.loc 1 573 3 is_stmt 1 view .LVU311
 573:Core/Src/main.c ****   RCC_ClkInitStruct.APB1CLKDivider = RCC_HCLK_DIV1;
 1055              		.loc 1 573 35 is_stmt 0 view .LVU312
 1056 0068 0491     		str	r1, [sp, #16]
 574:Core/Src/main.c ****   RCC_ClkInitStruct.APB2CLKDivider = RCC_HCLK_DIV1;
 1057              		.loc 1 574 3 is_stmt 1 view .LVU313
 574:Core/Src/main.c ****   RCC_ClkInitStruct.APB2CLKDivider = RCC_HCLK_DIV1;
 1058              		.loc 1 574 36 is_stmt 0 view .LVU314
 1059 006a 0591     		str	r1, [sp, #20]
 575:Core/Src/main.c **** 
 1060              		.loc 1 575 3 is_stmt 1 view .LVU315
 575:Core/Src/main.c **** 
 1061              		.loc 1 575 36 is_stmt 0 view .LVU316
 1062 006c 0691     		str	r1, [sp, #24]
 577:Core/Src/main.c ****   {
 1063              		.loc 1 577 3 is_stmt 1 view .LVU317
 577:Core/Src/main.c ****   {
 1064              		.loc 1 577 7 is_stmt 0 view .LVU318
 1065 006e 02A8     		add	r0, sp, #8
 1066 0070 FFF7FEFF 		bl	HAL_RCC_ClockConfig
 1067              	.LVL51:
 577:Core/Src/main.c ****   {
 1068              		.loc 1 577 6 discriminator 1 view .LVU319
 1069 0074 20B9     		cbnz	r0, .L61
 581:Core/Src/main.c **** 
 1070              		.loc 1 581 1 view .LVU320
 1071 0076 15B0     		add	sp, sp, #84
 1072              	.LCFI17:
 1073              		.cfi_remember_state
 1074              		.cfi_def_cfa_offset 4
 1075              		@ sp needed
 1076 0078 5DF804FB 		ldr	pc, [sp], #4
 1077              	.L60:
 1078              	.LCFI18:
 1079              		.cfi_restore_state
ARM GAS  C:\Users\rosto\AppData\Local\Temp\cciuoPym.s 			page 56


 565:Core/Src/main.c ****   }
 1080              		.loc 1 565 5 is_stmt 1 view .LVU321
 1081 007c FFF7FEFF 		bl	Error_Handler
 1082              	.LVL52:
 1083              	.L61:
 579:Core/Src/main.c ****   }
 1084              		.loc 1 579 5 view .LVU322
 1085 0080 FFF7FEFF 		bl	Error_Handler
 1086              	.LVL53:
 1087              	.L63:
 1088              		.align	2
 1089              	.L62:
 1090 0084 00380240 		.word	1073887232
 1091 0088 00700040 		.word	1073770496
 1092              		.cfi_endproc
 1093              	.LFE138:
 1095              		.section	.text.main,"ax",%progbits
 1096              		.align	1
 1097              		.global	main
 1098              		.syntax unified
 1099              		.thumb
 1100              		.thumb_func
 1102              	main:
 1103              	.LFB137:
 489:Core/Src/main.c **** 
 1104              		.loc 1 489 1 view -0
 1105              		.cfi_startproc
 1106              		@ Volatile: function does not return.
 1107              		@ args = 0, pretend = 0, frame = 0
 1108              		@ frame_needed = 0, uses_anonymous_args = 0
 1109 0000 08B5     		push	{r3, lr}
 1110              	.LCFI19:
 1111              		.cfi_def_cfa_offset 8
 1112              		.cfi_offset 3, -8
 1113              		.cfi_offset 14, -4
 498:Core/Src/main.c **** 
 1114              		.loc 1 498 3 view .LVU324
 1115 0002 FFF7FEFF 		bl	HAL_Init
 1116              	.LVL54:
 501:Core/Src/main.c ****   HAL_Delay(50); // Give LCD time to initialize
 1117              		.loc 1 501 3 view .LVU325
 1118 0006 FFF7FEFF 		bl	init_LCD
 1119              	.LVL55:
 502:Core/Src/main.c ****   /* USER CODE END Init */
 1120              		.loc 1 502 3 view .LVU326
 1121 000a 3220     		movs	r0, #50
 1122 000c FFF7FEFF 		bl	HAL_Delay
 1123              	.LVL56:
 506:Core/Src/main.c **** 
 1124              		.loc 1 506 3 view .LVU327
 1125 0010 FFF7FEFF 		bl	SystemClock_Config
 1126              	.LVL57:
 513:Core/Src/main.c ****   MX_DMA_Init();
 1127              		.loc 1 513 3 view .LVU328
 1128 0014 FFF7FEFF 		bl	MX_GPIO_Init
 1129              	.LVL58:
 514:Core/Src/main.c ****   MX_TIM2_Init();
ARM GAS  C:\Users\rosto\AppData\Local\Temp\cciuoPym.s 			page 57


 1130              		.loc 1 514 3 view .LVU329
 1131 0018 FFF7FEFF 		bl	MX_DMA_Init
 1132              	.LVL59:
 515:Core/Src/main.c ****   MX_TIM3_Init();
 1133              		.loc 1 515 3 view .LVU330
 1134 001c FFF7FEFF 		bl	MX_TIM2_Init
 1135              	.LVL60:
 516:Core/Src/main.c ****   /* USER CODE BEGIN 2 */
 1136              		.loc 1 516 3 view .LVU331
 1137 0020 FFF7FEFF 		bl	MX_TIM3_Init
 1138              	.LVL61:
 519:Core/Src/main.c ****   // TODO: Start TIM2 in Output Compare (OC) mode on channel 1
 1139              		.loc 1 519 3 view .LVU332
 1140 0024 0821     		movs	r1, #8
 1141 0026 0E48     		ldr	r0, .L67
 1142 0028 FFF7FEFF 		bl	HAL_TIM_PWM_Start
 1143              	.LVL62:
 521:Core/Src/main.c ****   // TODO: Start DMA in IT mode on TIM2->CH1. Source is LUT and Dest is TIM3->CCR3; start with Sine
 1144              		.loc 1 521 3 view .LVU333
 1145 002c 0D4C     		ldr	r4, .L67+4
 1146 002e 0021     		movs	r1, #0
 1147 0030 2046     		mov	r0, r4
 1148 0032 FFF7FEFF 		bl	HAL_TIM_OC_Start
 1149              	.LVL63:
 523:Core/Src/main.c ****   // TODO: Write current waveform to LCD(Sine is the first waveform)
 1150              		.loc 1 523 3 view .LVU334
 1151 0036 4FF48063 		mov	r3, #1024
 1152 003a 0B4A     		ldr	r2, .L67+8
 1153 003c 1268     		ldr	r2, [r2]
 1154 003e 0B49     		ldr	r1, .L67+12
 1155 0040 0B48     		ldr	r0, .L67+16
 1156 0042 FFF7FEFF 		bl	HAL_DMA_Start_IT
 1157              	.LVL64:
 525:Core/Src/main.c ****   lcd_putstring("Sine"); 
 1158              		.loc 1 525 3 view .LVU335
 1159 0046 0120     		movs	r0, #1
 1160 0048 FFF7FEFF 		bl	lcd_command
 1161              	.LVL65:
 526:Core/Src/main.c ****   // TODO: Enable DMA (start transfer from LUT to CCR)
 1162              		.loc 1 526 3 view .LVU336
 1163 004c 0948     		ldr	r0, .L67+20
 1164 004e FFF7FEFF 		bl	lcd_putstring
 1165              	.LVL66:
 528:Core/Src/main.c ****   /* USER CODE END 2 */
 1166              		.loc 1 528 3 view .LVU337
 1167 0052 2268     		ldr	r2, [r4]
 1168 0054 D368     		ldr	r3, [r2, #12]
 1169 0056 43F40073 		orr	r3, r3, #512
 1170 005a D360     		str	r3, [r2, #12]
 1171              	.L65:
 533:Core/Src/main.c ****   {
 1172              		.loc 1 533 3 view .LVU338
 538:Core/Src/main.c ****   /* USER CODE END 3 */
 1173              		.loc 1 538 3 view .LVU339
 533:Core/Src/main.c ****   {
 1174              		.loc 1 533 9 view .LVU340
 1175 005c FEE7     		b	.L65
ARM GAS  C:\Users\rosto\AppData\Local\Temp\cciuoPym.s 			page 58


 1176              	.L68:
 1177 005e 00BF     		.align	2
 1178              	.L67:
 1179 0060 00000000 		.word	htim3
 1180 0064 00000000 		.word	htim2
 1181 0068 00000000 		.word	DestAddress
 1182 006c 00000000 		.word	Sin_LUT
 1183 0070 00000000 		.word	hdma_tim2_ch1
 1184 0074 00000000 		.word	.LC0
 1185              		.cfi_endproc
 1186              	.LFE137:
 1188              		.global	DestAddress
 1189              		.section	.data.DestAddress,"aw"
 1190              		.align	2
 1193              	DestAddress:
 1194 0000 3C040040 		.word	1073742908
 1195              		.global	TIM2_Ticks
 1196              		.section	.data.TIM2_Ticks,"aw"
 1197              		.align	2
 1200              	TIM2_Ticks:
 1201 0000 0F000000 		.word	15
 1202              		.global	Drum_LUT
 1203              		.section	.data.Drum_LUT,"aw"
 1204              		.align	2
 1207              	Drum_LUT:
 1208 0000 C0070000 		.word	1984
 1209 0004 FA0E0000 		.word	3834
 1210 0008 1E0D0000 		.word	3358
 1211 000c B1000000 		.word	177
 1212 0010 45000000 		.word	69
 1213 0014 96000000 		.word	150
 1214 0018 0C0F0000 		.word	3852
 1215 001c E20E0000 		.word	3810
 1216 0020 C80A0000 		.word	2760
 1217 0024 11010000 		.word	273
 1218 0028 7E000000 		.word	126
 1219 002c 94040000 		.word	1172
 1220 0030 CA0F0000 		.word	4042
 1221 0034 C00F0000 		.word	4032
 1222 0038 C50F0000 		.word	4037
 1223 003c 3A070000 		.word	1850
 1224 0040 03020000 		.word	515
 1225 0044 DB020000 		.word	731
 1226 0048 12020000 		.word	530
 1227 004c 1F020000 		.word	543
 1228 0050 BE0B0000 		.word	3006
 1229 0054 F00E0000 		.word	3824
 1230 0058 8A0F0000 		.word	3978
 1231 005c C80F0000 		.word	4040
 1232 0060 CA0F0000 		.word	4042
 1233 0064 CE0F0000 		.word	4046
 1234 0068 140F0000 		.word	3860
 1235 006c C90C0000 		.word	3273
 1236 0070 D3000000 		.word	211
 1237 0074 2B000000 		.word	43
 1238 0078 29000000 		.word	41
 1239 007c 2B000000 		.word	43
ARM GAS  C:\Users\rosto\AppData\Local\Temp\cciuoPym.s 			page 59


 1240 0080 29000000 		.word	41
 1241 0084 29000000 		.word	41
 1242 0088 2C000000 		.word	44
 1243 008c 68010000 		.word	360
 1244 0090 3B0A0000 		.word	2619
 1245 0094 160D0000 		.word	3350
 1246 0098 860C0000 		.word	3206
 1247 009c D20C0000 		.word	3282
 1248 00a0 5B0D0000 		.word	3419
 1249 00a4 B1030000 		.word	945
 1250 00a8 3F020000 		.word	575
 1251 00ac 6E030000 		.word	878
 1252 00b0 33050000 		.word	1331
 1253 00b4 AC050000 		.word	1452
 1254 00b8 DA090000 		.word	2522
 1255 00bc FD050000 		.word	1533
 1256 00c0 32090000 		.word	2354
 1257 00c4 650E0000 		.word	3685
 1258 00c8 B80D0000 		.word	3512
 1259 00cc 75000000 		.word	117
 1260 00d0 32000000 		.word	50
 1261 00d4 82000000 		.word	130
 1262 00d8 2F0F0000 		.word	3887
 1263 00dc 1E0F0000 		.word	3870
 1264 00e0 1A060000 		.word	1562
 1265 00e4 0F010000 		.word	271
 1266 00e8 85000000 		.word	133
 1267 00ec 44060000 		.word	1604
 1268 00f0 CE0F0000 		.word	4046
 1269 00f4 CC0F0000 		.word	4044
 1270 00f8 B80F0000 		.word	4024
 1271 00fc 92040000 		.word	1170
 1272 0100 1F020000 		.word	543
 1273 0104 57030000 		.word	855
 1274 0108 99010000 		.word	409
 1275 010c E2010000 		.word	482
 1276 0110 2D0C0000 		.word	3117
 1277 0114 150F0000 		.word	3861
 1278 0118 A20F0000 		.word	4002
 1279 011c CE0F0000 		.word	4046
 1280 0120 CE0F0000 		.word	4046
 1281 0124 C70F0000 		.word	4039
 1282 0128 360F0000 		.word	3894
 1283 012c D50C0000 		.word	3285
 1284 0130 9D000000 		.word	157
 1285 0134 2A000000 		.word	42
 1286 0138 2B000000 		.word	43
 1287 013c 2C000000 		.word	44
 1288 0140 2A000000 		.word	42
 1289 0144 2C000000 		.word	44
 1290 0148 2B000000 		.word	43
 1291 014c 63010000 		.word	355
 1292 0150 500A0000 		.word	2640
 1293 0154 1F0D0000 		.word	3359
 1294 0158 7F0C0000 		.word	3199
 1295 015c BC0C0000 		.word	3260
 1296 0160 430D0000 		.word	3395
ARM GAS  C:\Users\rosto\AppData\Local\Temp\cciuoPym.s 			page 60


 1297 0164 96030000 		.word	918
 1298 0168 2B020000 		.word	555
 1299 016c 6F030000 		.word	879
 1300 0170 2F050000 		.word	1327
 1301 0174 C7050000 		.word	1479
 1302 0178 DE090000 		.word	2526
 1303 017c 00060000 		.word	1536
 1304 0180 97080000 		.word	2199
 1305 0184 F70F0000 		.word	4087
 1306 0188 FE0F0000 		.word	4094
 1307 018c AC010000 		.word	428
 1308 0190 5E000000 		.word	94
 1309 0194 D5010000 		.word	469
 1310 0198 FB0F0000 		.word	4091
 1311 019c FB0F0000 		.word	4091
 1312 01a0 FE0F0000 		.word	4094
 1313 01a4 D7010000 		.word	471
 1314 01a8 5A000000 		.word	90
 1315 01ac 5B000000 		.word	91
 1316 01b0 49010000 		.word	329
 1317 01b4 8F0F0000 		.word	3983
 1318 01b8 AD0F0000 		.word	4013
 1319 01bc FB0F0000 		.word	4091
 1320 01c0 DE0C0000 		.word	3294
 1321 01c4 64000000 		.word	100
 1322 01c8 0F010000 		.word	271
 1323 01cc 500B0000 		.word	2896
 1324 01d0 A30F0000 		.word	4003
 1325 01d4 96040000 		.word	1174
 1326 01d8 AE0D0000 		.word	3502
 1327 01dc CF020000 		.word	719
 1328 01e0 570B0000 		.word	2903
 1329 01e4 510A0000 		.word	2641
 1330 01e8 F6080000 		.word	2294
 1331 01ec C30F0000 		.word	4035
 1332 01f0 B90A0000 		.word	2745
 1333 01f4 A0000000 		.word	160
 1334 01f8 23000000 		.word	35
 1335 01fc 88000000 		.word	136
 1336 0200 8A0E0000 		.word	3722
 1337 0204 140F0000 		.word	3860
 1338 0208 BF0F0000 		.word	4031
 1339 020c 30010000 		.word	304
 1340 0210 BD000000 		.word	189
 1341 0214 90010000 		.word	400
 1342 0218 B40F0000 		.word	4020
 1343 021c C20F0000 		.word	4034
 1344 0220 BD0F0000 		.word	4029
 1345 0224 F10E0000 		.word	3825
 1346 0228 E9000000 		.word	233
 1347 022c EB010000 		.word	491
 1348 0230 53000000 		.word	83
 1349 0234 FA000000 		.word	250
 1350 0238 06060000 		.word	1542
 1351 023c 7C0D0000 		.word	3452
 1352 0240 E30D0000 		.word	3555
 1353 0244 370F0000 		.word	3895
ARM GAS  C:\Users\rosto\AppData\Local\Temp\cciuoPym.s 			page 61


 1354 0248 C30F0000 		.word	4035
 1355 024c 4D0F0000 		.word	3917
 1356 0250 3A0F0000 		.word	3898
 1357 0254 890D0000 		.word	3465
 1358 0258 8B010000 		.word	395
 1359 025c 25000000 		.word	37
 1360 0260 24000000 		.word	36
 1361 0264 29000000 		.word	41
 1362 0268 22000000 		.word	34
 1363 026c 23000000 		.word	35
 1364 0270 24000000 		.word	36
 1365 0274 40020000 		.word	576
 1366 0278 BA0A0000 		.word	2746
 1367 027c 2C0C0000 		.word	3116
 1368 0280 D60C0000 		.word	3286
 1369 0284 D80D0000 		.word	3544
 1370 0288 7D0E0000 		.word	3709
 1371 028c EA0D0000 		.word	3562
 1372 0290 C1020000 		.word	705
 1373 0294 3D010000 		.word	317
 1374 0298 85010000 		.word	389
 1375 029c 06030000 		.word	774
 1376 02a0 99040000 		.word	1177
 1377 02a4 9E050000 		.word	1438
 1378 02a8 87040000 		.word	1159
 1379 02ac 290C0000 		.word	3113
 1380 02b0 F1050000 		.word	1521
 1381 02b4 A4050000 		.word	1444
 1382 02b8 45080000 		.word	2117
 1383 02bc 340F0000 		.word	3892
 1384 02c0 EE0F0000 		.word	4078
 1385 02c4 BD0A0000 		.word	2749
 1386 02c8 4F000000 		.word	79
 1387 02cc FE000000 		.word	254
 1388 02d0 F00F0000 		.word	4080
 1389 02d4 ED0F0000 		.word	4077
 1390 02d8 ED0F0000 		.word	4077
 1391 02dc 150D0000 		.word	3349
 1392 02e0 50000000 		.word	80
 1393 02e4 60000000 		.word	96
 1394 02e8 4D000000 		.word	77
 1395 02ec 820D0000 		.word	3458
 1396 02f0 5C0F0000 		.word	3932
 1397 02f4 D60F0000 		.word	4054
 1398 02f8 EE0F0000 		.word	4078
 1399 02fc 73000000 		.word	115
 1400 0300 4F000000 		.word	79
 1401 0304 DB000000 		.word	219
 1402 0308 D50D0000 		.word	3541
 1403 030c B90F0000 		.word	4025
 1404 0310 110C0000 		.word	3089
 1405 0314 35050000 		.word	1333
 1406 0318 730F0000 		.word	3955
 1407 031c EE040000 		.word	1262
 1408 0320 3A0C0000 		.word	3130
 1409 0324 52040000 		.word	1106
 1410 0328 33050000 		.word	1331
ARM GAS  C:\Users\rosto\AppData\Local\Temp\cciuoPym.s 			page 62


 1411 032c 970A0000 		.word	2711
 1412 0330 5D050000 		.word	1373
 1413 0334 F90D0000 		.word	3577
 1414 0338 48010000 		.word	328
 1415 033c FC000000 		.word	252
 1416 0340 9D0D0000 		.word	3485
 1417 0344 A70F0000 		.word	4007
 1418 0348 D20F0000 		.word	4050
 1419 034c E50F0000 		.word	4069
 1420 0350 9F020000 		.word	671
 1421 0354 8B010000 		.word	395
 1422 0358 AF030000 		.word	943
 1423 035c 97010000 		.word	407
 1424 0360 F7020000 		.word	759
 1425 0364 B40D0000 		.word	3508
 1426 0368 B80F0000 		.word	4024
 1427 036c E80F0000 		.word	4072
 1428 0370 E80F0000 		.word	4072
 1429 0374 E80F0000 		.word	4072
 1430 0378 230F0000 		.word	3875
 1431 037c B20C0000 		.word	3250
 1432 0380 7A0B0000 		.word	2938
 1433 0384 F6000000 		.word	246
 1434 0388 43000000 		.word	67
 1435 038c 43000000 		.word	67
 1436 0390 43000000 		.word	67
 1437 0394 45000000 		.word	69
 1438 0398 44000000 		.word	68
 1439 039c 28010000 		.word	296
 1440 03a0 B0020000 		.word	688
 1441 03a4 45040000 		.word	1093
 1442 03a8 1E0D0000 		.word	3358
 1443 03ac E70E0000 		.word	3815
 1444 03b0 8D0F0000 		.word	3981
 1445 03b4 C10F0000 		.word	4033
 1446 03b8 8A0F0000 		.word	3978
 1447 03bc 0F0F0000 		.word	3855
 1448 03c0 410E0000 		.word	3649
 1449 03c4 BE0C0000 		.word	3262
 1450 03c8 F8030000 		.word	1016
 1451 03cc 8D060000 		.word	1677
 1452 03d0 920A0000 		.word	2706
 1453 03d4 1C050000 		.word	1308
 1454 03d8 79040000 		.word	1145
 1455 03dc 8C0B0000 		.word	2956
 1456 03e0 220D0000 		.word	3362
 1457 03e4 1E0C0000 		.word	3102
 1458 03e8 BD040000 		.word	1213
 1459 03ec A9080000 		.word	2217
 1460 03f0 B8070000 		.word	1976
 1461 03f4 A60E0000 		.word	3750
 1462 03f8 2A0D0000 		.word	3370
 1463 03fc 9E000000 		.word	158
 1464 0400 3E000000 		.word	62
 1465 0404 91000000 		.word	145
 1466 0408 150F0000 		.word	3861
 1467 040c F20E0000 		.word	3826
ARM GAS  C:\Users\rosto\AppData\Local\Temp\cciuoPym.s 			page 63


 1468 0410 1D0B0000 		.word	2845
 1469 0414 1C010000 		.word	284
 1470 0418 73000000 		.word	115
 1471 041c E2040000 		.word	1250
 1472 0420 CD0F0000 		.word	4045
 1473 0424 C90F0000 		.word	4041
 1474 0428 CD0F0000 		.word	4045
 1475 042c 7C060000 		.word	1660
 1476 0430 0D020000 		.word	525
 1477 0434 B0020000 		.word	688
 1478 0438 03020000 		.word	515
 1479 043c 0C020000 		.word	524
 1480 0440 D20B0000 		.word	3026
 1481 0444 EC0E0000 		.word	3820
 1482 0448 970F0000 		.word	3991
 1483 044c CD0F0000 		.word	4045
 1484 0450 CA0F0000 		.word	4042
 1485 0454 CC0F0000 		.word	4044
 1486 0458 1B0F0000 		.word	3867
 1487 045c CF0C0000 		.word	3279
 1488 0460 D0000000 		.word	208
 1489 0464 29000000 		.word	41
 1490 0468 2C000000 		.word	44
 1491 046c 2A000000 		.word	42
 1492 0470 2B000000 		.word	43
 1493 0474 29000000 		.word	41
 1494 0478 29000000 		.word	41
 1495 047c 66010000 		.word	358
 1496 0480 340A0000 		.word	2612
 1497 0484 120D0000 		.word	3346
 1498 0488 7F0C0000 		.word	3199
 1499 048c B90C0000 		.word	3257
 1500 0490 4E0D0000 		.word	3406
 1501 0494 A3030000 		.word	931
 1502 0498 38020000 		.word	568
 1503 049c 6F030000 		.word	879
 1504 04a0 31050000 		.word	1329
 1505 04a4 AC050000 		.word	1452
 1506 04a8 DB090000 		.word	2523
 1507 04ac FC050000 		.word	1532
 1508 04b0 29080000 		.word	2089
 1509 04b4 FB0F0000 		.word	4091
 1510 04b8 F50F0000 		.word	4085
 1511 04bc A0010000 		.word	416
 1512 04c0 5F000000 		.word	95
 1513 04c4 C3010000 		.word	451
 1514 04c8 FF0F0000 		.word	4095
 1515 04cc FC0F0000 		.word	4092
 1516 04d0 FF0F0000 		.word	4095
 1517 04d4 D3010000 		.word	467
 1518 04d8 64000000 		.word	100
 1519 04dc 67000000 		.word	103
 1520 04e0 7C010000 		.word	380
 1521 04e4 A10F0000 		.word	4001
 1522 04e8 EB0F0000 		.word	4075
 1523 04ec D80F0000 		.word	4056
 1524 04f0 7B040000 		.word	1147
ARM GAS  C:\Users\rosto\AppData\Local\Temp\cciuoPym.s 			page 64


 1525 04f4 65000000 		.word	101
 1526 04f8 D1000000 		.word	209
 1527 04fc D10E0000 		.word	3793
 1528 0500 980F0000 		.word	3992
 1529 0504 FA040000 		.word	1274
 1530 0508 C10C0000 		.word	3265
 1531 050c 76030000 		.word	886
 1532 0510 750B0000 		.word	2933
 1533 0514 E00A0000 		.word	2784
 1534 0518 F9080000 		.word	2297
 1535 051c C50F0000 		.word	4037
 1536 0520 4A0B0000 		.word	2890
 1537 0524 A6000000 		.word	166
 1538 0528 24000000 		.word	36
 1539 052c 7B000000 		.word	123
 1540 0530 8A0E0000 		.word	3722
 1541 0534 020F0000 		.word	3842
 1542 0538 C60F0000 		.word	4038
 1543 053c 3D010000 		.word	317
 1544 0540 CA000000 		.word	202
 1545 0544 CC010000 		.word	460
 1546 0548 C10F0000 		.word	4033
 1547 054c C40F0000 		.word	4036
 1548 0550 C80F0000 		.word	4040
 1549 0554 FC0E0000 		.word	3836
 1550 0558 D2000000 		.word	210
 1551 055c F8010000 		.word	504
 1552 0560 4A000000 		.word	74
 1553 0564 05010000 		.word	261
 1554 0568 F0050000 		.word	1520
 1555 056c 700D0000 		.word	3440
 1556 0570 BA0D0000 		.word	3514
 1557 0574 4D0F0000 		.word	3917
 1558 0578 C80F0000 		.word	4040
 1559 057c 670F0000 		.word	3943
 1560 0580 340F0000 		.word	3892
 1561 0584 C40D0000 		.word	3524
 1562 0588 62010000 		.word	354
 1563 058c 26000000 		.word	38
 1564 0590 26000000 		.word	38
 1565 0594 23000000 		.word	35
 1566 0598 23000000 		.word	35
 1567 059c 24000000 		.word	36
 1568 05a0 24000000 		.word	36
 1569 05a4 20020000 		.word	544
 1570 05a8 0C0B0000 		.word	2828
 1571 05ac 290C0000 		.word	3113
 1572 05b0 6B0D0000 		.word	3435
 1573 05b4 D00D0000 		.word	3536
 1574 05b8 700E0000 		.word	3696
 1575 05bc F60D0000 		.word	3574
 1576 05c0 AF020000 		.word	687
 1577 05c4 3A010000 		.word	314
 1578 05c8 85010000 		.word	389
 1579 05cc 02030000 		.word	770
 1580 05d0 56040000 		.word	1110
 1581 05d4 68050000 		.word	1384
ARM GAS  C:\Users\rosto\AppData\Local\Temp\cciuoPym.s 			page 65


 1582 05d8 C8040000 		.word	1224
 1583 05dc 080C0000 		.word	3080
 1584 05e0 5F060000 		.word	1631
 1585 05e4 B6050000 		.word	1462
 1586 05e8 D9080000 		.word	2265
 1587 05ec BC0E0000 		.word	3772
 1588 05f0 090D0000 		.word	3337
 1589 05f4 37000000 		.word	55
 1590 05f8 32000000 		.word	50
 1591 05fc 7E000000 		.word	126
 1592 0600 140F0000 		.word	3860
 1593 0604 340F0000 		.word	3892
 1594 0608 13050000 		.word	1299
 1595 060c E5000000 		.word	229
 1596 0610 89000000 		.word	137
 1597 0614 4C090000 		.word	2380
 1598 0618 CE0F0000 		.word	4046
 1599 061c CE0F0000 		.word	4046
 1600 0620 CA0F0000 		.word	4042
 1601 0624 61040000 		.word	1121
 1602 0628 2C020000 		.word	556
 1603 062c 7F030000 		.word	895
 1604 0630 9C010000 		.word	412
 1605 0634 D8010000 		.word	472
 1606 0638 1A0C0000 		.word	3098
 1607 063c 0C0F0000 		.word	3852
 1608 0640 8F0F0000 		.word	3983
 1609 0644 CD0F0000 		.word	4045
 1610 0648 CC0F0000 		.word	4044
 1611 064c C80F0000 		.word	4040
 1612 0650 270F0000 		.word	3879
 1613 0654 2C0D0000 		.word	3372
 1614 0658 6A000000 		.word	106
 1615 065c 29000000 		.word	41
 1616 0660 29000000 		.word	41
 1617 0664 29000000 		.word	41
 1618 0668 33000000 		.word	51
 1619 066c 2A000000 		.word	42
 1620 0670 2F000000 		.word	47
 1621 0674 5B010000 		.word	347
 1622 0678 B7090000 		.word	2487
 1623 067c 410D0000 		.word	3393
 1624 0680 880C0000 		.word	3208
 1625 0684 860C0000 		.word	3206
 1626 0688 410D0000 		.word	3393
 1627 068c 84030000 		.word	900
 1628 0690 21020000 		.word	545
 1629 0694 6D030000 		.word	877
 1630 0698 2F050000 		.word	1327
 1631 069c BE050000 		.word	1470
 1632 06a0 DD090000 		.word	2525
 1633 06a4 FF050000 		.word	1535
 1634 06a8 CF080000 		.word	2255
 1635 06ac 2E0F0000 		.word	3886
 1636 06b0 EC0F0000 		.word	4076
 1637 06b4 C10A0000 		.word	2753
 1638 06b8 4E000000 		.word	78
ARM GAS  C:\Users\rosto\AppData\Local\Temp\cciuoPym.s 			page 66


 1639 06bc 1B010000 		.word	283
 1640 06c0 F00F0000 		.word	4080
 1641 06c4 F10F0000 		.word	4081
 1642 06c8 EE0F0000 		.word	4078
 1643 06cc 200D0000 		.word	3360
 1644 06d0 4C000000 		.word	76
 1645 06d4 4F000000 		.word	79
 1646 06d8 5C000000 		.word	92
 1647 06dc 610D0000 		.word	3425
 1648 06e0 4F0F0000 		.word	3919
 1649 06e4 E20F0000 		.word	4066
 1650 06e8 E30F0000 		.word	4067
 1651 06ec A3000000 		.word	163
 1652 06f0 55000000 		.word	85
 1653 06f4 F7000000 		.word	247
 1654 06f8 C10D0000 		.word	3521
 1655 06fc C70F0000 		.word	4039
 1656 0700 FE0B0000 		.word	3070
 1657 0704 D3050000 		.word	1491
 1658 0708 670F0000 		.word	3943
 1659 070c E8040000 		.word	1256
 1660 0710 EE0C0000 		.word	3310
 1661 0714 3E040000 		.word	1086
 1662 0718 07050000 		.word	1287
 1663 071c 9B0A0000 		.word	2715
 1664 0720 60050000 		.word	1376
 1665 0724 FC0D0000 		.word	3580
 1666 0728 54010000 		.word	340
 1667 072c 07010000 		.word	263
 1668 0730 C00D0000 		.word	3520
 1669 0734 A20F0000 		.word	4002
 1670 0738 CB0F0000 		.word	4043
 1671 073c DB0F0000 		.word	4059
 1672 0740 8C020000 		.word	652
 1673 0744 99010000 		.word	409
 1674 0748 7D030000 		.word	893
 1675 074c 97010000 		.word	407
 1676 0750 06030000 		.word	774
 1677 0754 C30D0000 		.word	3523
 1678 0758 B70F0000 		.word	4023
 1679 075c E80F0000 		.word	4072
 1680 0760 E80F0000 		.word	4072
 1681 0764 E80F0000 		.word	4072
 1682 0768 1D0F0000 		.word	3869
 1683 076c 7E0C0000 		.word	3198
 1684 0770 490B0000 		.word	2889
 1685 0774 EC000000 		.word	236
 1686 0778 43000000 		.word	67
 1687 077c 43000000 		.word	67
 1688 0780 43000000 		.word	67
 1689 0784 43000000 		.word	67
 1690 0788 43000000 		.word	67
 1691 078c 2C010000 		.word	300
 1692 0790 B9020000 		.word	697
 1693 0794 61040000 		.word	1121
 1694 0798 310D0000 		.word	3377
 1695 079c EC0E0000 		.word	3820
ARM GAS  C:\Users\rosto\AppData\Local\Temp\cciuoPym.s 			page 67


 1696 07a0 8F0F0000 		.word	3983
 1697 07a4 BF0F0000 		.word	4031
 1698 07a8 860F0000 		.word	3974
 1699 07ac 0C0F0000 		.word	3852
 1700 07b0 3B0E0000 		.word	3643
 1701 07b4 BA0C0000 		.word	3258
 1702 07b8 FC030000 		.word	1020
 1703 07bc 2A060000 		.word	1578
 1704 07c0 8A0A0000 		.word	2698
 1705 07c4 18050000 		.word	1304
 1706 07c8 7D040000 		.word	1149
 1707 07cc 910B0000 		.word	2961
 1708 07d0 220D0000 		.word	3362
 1709 07d4 1A0C0000 		.word	3098
 1710 07d8 BC040000 		.word	1212
 1711 07dc A9080000 		.word	2217
 1712 07e0 B1070000 		.word	1969
 1713 07e4 D50E0000 		.word	3797
 1714 07e8 210D0000 		.word	3361
 1715 07ec B0000000 		.word	176
 1716 07f0 56000000 		.word	86
 1717 07f4 A2000000 		.word	162
 1718 07f8 2B0F0000 		.word	3883
 1719 07fc 170F0000 		.word	3863
 1720 0800 4F0A0000 		.word	2639
 1721 0804 23010000 		.word	291
 1722 0808 79000000 		.word	121
 1723 080c 35050000 		.word	1333
 1724 0810 CE0F0000 		.word	4046
 1725 0814 CE0F0000 		.word	4046
 1726 0818 CE0F0000 		.word	4046
 1727 081c 21050000 		.word	1313
 1728 0820 16020000 		.word	534
 1729 0824 E1020000 		.word	737
 1730 0828 01020000 		.word	513
 1731 082c 03020000 		.word	515
 1732 0830 E10B0000 		.word	3041
 1733 0834 F50E0000 		.word	3829
 1734 0838 950F0000 		.word	3989
 1735 083c CC0F0000 		.word	4044
 1736 0840 C90F0000 		.word	4041
 1737 0844 CE0F0000 		.word	4046
 1738 0848 210F0000 		.word	3873
 1739 084c CE0C0000 		.word	3278
 1740 0850 AD000000 		.word	173
 1741 0854 29000000 		.word	41
 1742 0858 29000000 		.word	41
 1743 085c 29000000 		.word	41
 1744 0860 29000000 		.word	41
 1745 0864 2C000000 		.word	44
 1746 0868 2B000000 		.word	43
 1747 086c 60010000 		.word	352
 1748 0870 3B0A0000 		.word	2619
 1749 0874 1A0D0000 		.word	3354
 1750 0878 800C0000 		.word	3200
 1751 087c C90C0000 		.word	3273
 1752 0880 540D0000 		.word	3412
ARM GAS  C:\Users\rosto\AppData\Local\Temp\cciuoPym.s 			page 68


 1753 0884 AA030000 		.word	938
 1754 0888 3B020000 		.word	571
 1755 088c 71030000 		.word	881
 1756 0890 31050000 		.word	1329
 1757 0894 BC050000 		.word	1468
 1758 0898 DE090000 		.word	2526
 1759 089c FF050000 		.word	1535
 1760 08a0 050A0000 		.word	2565
 1761 08a4 A20E0000 		.word	3746
 1762 08a8 C60C0000 		.word	3270
 1763 08ac 4B000000 		.word	75
 1764 08b0 30000000 		.word	48
 1765 08b4 82000000 		.word	130
 1766 08b8 170F0000 		.word	3863
 1767 08bc 3E0F0000 		.word	3902
 1768 08c0 D7040000 		.word	1239
 1769 08c4 EF000000 		.word	239
 1770 08c8 97000000 		.word	151
 1771 08cc F40A0000 		.word	2804
 1772 08d0 C80F0000 		.word	4040
 1773 08d4 BB0F0000 		.word	4027
 1774 08d8 C20F0000 		.word	4034
 1775 08dc 75040000 		.word	1141
 1776 08e0 EB010000 		.word	491
 1777 08e4 B7020000 		.word	695
 1778 08e8 96010000 		.word	406
 1779 08ec E1010000 		.word	481
 1780 08f0 6C0C0000 		.word	3180
 1781 08f4 0E0F0000 		.word	3854
 1782 08f8 A10F0000 		.word	4001
 1783 08fc CD0F0000 		.word	4045
 1784 0900 CC0F0000 		.word	4044
 1785 0904 CD0F0000 		.word	4045
 1786 0908 200F0000 		.word	3872
 1787 090c 240D0000 		.word	3364
 1788 0910 65000000 		.word	101
 1789 0914 2B000000 		.word	43
 1790 0918 2A000000 		.word	42
 1791 091c 2B000000 		.word	43
 1792 0920 30000000 		.word	48
 1793 0924 2C000000 		.word	44
 1794 0928 30000000 		.word	48
 1795 092c 62010000 		.word	354
 1796 0930 AE090000 		.word	2478
 1797 0934 470D0000 		.word	3399
 1798 0938 8B0C0000 		.word	3211
 1799 093c 840C0000 		.word	3204
 1800 0940 430D0000 		.word	3395
 1801 0944 8B030000 		.word	907
 1802 0948 24020000 		.word	548
 1803 094c 70030000 		.word	880
 1804 0950 27050000 		.word	1319
 1805 0954 D5050000 		.word	1493
 1806 0958 DE090000 		.word	2526
 1807 095c 00060000 		.word	1536
 1808 0960 95080000 		.word	2197
 1809 0964 FB0F0000 		.word	4091
ARM GAS  C:\Users\rosto\AppData\Local\Temp\cciuoPym.s 			page 69


 1810 0968 FF0F0000 		.word	4095
 1811 096c B5010000 		.word	437
 1812 0970 5C000000 		.word	92
 1813 0974 D7010000 		.word	471
 1814 0978 F70F0000 		.word	4087
 1815 097c F40F0000 		.word	4084
 1816 0980 F70F0000 		.word	4087
 1817 0984 93010000 		.word	403
 1818 0988 61000000 		.word	97
 1819 098c 5F000000 		.word	95
 1820 0990 96010000 		.word	406
 1821 0994 970F0000 		.word	3991
 1822 0998 E80F0000 		.word	4072
 1823 099c F10F0000 		.word	4081
 1824 09a0 ED050000 		.word	1517
 1825 09a4 5B000000 		.word	91
 1826 09a8 86000000 		.word	134
 1827 09ac 3B0D0000 		.word	3387
 1828 09b0 8A0F0000 		.word	3978
 1829 09b4 39040000 		.word	1081
 1830 09b8 BD0C0000 		.word	3261
 1831 09bc 87030000 		.word	903
 1832 09c0 7E0B0000 		.word	2942
 1833 09c4 E90A0000 		.word	2793
 1834 09c8 F8080000 		.word	2296
 1835 09cc 1D0F0000 		.word	3869
 1836 09d0 C30F0000 		.word	4035
 1837 09d4 BC010000 		.word	444
 1838 09d8 A4000000 		.word	164
 1839 09dc 27000000 		.word	39
 1840 09e0 24000000 		.word	36
 1841 09e4 CA000000 		.word	202
 1842 09e8 940E0000 		.word	3732
 1843 09ec A70E0000 		.word	3751
 1844 09f0 D60E0000 		.word	3798
 1845 09f4 030D0000 		.word	3331
 1846 09f8 4A010000 		.word	330
 1847 09fc 08010000 		.word	264
 1848 0a00 9B000000 		.word	155
 1849 0a04 F3070000 		.word	2035
 1850 0a08 9D0F0000 		.word	3997
 1851 0a0c 890F0000 		.word	3977
 1852 0a10 C20F0000 		.word	4034
 1853 0a14 C00F0000 		.word	4032
 1854 0a18 420F0000 		.word	3906
 1855 0a1c 1E010000 		.word	286
 1856 0a20 48020000 		.word	584
 1857 0a24 710A0000 		.word	2673
 1858 0a28 3C000000 		.word	60
 1859 0a2c F7000000 		.word	247
 1860 0a30 6B020000 		.word	619
 1861 0a34 8A060000 		.word	1674
 1862 0a38 700D0000 		.word	3440
 1863 0a3c FC0D0000 		.word	3580
 1864 0a40 040E0000 		.word	3588
 1865 0a44 6F0E0000 		.word	3695
 1866 0a48 C60F0000 		.word	4038
ARM GAS  C:\Users\rosto\AppData\Local\Temp\cciuoPym.s 			page 70


 1867 0a4c B50F0000 		.word	4021
 1868 0a50 C30F0000 		.word	4035
 1869 0a54 8B0F0000 		.word	3979
 1870 0a58 7F0D0000 		.word	3455
 1871 0a5c 21040000 		.word	1057
 1872 0a60 22000000 		.word	34
 1873 0a64 21000000 		.word	33
 1874 0a68 22000000 		.word	34
 1875 0a6c 21000000 		.word	33
 1876 0a70 22000000 		.word	34
 1877 0a74 22000000 		.word	34
 1878 0a78 22000000 		.word	34
 1879 0a7c 23000000 		.word	35
 1880 0a80 79000000 		.word	121
 1881 0a84 98020000 		.word	664
 1882 0a88 B70A0000 		.word	2743
 1883 0a8c 990C0000 		.word	3225
 1884 0a90 680C0000 		.word	3176
 1885 0a94 A60C0000 		.word	3238
 1886 0a98 C20D0000 		.word	3522
 1887 0a9c 3B0D0000 		.word	3387
 1888 0aa0 FB0D0000 		.word	3579
 1889 0aa4 380E0000 		.word	3640
 1890 0aa8 B7020000 		.word	695
 1891 0aac 4C010000 		.word	332
 1892 0ab0 AC000000 		.word	172
 1893 0ab4 5A010000 		.word	346
 1894 0ab8 FB020000 		.word	763
 1895 0abc F6040000 		.word	1270
 1896 0ac0 7D090000 		.word	2429
 1897 0ac4 A0040000 		.word	1184
 1898 0ac8 C2040000 		.word	1218
 1899 0acc 9B0B0000 		.word	2971
 1900 0ad0 090B0000 		.word	2825
 1901 0ad4 46050000 		.word	1350
 1902 0ad8 BA050000 		.word	1466
 1903 0adc 42080000 		.word	2114
 1904 0ae0 3C0F0000 		.word	3900
 1905 0ae4 ED0F0000 		.word	4077
 1906 0ae8 E40A0000 		.word	2788
 1907 0aec 4F000000 		.word	79
 1908 0af0 02010000 		.word	258
 1909 0af4 DA0F0000 		.word	4058
 1910 0af8 DE0F0000 		.word	4062
 1911 0afc F00F0000 		.word	4080
 1912 0b00 B90C0000 		.word	3257
 1913 0b04 4B000000 		.word	75
 1914 0b08 53000000 		.word	83
 1915 0b0c 4D000000 		.word	77
 1916 0b10 CF0D0000 		.word	3535
 1917 0b14 810F0000 		.word	3969
 1918 0b18 E20F0000 		.word	4066
 1919 0b1c D70F0000 		.word	4055
 1920 0b20 79000000 		.word	121
 1921 0b24 4B000000 		.word	75
 1922 0b28 51010000 		.word	337
 1923 0b2c 840E0000 		.word	3716
ARM GAS  C:\Users\rosto\AppData\Local\Temp\cciuoPym.s 			page 71


 1924 0b30 780F0000 		.word	3960
 1925 0b34 B8070000 		.word	1976
 1926 0b38 01050000 		.word	1281
 1927 0b3c 430F0000 		.word	3907
 1928 0b40 8E050000 		.word	1422
 1929 0b44 570C0000 		.word	3159
 1930 0b48 A3040000 		.word	1187
 1931 0b4c 45050000 		.word	1349
 1932 0b50 950A0000 		.word	2709
 1933 0b54 3D050000 		.word	1341
 1934 0b58 000E0000 		.word	3584
 1935 0b5c 47010000 		.word	327
 1936 0b60 F9000000 		.word	249
 1937 0b64 900D0000 		.word	3472
 1938 0b68 A50F0000 		.word	4005
 1939 0b6c D10F0000 		.word	4049
 1940 0b70 E40F0000 		.word	4068
 1941 0b74 C1020000 		.word	705
 1942 0b78 8D010000 		.word	397
 1943 0b7c B9030000 		.word	953
 1944 0b80 9E010000 		.word	414
 1945 0b84 F1020000 		.word	753
 1946 0b88 A50D0000 		.word	3493
 1947 0b8c B50F0000 		.word	4021
 1948 0b90 E70F0000 		.word	4071
 1949 0b94 E60F0000 		.word	4070
 1950 0b98 E60F0000 		.word	4070
 1951 0b9c 200F0000 		.word	3872
 1952 0ba0 B50C0000 		.word	3253
 1953 0ba4 7D0B0000 		.word	2941
 1954 0ba8 00010000 		.word	256
 1955 0bac 44000000 		.word	68
 1956 0bb0 46000000 		.word	70
 1957 0bb4 43000000 		.word	67
 1958 0bb8 43000000 		.word	67
 1959 0bbc 44000000 		.word	68
 1960 0bc0 25010000 		.word	293
 1961 0bc4 AF020000 		.word	687
 1962 0bc8 3D040000 		.word	1085
 1963 0bcc 1A0D0000 		.word	3354
 1964 0bd0 E50E0000 		.word	3813
 1965 0bd4 8E0F0000 		.word	3982
 1966 0bd8 C20F0000 		.word	4034
 1967 0bdc 8A0F0000 		.word	3978
 1968 0be0 0D0F0000 		.word	3853
 1969 0be4 450E0000 		.word	3653
 1970 0be8 BE0C0000 		.word	3262
 1971 0bec F5030000 		.word	1013
 1972 0bf0 29070000 		.word	1833
 1973 0bf4 9F0A0000 		.word	2719
 1974 0bf8 1C050000 		.word	1308
 1975 0bfc 7B040000 		.word	1147
 1976 0c00 8A0B0000 		.word	2954
 1977 0c04 200D0000 		.word	3360
 1978 0c08 1E0C0000 		.word	3102
 1979 0c0c BD040000 		.word	1213
 1980 0c10 A8080000 		.word	2216
ARM GAS  C:\Users\rosto\AppData\Local\Temp\cciuoPym.s 			page 72


 1981 0c14 BC070000 		.word	1980
 1982 0c18 D50E0000 		.word	3797
 1983 0c1c 0F0D0000 		.word	3343
 1984 0c20 AB000000 		.word	171
 1985 0c24 48000000 		.word	72
 1986 0c28 84000000 		.word	132
 1987 0c2c 060F0000 		.word	3846
 1988 0c30 010F0000 		.word	3841
 1989 0c34 A20A0000 		.word	2722
 1990 0c38 1A010000 		.word	282
 1991 0c3c 8E000000 		.word	142
 1992 0c40 43060000 		.word	1603
 1993 0c44 BD0F0000 		.word	4029
 1994 0c48 CE0F0000 		.word	4046
 1995 0c4c BD0F0000 		.word	4029
 1996 0c50 66040000 		.word	1126
 1997 0c54 14020000 		.word	532
 1998 0c58 7C030000 		.word	892
 1999 0c5c C0010000 		.word	448
 2000 0c60 E5010000 		.word	485
 2001 0c64 DB0B0000 		.word	3035
 2002 0c68 F30E0000 		.word	3827
 2003 0c6c 8B0F0000 		.word	3979
 2004 0c70 CE0F0000 		.word	4046
 2005 0c74 CB0F0000 		.word	4043
 2006 0c78 CC0F0000 		.word	4044
 2007 0c7c 060F0000 		.word	3846
 2008 0c80 C10C0000 		.word	3265
 2009 0c84 D1000000 		.word	209
 2010 0c88 2A000000 		.word	42
 2011 0c8c 2B000000 		.word	43
 2012 0c90 2B000000 		.word	43
 2013 0c94 2A000000 		.word	42
 2014 0c98 2A000000 		.word	42
 2015 0c9c 2A000000 		.word	42
 2016 0ca0 67010000 		.word	359
 2017 0ca4 3D0A0000 		.word	2621
 2018 0ca8 120D0000 		.word	3346
 2019 0cac 7F0C0000 		.word	3199
 2020 0cb0 BB0C0000 		.word	3259
 2021 0cb4 4F0D0000 		.word	3407
 2022 0cb8 A1030000 		.word	929
 2023 0cbc 32020000 		.word	562
 2024 0cc0 6B030000 		.word	875
 2025 0cc4 34050000 		.word	1332
 2026 0cc8 B7050000 		.word	1463
 2027 0ccc DD090000 		.word	2525
 2028 0cd0 FF050000 		.word	1535
 2029 0cd4 33080000 		.word	2099
 2030 0cd8 F70F0000 		.word	4087
 2031 0cdc FA0F0000 		.word	4090
 2032 0ce0 A8010000 		.word	424
 2033 0ce4 63000000 		.word	99
 2034 0ce8 BE010000 		.word	446
 2035 0cec FE0F0000 		.word	4094
 2036 0cf0 F60F0000 		.word	4086
 2037 0cf4 F40F0000 		.word	4084
ARM GAS  C:\Users\rosto\AppData\Local\Temp\cciuoPym.s 			page 73


 2038 0cf8 4C010000 		.word	332
 2039 0cfc 5F000000 		.word	95
 2040 0d00 5C000000 		.word	92
 2041 0d04 90010000 		.word	400
 2042 0d08 A00F0000 		.word	4000
 2043 0d0c EB0F0000 		.word	4075
 2044 0d10 FA0F0000 		.word	4090
 2045 0d14 87070000 		.word	1927
 2046 0d18 61000000 		.word	97
 2047 0d1c 88000000 		.word	136
 2048 0d20 470C0000 		.word	3143
 2049 0d24 760F0000 		.word	3958
 2050 0d28 19040000 		.word	1049
 2051 0d2c 060D0000 		.word	3334
 2052 0d30 14030000 		.word	788
 2053 0d34 C40B0000 		.word	3012
 2054 0d38 490B0000 		.word	2889
 2055 0d3c F8080000 		.word	2296
 2056 0d40 C60F0000 		.word	4038
 2057 0d44 3E0B0000 		.word	2878
 2058 0d48 B0000000 		.word	176
 2059 0d4c 32000000 		.word	50
 2060 0d50 98000000 		.word	152
 2061 0d54 850E0000 		.word	3717
 2062 0d58 320F0000 		.word	3890
 2063 0d5c AD0F0000 		.word	4013
 2064 0d60 21010000 		.word	289
 2065 0d64 CD000000 		.word	205
 2066 0d68 4A020000 		.word	586
 2067 0d6c C70F0000 		.word	4039
 2068 0d70 BA0F0000 		.word	4026
 2069 0d74 BB0F0000 		.word	4027
 2070 0d78 240E0000 		.word	3620
 2071 0d7c F8010000 		.word	504
 2072 0d80 0E040000 		.word	1038
 2073 0d84 7E000000 		.word	126
 2074 0d88 99000000 		.word	153
 2075 0d8c 79050000 		.word	1401
 2076 0d90 CF0D0000 		.word	3535
 2077 0d94 430E0000 		.word	3651
 2078 0d98 510F0000 		.word	3921
 2079 0d9c C60F0000 		.word	4038
 2080 0da0 C50F0000 		.word	4037
 2081 0da4 720F0000 		.word	3954
 2082 0da8 3D0D0000 		.word	3389
 2083 0dac DE000000 		.word	222
 2084 0db0 23000000 		.word	35
 2085 0db4 23000000 		.word	35
 2086 0db8 23000000 		.word	35
 2087 0dbc 24000000 		.word	36
 2088 0dc0 23000000 		.word	35
 2089 0dc4 23000000 		.word	35
 2090 0dc8 6F020000 		.word	623
 2091 0dcc E80A0000 		.word	2792
 2092 0dd0 CA0C0000 		.word	3274
 2093 0dd4 690D0000 		.word	3433
 2094 0dd8 9F0D0000 		.word	3487
ARM GAS  C:\Users\rosto\AppData\Local\Temp\cciuoPym.s 			page 74


 2095 0ddc 940D0000 		.word	3476
 2096 0de0 8A0E0000 		.word	3722
 2097 0de4 F6020000 		.word	758
 2098 0de8 6A000000 		.word	106
 2099 0dec 4A010000 		.word	330
 2100 0df0 BD020000 		.word	701
 2101 0df4 4D050000 		.word	1357
 2102 0df8 DD040000 		.word	1245
 2103 0dfc E2040000 		.word	1250
 2104 0e00 CD0C0000 		.word	3277
 2105 0e04 5F060000 		.word	1631
 2106 0e08 D8050000 		.word	1496
 2107 0e0c BE080000 		.word	2238
 2108 0e10 A90E0000 		.word	3753
 2109 0e14 380D0000 		.word	3384
 2110 0e18 37000000 		.word	55
 2111 0e1c 2C000000 		.word	44
 2112 0e20 87000000 		.word	135
 2113 0e24 210F0000 		.word	3873
 2114 0e28 360F0000 		.word	3894
 2115 0e2c B3050000 		.word	1459
 2116 0e30 07010000 		.word	263
 2117 0e34 76000000 		.word	118
 2118 0e38 43060000 		.word	1603
 2119 0e3c CD0F0000 		.word	4045
 2120 0e40 CF0F0000 		.word	4047
 2121 0e44 CE0F0000 		.word	4046
 2122 0e48 FC040000 		.word	1276
 2123 0e4c 15020000 		.word	533
 2124 0e50 21030000 		.word	801
 2125 0e54 EB010000 		.word	491
 2126 0e58 08020000 		.word	520
 2127 0e5c E60B0000 		.word	3046
 2128 0e60 F20E0000 		.word	3826
 2129 0e64 930F0000 		.word	3987
 2130 0e68 C00F0000 		.word	4032
 2131 0e6c C40F0000 		.word	4036
 2132 0e70 CA0F0000 		.word	4042
 2133 0e74 240F0000 		.word	3876
 2134 0e78 CE0C0000 		.word	3278
 2135 0e7c 7C000000 		.word	124
 2136 0e80 2A000000 		.word	42
 2137 0e84 2A000000 		.word	42
 2138 0e88 2D000000 		.word	45
 2139 0e8c 2E000000 		.word	46
 2140 0e90 2A000000 		.word	42
 2141 0e94 2A000000 		.word	42
 2142 0e98 57010000 		.word	343
 2143 0e9c CF090000 		.word	2511
 2144 0ea0 320D0000 		.word	3378
 2145 0ea4 7D0C0000 		.word	3197
 2146 0ea8 A60C0000 		.word	3238
 2147 0eac 510D0000 		.word	3409
 2148 0eb0 A2030000 		.word	930
 2149 0eb4 33020000 		.word	563
 2150 0eb8 6E030000 		.word	878
 2151 0ebc 32050000 		.word	1330
ARM GAS  C:\Users\rosto\AppData\Local\Temp\cciuoPym.s 			page 75


 2152 0ec0 BC050000 		.word	1468
 2153 0ec4 DD090000 		.word	2525
 2154 0ec8 00060000 		.word	1536
 2155 0ecc 86080000 		.word	2182
 2156 0ed0 C30F0000 		.word	4035
 2157 0ed4 F00F0000 		.word	4080
 2158 0ed8 1D030000 		.word	797
 2159 0edc 4E000000 		.word	78
 2160 0ee0 D6010000 		.word	470
 2161 0ee4 DE0F0000 		.word	4062
 2162 0ee8 E20F0000 		.word	4066
 2163 0eec EE0F0000 		.word	4078
 2164 0ef0 1B030000 		.word	795
 2165 0ef4 07010000 		.word	263
 2166 0ef8 64000000 		.word	100
 2167 0efc 5B000000 		.word	91
 2168 0f00 E90F0000 		.word	4073
 2169 0f04 320F0000 		.word	3890
 2170 0f08 D70F0000 		.word	4055
 2171 0f0c AF020000 		.word	687
 2172 0f10 70000000 		.word	112
 2173 0f14 0E020000 		.word	526
 2174 0f18 D20D0000 		.word	3538
 2175 0f1c CD0F0000 		.word	4045
 2176 0f20 DC0E0000 		.word	3804
 2177 0f24 5B030000 		.word	859
 2178 0f28 D50B0000 		.word	3029
 2179 0f2c 7F0C0000 		.word	3199
 2180 0f30 FA020000 		.word	762
 2181 0f34 9D050000 		.word	1437
 2182 0f38 16050000 		.word	1302
 2183 0f3c 970A0000 		.word	2711
 2184 0f40 56050000 		.word	1366
 2185 0f44 FA0D0000 		.word	3578
 2186 0f48 49010000 		.word	329
 2187 0f4c FB000000 		.word	251
 2188 0f50 980D0000 		.word	3480
 2189 0f54 A90F0000 		.word	4009
 2190 0f58 D40F0000 		.word	4052
 2191 0f5c E60F0000 		.word	4070
 2192 0f60 A7020000 		.word	679
 2193 0f64 8E010000 		.word	398
 2194 0f68 A9030000 		.word	937
 2195 0f6c 97010000 		.word	407
 2196 0f70 FC020000 		.word	764
 2197 0f74 B00D0000 		.word	3504
 2198 0f78 B60F0000 		.word	4022
 2199 0f7c E80F0000 		.word	4072
 2200 0f80 E80F0000 		.word	4072
 2201 0f84 E80F0000 		.word	4072
 2202 0f88 280F0000 		.word	3880
 2203 0f8c C00C0000 		.word	3264
 2204 0f90 7F0B0000 		.word	2943
 2205 0f94 04010000 		.word	260
 2206 0f98 48000000 		.word	72
 2207 0f9c 47000000 		.word	71
 2208 0fa0 47000000 		.word	71
ARM GAS  C:\Users\rosto\AppData\Local\Temp\cciuoPym.s 			page 76


 2209 0fa4 45000000 		.word	69
 2210 0fa8 43000000 		.word	67
 2211 0fac 29010000 		.word	297
 2212 0fb0 B1020000 		.word	689
 2213 0fb4 3C040000 		.word	1084
 2214 0fb8 1A0D0000 		.word	3354
 2215 0fbc E50E0000 		.word	3813
 2216 0fc0 8B0F0000 		.word	3979
 2217 0fc4 BF0F0000 		.word	4031
 2218 0fc8 870F0000 		.word	3975
 2219 0fcc 0C0F0000 		.word	3852
 2220 0fd0 400E0000 		.word	3648
 2221 0fd4 BD0C0000 		.word	3261
 2222 0fd8 F9030000 		.word	1017
 2223 0fdc 60060000 		.word	1632
 2224 0fe0 900A0000 		.word	2704
 2225 0fe4 1B050000 		.word	1307
 2226 0fe8 7C040000 		.word	1148
 2227 0fec 8E0B0000 		.word	2958
 2228 0ff0 230D0000 		.word	3363
 2229 0ff4 1E0C0000 		.word	3102
 2230 0ff8 BD040000 		.word	1213
 2231 0ffc A9080000 		.word	2217
 2232              		.global	Guitar_LUT
 2233              		.section	.data.Guitar_LUT,"aw"
 2234              		.align	2
 2237              	Guitar_LUT:
 2238 0000 62070000 		.word	1890
 2239 0004 56050000 		.word	1366
 2240 0008 0A050000 		.word	1290
 2241 000c 1A0B0000 		.word	2842
 2242 0010 680B0000 		.word	2920
 2243 0014 3C050000 		.word	1340
 2244 0018 63060000 		.word	1635
 2245 001c 5C0B0000 		.word	2908
 2246 0020 ED050000 		.word	1517
 2247 0024 FE040000 		.word	1278
 2248 0028 BE0A0000 		.word	2750
 2249 002c 9A0B0000 		.word	2970
 2250 0030 36090000 		.word	2358
 2251 0034 520A0000 		.word	2642
 2252 0038 9E080000 		.word	2206
 2253 003c B8090000 		.word	2488
 2254 0040 B1060000 		.word	1713
 2255 0044 03060000 		.word	1539
 2256 0048 12090000 		.word	2322
 2257 004c 32070000 		.word	1842
 2258 0050 6F090000 		.word	2415
 2259 0054 E6090000 		.word	2534
 2260 0058 1F0A0000 		.word	2591
 2261 005c 56090000 		.word	2390
 2262 0060 22070000 		.word	1826
 2263 0064 66060000 		.word	1638
 2264 0068 3F090000 		.word	2367
 2265 006c 97060000 		.word	1687
 2266 0070 B9090000 		.word	2489
 2267 0074 73090000 		.word	2419
ARM GAS  C:\Users\rosto\AppData\Local\Temp\cciuoPym.s 			page 77


 2268 0078 4A060000 		.word	1610
 2269 007c DF070000 		.word	2015
 2270 0080 74090000 		.word	2420
 2271 0084 550A0000 		.word	2645
 2272 0088 CB050000 		.word	1483
 2273 008c 2A090000 		.word	2346
 2274 0090 BA090000 		.word	2490
 2275 0094 12060000 		.word	1554
 2276 0098 F1090000 		.word	2545
 2277 009c E6060000 		.word	1766
 2278 00a0 BB050000 		.word	1467
 2279 00a4 86060000 		.word	1670
 2280 00a8 EE090000 		.word	2542
 2281 00ac C2050000 		.word	1474
 2282 00b0 79060000 		.word	1657
 2283 00b4 AD090000 		.word	2477
 2284 00b8 BC050000 		.word	1468
 2285 00bc 7C090000 		.word	2428
 2286 00c0 D3090000 		.word	2515
 2287 00c4 3E060000 		.word	1598
 2288 00c8 C1090000 		.word	2497
 2289 00cc 85090000 		.word	2437
 2290 00d0 97060000 		.word	1687
 2291 00d4 D5070000 		.word	2005
 2292 00d8 8D090000 		.word	2445
 2293 00dc 17070000 		.word	1815
 2294 00e0 B00B0000 		.word	2992
 2295 00e4 96040000 		.word	1174
 2296 00e8 310A0000 		.word	2609
 2297 00ec 3A060000 		.word	1594
 2298 00f0 A2070000 		.word	1954
 2299 00f4 1A0C0000 		.word	3098
 2300 00f8 31050000 		.word	1329
 2301 00fc 8F010000 		.word	399
 2302 0100 28050000 		.word	1320
 2303 0104 5C010000 		.word	348
 2304 0108 C4040000 		.word	1220
 2305 010c FF050000 		.word	1535
 2306 0110 190A0000 		.word	2585
 2307 0114 DF090000 		.word	2527
 2308 0118 5C0D0000 		.word	3420
 2309 011c 600B0000 		.word	2912
 2310 0120 73090000 		.word	2419
 2311 0124 18070000 		.word	1816
 2312 0128 1D020000 		.word	541
 2313 012c C3060000 		.word	1731
 2314 0130 AD030000 		.word	941
 2315 0134 AE090000 		.word	2478
 2316 0138 0C030000 		.word	780
 2317 013c D9050000 		.word	1497
 2318 0140 CF070000 		.word	1999
 2319 0144 420D0000 		.word	3394
 2320 0148 C7080000 		.word	2247
 2321 014c FF0F0000 		.word	4095
 2322 0150 E00C0000 		.word	3296
 2323 0154 9B0B0000 		.word	2971
 2324 0158 BD0A0000 		.word	2749
ARM GAS  C:\Users\rosto\AppData\Local\Temp\cciuoPym.s 			page 78


 2325 015c F6040000 		.word	1270
 2326 0160 9F040000 		.word	1183
 2327 0164 91040000 		.word	1169
 2328 0168 F5040000 		.word	1269
 2329 016c EA070000 		.word	2026
 2330 0170 1F0C0000 		.word	3103
 2331 0174 E1050000 		.word	1505
 2332 0178 73040000 		.word	1139
 2333 017c ED060000 		.word	1773
 2334 0180 63040000 		.word	1123
 2335 0184 440C0000 		.word	3140
 2336 0188 1B090000 		.word	2331
 2337 018c 820A0000 		.word	2690
 2338 0190 0C0A0000 		.word	2572
 2339 0194 A1030000 		.word	929
 2340 0198 3D040000 		.word	1085
 2341 019c AE0A0000 		.word	2734
 2342 01a0 C2020000 		.word	706
 2343 01a4 99040000 		.word	1177
 2344 01a8 540A0000 		.word	2644
 2345 01ac 27050000 		.word	1319
 2346 01b0 9B090000 		.word	2459
 2347 01b4 EE0B0000 		.word	3054
 2348 01b8 840A0000 		.word	2692
 2349 01bc F1090000 		.word	2545
 2350 01c0 29060000 		.word	1577
 2351 01c4 CB030000 		.word	971
 2352 01c8 B7030000 		.word	951
 2353 01cc E2080000 		.word	2274
 2354 01d0 EA050000 		.word	1514
 2355 01d4 DD000000 		.word	221
 2356 01d8 01060000 		.word	1537
 2357 01dc 900A0000 		.word	2704
 2358 01e0 EF090000 		.word	2543
 2359 01e4 D60D0000 		.word	3542
 2360 01e8 36080000 		.word	2102
 2361 01ec 470C0000 		.word	3143
 2362 01f0 BB020000 		.word	699
 2363 01f4 8A060000 		.word	1674
 2364 01f8 220A0000 		.word	2594
 2365 01fc AE080000 		.word	2222
 2366 0200 EF0A0000 		.word	2799
 2367 0204 64040000 		.word	1124
 2368 0208 33070000 		.word	1843
 2369 020c 87050000 		.word	1415
 2370 0210 0C0E0000 		.word	3596
 2371 0214 BE090000 		.word	2494
 2372 0218 22050000 		.word	1314
 2373 021c 65070000 		.word	1893
 2374 0220 F6020000 		.word	758
 2375 0224 D3070000 		.word	2003
 2376 0228 390B0000 		.word	2873
 2377 022c 55090000 		.word	2389
 2378 0230 FE0A0000 		.word	2814
 2379 0234 860C0000 		.word	3206
 2380 0238 65020000 		.word	613
 2381 023c 43050000 		.word	1347
ARM GAS  C:\Users\rosto\AppData\Local\Temp\cciuoPym.s 			page 79


 2382 0240 E0090000 		.word	2528
 2383 0244 A8040000 		.word	1192
 2384 0248 F9050000 		.word	1529
 2385 024c F5030000 		.word	1013
 2386 0250 03080000 		.word	2051
 2387 0254 000B0000 		.word	2816
 2388 0258 C4080000 		.word	2244
 2389 025c 8B0A0000 		.word	2699
 2390 0260 250A0000 		.word	2597
 2391 0264 78030000 		.word	888
 2392 0268 19050000 		.word	1305
 2393 026c 93040000 		.word	1171
 2394 0270 8D0B0000 		.word	2957
 2395 0274 A8050000 		.word	1448
 2396 0278 96070000 		.word	1942
 2397 027c 37090000 		.word	2359
 2398 0280 4F030000 		.word	847
 2399 0284 A3020000 		.word	675
 2400 0288 00070000 		.word	1792
 2401 028c 24080000 		.word	2084
 2402 0290 660B0000 		.word	2918
 2403 0294 7C090000 		.word	2428
 2404 0298 5F0C0000 		.word	3167
 2405 029c D7050000 		.word	1495
 2406 02a0 11050000 		.word	1297
 2407 02a4 2F080000 		.word	2095
 2408 02a8 39070000 		.word	1849
 2409 02ac 270A0000 		.word	2599
 2410 02b0 7D080000 		.word	2173
 2411 02b4 6D080000 		.word	2157
 2412 02b8 D40A0000 		.word	2772
 2413 02bc CD020000 		.word	717
 2414 02c0 E6070000 		.word	2022
 2415 02c4 A8080000 		.word	2216
 2416 02c8 2E050000 		.word	1326
 2417 02cc C40B0000 		.word	3012
 2418 02d0 E2050000 		.word	1506
 2419 02d4 30040000 		.word	1072
 2420 02d8 A6040000 		.word	1190
 2421 02dc FF080000 		.word	2303
 2422 02e0 9A0A0000 		.word	2714
 2423 02e4 7E080000 		.word	2174
 2424 02e8 82020000 		.word	642
 2425 02ec C1060000 		.word	1729
 2426 02f0 A3050000 		.word	1443
 2427 02f4 F1090000 		.word	2545
 2428 02f8 29070000 		.word	1833
 2429 02fc 4F080000 		.word	2127
 2430 0300 9B060000 		.word	1691
 2431 0304 D3090000 		.word	2515
 2432 0308 F0080000 		.word	2288
 2433 030c AE060000 		.word	1710
 2434 0310 56080000 		.word	2134
 2435 0314 67060000 		.word	1639
 2436 0318 DC080000 		.word	2268
 2437 031c 88080000 		.word	2184
 2438 0320 850A0000 		.word	2693
ARM GAS  C:\Users\rosto\AppData\Local\Temp\cciuoPym.s 			page 80


 2439 0324 940B0000 		.word	2964
 2440 0328 C5050000 		.word	1477
 2441 032c D2040000 		.word	1234
 2442 0330 8C0B0000 		.word	2956
 2443 0334 8E0A0000 		.word	2702
 2444 0338 96050000 		.word	1430
 2445 033c CF0A0000 		.word	2767
 2446 0340 62060000 		.word	1634
 2447 0344 67090000 		.word	2407
 2448 0348 A9090000 		.word	2473
 2449 034c 2B0B0000 		.word	2859
 2450 0350 0E060000 		.word	1550
 2451 0354 C8050000 		.word	1480
 2452 0358 910A0000 		.word	2705
 2453 035c 09060000 		.word	1545
 2454 0360 560A0000 		.word	2646
 2455 0364 9C050000 		.word	1436
 2456 0368 24060000 		.word	1572
 2457 036c 670A0000 		.word	2663
 2458 0370 F0050000 		.word	1520
 2459 0374 5C0A0000 		.word	2652
 2460 0378 71090000 		.word	2417
 2461 037c 040A0000 		.word	2564
 2462 0380 39090000 		.word	2361
 2463 0384 BA050000 		.word	1466
 2464 0388 E1060000 		.word	1761
 2465 038c 52060000 		.word	1618
 2466 0390 B2090000 		.word	2482
 2467 0394 18060000 		.word	1560
 2468 0398 67090000 		.word	2407
 2469 039c 41070000 		.word	1857
 2470 03a0 D9060000 		.word	1753
 2471 03a4 51060000 		.word	1617
 2472 03a8 9E090000 		.word	2462
 2473 03ac 96090000 		.word	2454
 2474 03b0 B6090000 		.word	2486
 2475 03b4 83090000 		.word	2435
 2476 03b8 98090000 		.word	2456
 2477 03bc 7B090000 		.word	2427
 2478 03c0 F6090000 		.word	2550
 2479 03c4 BD080000 		.word	2237
 2480 03c8 6B060000 		.word	1643
 2481 03cc 3C090000 		.word	2364
 2482 03d0 45090000 		.word	2373
 2483 03d4 38070000 		.word	1848
 2484 03d8 50090000 		.word	2384
 2485 03dc 31090000 		.word	2353
 2486 03e0 49070000 		.word	1865
 2487 03e4 B4090000 		.word	2484
 2488 03e8 03070000 		.word	1795
 2489 03ec F7080000 		.word	2295
 2490 03f0 78090000 		.word	2424
 2491 03f4 74080000 		.word	2164
 2492 03f8 12070000 		.word	1810
 2493 03fc AD090000 		.word	2477
 2494 0400 88060000 		.word	1672
 2495 0404 9A090000 		.word	2458
ARM GAS  C:\Users\rosto\AppData\Local\Temp\cciuoPym.s 			page 81


 2496 0408 40090000 		.word	2368
 2497 040c 95070000 		.word	1941
 2498 0410 9A060000 		.word	1690
 2499 0414 4D090000 		.word	2381
 2500 0418 ED070000 		.word	2029
 2501 041c 5B090000 		.word	2395
 2502 0420 CA060000 		.word	1738
 2503 0424 9A090000 		.word	2458
 2504 0428 C6060000 		.word	1734
 2505 042c 5B070000 		.word	1883
 2506 0430 8A060000 		.word	1674
 2507 0434 38060000 		.word	1592
 2508 0438 5D060000 		.word	1629
 2509 043c 63090000 		.word	2403
 2510 0440 3E070000 		.word	1854
 2511 0444 92070000 		.word	1938
 2512 0448 9E080000 		.word	2206
 2513 044c B5090000 		.word	2485
 2514 0450 A7090000 		.word	2471
 2515 0454 7C090000 		.word	2428
 2516 0458 F5080000 		.word	2293
 2517 045c 35090000 		.word	2357
 2518 0460 0A0A0000 		.word	2570
 2519 0464 DC040000 		.word	1244
 2520 0468 8C0A0000 		.word	2700
 2521 046c 6A070000 		.word	1898
 2522 0470 A1080000 		.word	2209
 2523 0474 10090000 		.word	2320
 2524 0478 8C030000 		.word	908
 2525 047c 28040000 		.word	1064
 2526 0480 7C0B0000 		.word	2940
 2527 0484 82090000 		.word	2434
 2528 0488 07040000 		.word	1031
 2529 048c 900A0000 		.word	2704
 2530 0490 C6040000 		.word	1222
 2531 0494 490A0000 		.word	2633
 2532 0498 2F090000 		.word	2351
 2533 049c EF030000 		.word	1007
 2534 04a0 84030000 		.word	900
 2535 04a4 31030000 		.word	817
 2536 04a8 2B040000 		.word	1067
 2537 04ac E7030000 		.word	999
 2538 04b0 6C040000 		.word	1132
 2539 04b4 030B0000 		.word	2819
 2540 04b8 230A0000 		.word	2595
 2541 04bc B0070000 		.word	1968
 2542 04c0 64030000 		.word	868
 2543 04c4 76040000 		.word	1142
 2544 04c8 6F030000 		.word	879
 2545 04cc 74060000 		.word	1652
 2546 04d0 83080000 		.word	2179
 2547 04d4 27080000 		.word	2087
 2548 04d8 E0080000 		.word	2272
 2549 04dc BB0B0000 		.word	3003
 2550 04e0 71060000 		.word	1649
 2551 04e4 AF0A0000 		.word	2735
 2552 04e8 B90A0000 		.word	2745
ARM GAS  C:\Users\rosto\AppData\Local\Temp\cciuoPym.s 			page 82


 2553 04ec 86060000 		.word	1670
 2554 04f0 85060000 		.word	1669
 2555 04f4 A00B0000 		.word	2976
 2556 04f8 110A0000 		.word	2577
 2557 04fc 15080000 		.word	2069
 2558 0500 CF0A0000 		.word	2767
 2559 0504 09070000 		.word	1801
 2560 0508 6F050000 		.word	1391
 2561 050c 1F0A0000 		.word	2591
 2562 0510 1F070000 		.word	1823
 2563 0514 CD060000 		.word	1741
 2564 0518 92090000 		.word	2450
 2565 051c 25060000 		.word	1573
 2566 0520 17060000 		.word	1559
 2567 0524 EB060000 		.word	1771
 2568 0528 C9090000 		.word	2505
 2569 052c DD050000 		.word	1501
 2570 0530 F0060000 		.word	1776
 2571 0534 88090000 		.word	2440
 2572 0538 64090000 		.word	2404
 2573 053c 160A0000 		.word	2582
 2574 0540 1A080000 		.word	2074
 2575 0544 74070000 		.word	1908
 2576 0548 96060000 		.word	1686
 2577 054c 4C090000 		.word	2380
 2578 0550 48060000 		.word	1608
 2579 0554 61090000 		.word	2401
 2580 0558 BB060000 		.word	1723
 2581 055c 2B070000 		.word	1835
 2582 0560 C5060000 		.word	1733
 2583 0564 81070000 		.word	1921
 2584 0568 6C050000 		.word	1388
 2585 056c EB0A0000 		.word	2795
 2586 0570 CE0C0000 		.word	3278
 2587 0574 37050000 		.word	1335
 2588 0578 720E0000 		.word	3698
 2589 057c 2F0E0000 		.word	3631
 2590 0580 200C0000 		.word	3104
 2591 0584 3C0D0000 		.word	3388
 2592 0588 23070000 		.word	1827
 2593 058c 6E050000 		.word	1390
 2594 0590 5A070000 		.word	1882
 2595 0594 21040000 		.word	1057
 2596 0598 ED0B0000 		.word	3053
 2597 059c E80B0000 		.word	3048
 2598 05a0 7F0E0000 		.word	3711
 2599 05a4 AD0B0000 		.word	2989
 2600 05a8 A50C0000 		.word	3237
 2601 05ac 4E050000 		.word	1358
 2602 05b0 5D050000 		.word	1373
 2603 05b4 1C060000 		.word	1564
 2604 05b8 52070000 		.word	1874
 2605 05bc 390C0000 		.word	3129
 2606 05c0 960A0000 		.word	2710
 2607 05c4 04020000 		.word	516
 2608 05c8 AC050000 		.word	1452
 2609 05cc E2080000 		.word	2274
ARM GAS  C:\Users\rosto\AppData\Local\Temp\cciuoPym.s 			page 83


 2610 05d0 280B0000 		.word	2856
 2611 05d4 4A090000 		.word	2378
 2612 05d8 5E020000 		.word	606
 2613 05dc 63040000 		.word	1123
 2614 05e0 E8070000 		.word	2024
 2615 05e4 580B0000 		.word	2904
 2616 05e8 7A0B0000 		.word	2938
 2617 05ec 70040000 		.word	1136
 2618 05f0 3B050000 		.word	1339
 2619 05f4 0E070000 		.word	1806
 2620 05f8 D3050000 		.word	1491
 2621 05fc 940A0000 		.word	2708
 2622 0600 740A0000 		.word	2676
 2623 0604 3C050000 		.word	1340
 2624 0608 47060000 		.word	1607
 2625 060c 5A0A0000 		.word	2650
 2626 0610 1F060000 		.word	1567
 2627 0614 CA050000 		.word	1482
 2628 0618 D7050000 		.word	1495
 2629 061c 18040000 		.word	1048
 2630 0620 7B080000 		.word	2171
 2631 0624 F6060000 		.word	1782
 2632 0628 7F080000 		.word	2175
 2633 062c 94060000 		.word	1684
 2634 0630 EB050000 		.word	1515
 2635 0634 5A060000 		.word	1626
 2636 0638 B1030000 		.word	945
 2637 063c 430A0000 		.word	2627
 2638 0640 69060000 		.word	1641
 2639 0644 3D090000 		.word	2365
 2640 0648 88060000 		.word	1672
 2641 064c 79060000 		.word	1657
 2642 0650 AA060000 		.word	1706
 2643 0654 45070000 		.word	1861
 2644 0658 F1060000 		.word	1777
 2645 065c 33050000 		.word	1331
 2646 0660 BF060000 		.word	1727
 2647 0664 F8090000 		.word	2552
 2648 0668 5E060000 		.word	1630
 2649 066c 6F090000 		.word	2415
 2650 0670 59070000 		.word	1881
 2651 0674 3F080000 		.word	2111
 2652 0678 070A0000 		.word	2567
 2653 067c F7060000 		.word	1783
 2654 0680 21070000 		.word	1825
 2655 0684 04060000 		.word	1540
 2656 0688 97060000 		.word	1687
 2657 068c 6D070000 		.word	1901
 2658 0690 430A0000 		.word	2627
 2659 0694 6E070000 		.word	1902
 2660 0698 4A090000 		.word	2378
 2661 069c FB050000 		.word	1531
 2662 06a0 8A0A0000 		.word	2698
 2663 06a4 7D060000 		.word	1661
 2664 06a8 F20A0000 		.word	2802
 2665 06ac 47060000 		.word	1607
 2666 06b0 21080000 		.word	2081
ARM GAS  C:\Users\rosto\AppData\Local\Temp\cciuoPym.s 			page 84


 2667 06b4 49090000 		.word	2377
 2668 06b8 84060000 		.word	1668
 2669 06bc 98080000 		.word	2200
 2670 06c0 E8050000 		.word	1512
 2671 06c4 D0070000 		.word	2000
 2672 06c8 A0070000 		.word	1952
 2673 06cc 9F0A0000 		.word	2719
 2674 06d0 B3060000 		.word	1715
 2675 06d4 AB0A0000 		.word	2731
 2676 06d8 8D050000 		.word	1421
 2677 06dc 330A0000 		.word	2611
 2678 06e0 2F0A0000 		.word	2607
 2679 06e4 E4090000 		.word	2532
 2680 06e8 F7070000 		.word	2039
 2681 06ec 3D0B0000 		.word	2877
 2682 06f0 A8060000 		.word	1704
 2683 06f4 DA090000 		.word	2522
 2684 06f8 D3050000 		.word	1491
 2685 06fc 3F0B0000 		.word	2879
 2686 0700 29060000 		.word	1577
 2687 0704 F1070000 		.word	2033
 2688 0708 950B0000 		.word	2965
 2689 070c 4D050000 		.word	1357
 2690 0710 76090000 		.word	2422
 2691 0714 73060000 		.word	1651
 2692 0718 040A0000 		.word	2564
 2693 071c EA050000 		.word	1514
 2694 0720 EF060000 		.word	1775
 2695 0724 080A0000 		.word	2568
 2696 0728 95090000 		.word	2453
 2697 072c 3B090000 		.word	2363
 2698 0730 90090000 		.word	2448
 2699 0734 59090000 		.word	2393
 2700 0738 5C060000 		.word	1628
 2701 073c 0F070000 		.word	1807
 2702 0740 BE060000 		.word	1726
 2703 0744 DC060000 		.word	1756
 2704 0748 B3080000 		.word	2227
 2705 074c 58060000 		.word	1624
 2706 0750 93060000 		.word	1683
 2707 0754 C3060000 		.word	1731
 2708 0758 41060000 		.word	1601
 2709 075c 35080000 		.word	2101
 2710 0760 ED090000 		.word	2541
 2711 0764 94090000 		.word	2452
 2712 0768 77090000 		.word	2423
 2713 076c 4E080000 		.word	2126
 2714 0770 19070000 		.word	1817
 2715 0774 A8090000 		.word	2472
 2716 0778 99090000 		.word	2457
 2717 077c 81060000 		.word	1665
 2718 0780 33080000 		.word	2099
 2719 0784 AB090000 		.word	2475
 2720 0788 A2060000 		.word	1698
 2721 078c 7F090000 		.word	2431
 2722 0790 84080000 		.word	2180
 2723 0794 F8060000 		.word	1784
ARM GAS  C:\Users\rosto\AppData\Local\Temp\cciuoPym.s 			page 85


 2724 0798 2B080000 		.word	2091
 2725 079c B3090000 		.word	2483
 2726 07a0 2E070000 		.word	1838
 2727 07a4 34090000 		.word	2356
 2728 07a8 FC060000 		.word	1788
 2729 07ac 82090000 		.word	2434
 2730 07b0 51080000 		.word	2129
 2731 07b4 29090000 		.word	2345
 2732 07b8 F1060000 		.word	1777
 2733 07bc 8B080000 		.word	2187
 2734 07c0 33090000 		.word	2355
 2735 07c4 15070000 		.word	1813
 2736 07c8 78090000 		.word	2424
 2737 07cc 8E090000 		.word	2446
 2738 07d0 35090000 		.word	2357
 2739 07d4 12090000 		.word	2322
 2740 07d8 B9070000 		.word	1977
 2741 07dc A6090000 		.word	2470
 2742 07e0 75090000 		.word	2421
 2743 07e4 78060000 		.word	1656
 2744 07e8 120A0000 		.word	2578
 2745 07ec D7050000 		.word	1495
 2746 07f0 FD080000 		.word	2301
 2747 07f4 630A0000 		.word	2659
 2748 07f8 EB060000 		.word	1771
 2749 07fc 79060000 		.word	1657
 2750 0800 7D090000 		.word	2429
 2751 0804 F2060000 		.word	1778
 2752 0808 E8090000 		.word	2536
 2753 080c 70060000 		.word	1648
 2754 0810 FA090000 		.word	2554
 2755 0814 28060000 		.word	1576
 2756 0818 8A090000 		.word	2442
 2757 081c DF090000 		.word	2527
 2758 0820 0D060000 		.word	1549
 2759 0824 DB090000 		.word	2523
 2760 0828 DC060000 		.word	1756
 2761 082c 5C090000 		.word	2396
 2762 0830 71080000 		.word	2161
 2763 0834 F8060000 		.word	1784
 2764 0838 F7050000 		.word	1527
 2765 083c F9090000 		.word	2553
 2766 0840 82070000 		.word	1922
 2767 0844 1A060000 		.word	1562
 2768 0848 B3060000 		.word	1715
 2769 084c 870A0000 		.word	2695
 2770 0850 31070000 		.word	1841
 2771 0854 58090000 		.word	2392
 2772 0858 30060000 		.word	1584
 2773 085c 37080000 		.word	2103
 2774 0860 2D0A0000 		.word	2605
 2775 0864 B0090000 		.word	2480
 2776 0868 A8050000 		.word	1448
 2777 086c 77090000 		.word	2423
 2778 0870 40090000 		.word	2368
 2779 0874 F1050000 		.word	1521
 2780 0878 F0060000 		.word	1776
ARM GAS  C:\Users\rosto\AppData\Local\Temp\cciuoPym.s 			page 86


 2781 087c 51080000 		.word	2129
 2782 0880 13040000 		.word	1043
 2783 0884 C60A0000 		.word	2758
 2784 0888 34090000 		.word	2356
 2785 088c EA0B0000 		.word	3050
 2786 0890 DF0B0000 		.word	3039
 2787 0894 44080000 		.word	2116
 2788 0898 B2060000 		.word	1714
 2789 089c 40080000 		.word	2112
 2790 08a0 0A0A0000 		.word	2570
 2791 08a4 FB080000 		.word	2299
 2792 08a8 67060000 		.word	1639
 2793 08ac C6080000 		.word	2246
 2794 08b0 A3080000 		.word	2211
 2795 08b4 F00A0000 		.word	2800
 2796 08b8 D1050000 		.word	1489
 2797 08bc 71070000 		.word	1905
 2798 08c0 FB060000 		.word	1787
 2799 08c4 9F0B0000 		.word	2975
 2800 08c8 89070000 		.word	1929
 2801 08cc C9070000 		.word	1993
 2802 08d0 B0080000 		.word	2224
 2803 08d4 F8080000 		.word	2296
 2804 08d8 F1040000 		.word	1265
 2805 08dc A9080000 		.word	2217
 2806 08e0 9B0A0000 		.word	2715
 2807 08e4 8B060000 		.word	1675
 2808 08e8 47090000 		.word	2375
 2809 08ec E3050000 		.word	1507
 2810 08f0 26070000 		.word	1830
 2811 08f4 4E070000 		.word	1870
 2812 08f8 6C050000 		.word	1388
 2813 08fc 53060000 		.word	1619
 2814 0900 090B0000 		.word	2825
 2815 0904 5E050000 		.word	1374
 2816 0908 900A0000 		.word	2704
 2817 090c 110A0000 		.word	2577
 2818 0910 58050000 		.word	1368
 2819 0914 050B0000 		.word	2821
 2820 0918 610B0000 		.word	2913
 2821 091c 31060000 		.word	1585
 2822 0920 CF0A0000 		.word	2767
 2823 0924 FB050000 		.word	1531
 2824 0928 800A0000 		.word	2688
 2825 092c D4090000 		.word	2516
 2826 0930 BD090000 		.word	2493
 2827 0934 D4080000 		.word	2260
 2828 0938 AD060000 		.word	1709
 2829 093c 83090000 		.word	2435
 2830 0940 4E090000 		.word	2382
 2831 0944 F6090000 		.word	2550
 2832 0948 30060000 		.word	1584
 2833 094c B0090000 		.word	2480
 2834 0950 710A0000 		.word	2673
 2835 0954 33090000 		.word	2355
 2836 0958 31070000 		.word	1841
 2837 095c 4A070000 		.word	1866
ARM GAS  C:\Users\rosto\AppData\Local\Temp\cciuoPym.s 			page 87


 2838 0960 56090000 		.word	2390
 2839 0964 C7090000 		.word	2503
 2840 0968 9A090000 		.word	2458
 2841 096c CA060000 		.word	1738
 2842 0970 33060000 		.word	1587
 2843 0974 81060000 		.word	1665
 2844 0978 CC070000 		.word	1996
 2845 097c D5070000 		.word	2005
 2846 0980 B5070000 		.word	1973
 2847 0984 DF080000 		.word	2271
 2848 0988 52090000 		.word	2386
 2849 098c 1D090000 		.word	2333
 2850 0990 84090000 		.word	2436
 2851 0994 1E090000 		.word	2334
 2852 0998 23070000 		.word	1827
 2853 099c 3A070000 		.word	1850
 2854 09a0 0F090000 		.word	2319
 2855 09a4 94090000 		.word	2452
 2856 09a8 44090000 		.word	2372
 2857 09ac 53070000 		.word	1875
 2858 09b0 0A060000 		.word	1546
 2859 09b4 5F070000 		.word	1887
 2860 09b8 30060000 		.word	1584
 2861 09bc 22070000 		.word	1826
 2862 09c0 6C0A0000 		.word	2668
 2863 09c4 2F070000 		.word	1839
 2864 09c8 15080000 		.word	2069
 2865 09cc 95050000 		.word	1429
 2866 09d0 740A0000 		.word	2676
 2867 09d4 82040000 		.word	1154
 2868 09d8 87070000 		.word	1927
 2869 09dc 8E080000 		.word	2190
 2870 09e0 12080000 		.word	2066
 2871 09e4 AE050000 		.word	1454
 2872 09e8 BF060000 		.word	1727
 2873 09ec B90A0000 		.word	2745
 2874 09f0 60090000 		.word	2400
 2875 09f4 D10A0000 		.word	2769
 2876 09f8 34070000 		.word	1844
 2877 09fc 60090000 		.word	2400
 2878 0a00 820A0000 		.word	2690
 2879 0a04 7C070000 		.word	1916
 2880 0a08 7E040000 		.word	1150
 2881 0a0c E5070000 		.word	2021
 2882 0a10 630A0000 		.word	2659
 2883 0a14 46040000 		.word	1094
 2884 0a18 500A0000 		.word	2640
 2885 0a1c 4E090000 		.word	2382
 2886 0a20 BF070000 		.word	1983
 2887 0a24 15060000 		.word	1557
 2888 0a28 6D080000 		.word	2157
 2889 0a2c 73070000 		.word	1907
 2890 0a30 ED050000 		.word	1517
 2891 0a34 D30A0000 		.word	2771
 2892 0a38 1F0B0000 		.word	2847
 2893 0a3c FE070000 		.word	2046
 2894 0a40 6C090000 		.word	2412
ARM GAS  C:\Users\rosto\AppData\Local\Temp\cciuoPym.s 			page 88


 2895 0a44 390A0000 		.word	2617
 2896 0a48 2B0A0000 		.word	2603
 2897 0a4c 96080000 		.word	2198
 2898 0a50 FD050000 		.word	1533
 2899 0a54 3B0A0000 		.word	2619
 2900 0a58 69060000 		.word	1641
 2901 0a5c 6B090000 		.word	2411
 2902 0a60 01060000 		.word	1537
 2903 0a64 15060000 		.word	1557
 2904 0a68 7E0B0000 		.word	2942
 2905 0a6c C8080000 		.word	2248
 2906 0a70 43050000 		.word	1347
 2907 0a74 79090000 		.word	2425
 2908 0a78 94060000 		.word	1684
 2909 0a7c 55060000 		.word	1621
 2910 0a80 8A060000 		.word	1674
 2911 0a84 C9080000 		.word	2249
 2912 0a88 F3060000 		.word	1779
 2913 0a8c CB050000 		.word	1483
 2914 0a90 35060000 		.word	1589
 2915 0a94 6E090000 		.word	2414
 2916 0a98 00070000 		.word	1792
 2917 0a9c 76070000 		.word	1910
 2918 0aa0 31090000 		.word	2353
 2919 0aa4 A3060000 		.word	1699
 2920 0aa8 840A0000 		.word	2692
 2921 0aac AB090000 		.word	2475
 2922 0ab0 6F050000 		.word	1391
 2923 0ab4 C80A0000 		.word	2760
 2924 0ab8 9D060000 		.word	1693
 2925 0abc D80A0000 		.word	2776
 2926 0ac0 AB060000 		.word	1707
 2927 0ac4 BC0A0000 		.word	2748
 2928 0ac8 350A0000 		.word	2613
 2929 0acc 96050000 		.word	1430
 2930 0ad0 030A0000 		.word	2563
 2931 0ad4 1A070000 		.word	1818
 2932 0ad8 D6090000 		.word	2518
 2933 0adc 1B070000 		.word	1819
 2934 0ae0 AF060000 		.word	1711
 2935 0ae4 D4060000 		.word	1748
 2936 0ae8 CC090000 		.word	2508
 2937 0aec E6090000 		.word	2534
 2938 0af0 11060000 		.word	1553
 2939 0af4 59080000 		.word	2137
 2940 0af8 D6080000 		.word	2262
 2941 0afc 86090000 		.word	2438
 2942 0b00 62090000 		.word	2402
 2943 0b04 C0060000 		.word	1728
 2944 0b08 06070000 		.word	1798
 2945 0b0c 50090000 		.word	2384
 2946 0b10 46090000 		.word	2374
 2947 0b14 7B090000 		.word	2427
 2948 0b18 9B060000 		.word	1691
 2949 0b1c 6B070000 		.word	1899
 2950 0b20 7B090000 		.word	2427
 2951 0b24 C8060000 		.word	1736
ARM GAS  C:\Users\rosto\AppData\Local\Temp\cciuoPym.s 			page 89


 2952 0b28 5D090000 		.word	2397
 2953 0b2c 96060000 		.word	1686
 2954 0b30 B1060000 		.word	1713
 2955 0b34 FC060000 		.word	1788
 2956 0b38 3B090000 		.word	2363
 2957 0b3c C8060000 		.word	1736
 2958 0b40 060A0000 		.word	2566
 2959 0b44 1F090000 		.word	2335
 2960 0b48 EB050000 		.word	1515
 2961 0b4c 6E090000 		.word	2414
 2962 0b50 FA0B0000 		.word	3066
 2963 0b54 CF040000 		.word	1231
 2964 0b58 95060000 		.word	1685
 2965 0b5c 06090000 		.word	2310
 2966 0b60 CE0B0000 		.word	3022
 2967 0b64 670C0000 		.word	3175
 2968 0b68 520B0000 		.word	2898
 2969 0b6c FB030000 		.word	1019
 2970 0b70 3F070000 		.word	1855
 2971 0b74 D30A0000 		.word	2771
 2972 0b78 2D0B0000 		.word	2861
 2973 0b7c CE040000 		.word	1230
 2974 0b80 A2070000 		.word	1954
 2975 0b84 73070000 		.word	1907
 2976 0b88 CC0A0000 		.word	2764
 2977 0b8c B90B0000 		.word	3001
 2978 0b90 D4060000 		.word	1748
 2979 0b94 760B0000 		.word	2934
 2980 0b98 220C0000 		.word	3106
 2981 0b9c 3B0E0000 		.word	3643
 2982 0ba0 CC0E0000 		.word	3788
 2983 0ba4 640E0000 		.word	3684
 2984 0ba8 4B0B0000 		.word	2891
 2985 0bac 7F0C0000 		.word	3199
 2986 0bb0 F6030000 		.word	1014
 2987 0bb4 C1030000 		.word	961
 2988 0bb8 A4040000 		.word	1188
 2989 0bbc 37050000 		.word	1335
 2990 0bc0 3C050000 		.word	1340
 2991 0bc4 CA0B0000 		.word	3018
 2992 0bc8 1F0C0000 		.word	3103
 2993 0bcc D10A0000 		.word	2769
 2994 0bd0 C70A0000 		.word	2759
 2995 0bd4 E6070000 		.word	2022
 2996 0bd8 46050000 		.word	1350
 2997 0bdc 120B0000 		.word	2834
 2998 0be0 F30A0000 		.word	2803
 2999 0be4 1A0A0000 		.word	2586
 3000 0be8 6D060000 		.word	1645
 3001 0bec CC040000 		.word	1228
 3002 0bf0 760A0000 		.word	2678
 3003 0bf4 BD050000 		.word	1469
 3004 0bf8 8E060000 		.word	1678
 3005 0bfc 750A0000 		.word	2677
 3006 0c00 9E040000 		.word	1182
 3007 0c04 A2040000 		.word	1186
 3008 0c08 C5060000 		.word	1733
ARM GAS  C:\Users\rosto\AppData\Local\Temp\cciuoPym.s 			page 90


 3009 0c0c 74090000 		.word	2420
 3010 0c10 BD050000 		.word	1469
 3011 0c14 22090000 		.word	2338
 3012 0c18 D5040000 		.word	1237
 3013 0c1c 1B060000 		.word	1563
 3014 0c20 720A0000 		.word	2674
 3015 0c24 2B090000 		.word	2347
 3016 0c28 EF050000 		.word	1519
 3017 0c2c 60080000 		.word	2144
 3018 0c30 87090000 		.word	2439
 3019 0c34 B2080000 		.word	2226
 3020 0c38 0C060000 		.word	1548
 3021 0c3c 1B090000 		.word	2331
 3022 0c40 8F080000 		.word	2191
 3023 0c44 89090000 		.word	2441
 3024 0c48 D30A0000 		.word	2771
 3025 0c4c 52050000 		.word	1362
 3026 0c50 34090000 		.word	2356
 3027 0c54 FB080000 		.word	2299
 3028 0c58 6B050000 		.word	1387
 3029 0c5c B1080000 		.word	2225
 3030 0c60 FF070000 		.word	2047
 3031 0c64 04070000 		.word	1796
 3032 0c68 C0090000 		.word	2496
 3033 0c6c A2090000 		.word	2466
 3034 0c70 A4060000 		.word	1700
 3035 0c74 6F090000 		.word	2415
 3036 0c78 17070000 		.word	1815
 3037 0c7c 44090000 		.word	2372
 3038 0c80 51090000 		.word	2385
 3039 0c84 D1060000 		.word	1745
 3040 0c88 FF060000 		.word	1791
 3041 0c8c 43070000 		.word	1859
 3042 0c90 1C070000 		.word	1820
 3043 0c94 32080000 		.word	2098
 3044 0c98 42090000 		.word	2370
 3045 0c9c 41090000 		.word	2369
 3046 0ca0 7A070000 		.word	1914
 3047 0ca4 FF090000 		.word	2559
 3048 0ca8 B8050000 		.word	1464
 3049 0cac C1090000 		.word	2497
 3050 0cb0 400A0000 		.word	2624
 3051 0cb4 2E090000 		.word	2350
 3052 0cb8 4D050000 		.word	1357
 3053 0cbc C8070000 		.word	1992
 3054 0cc0 760B0000 		.word	2934
 3055 0cc4 200A0000 		.word	2592
 3056 0cc8 FB080000 		.word	2299
 3057 0ccc 8C060000 		.word	1676
 3058 0cd0 DF060000 		.word	1759
 3059 0cd4 9F0A0000 		.word	2719
 3060 0cd8 4F0A0000 		.word	2639
 3061 0cdc 76050000 		.word	1398
 3062 0ce0 A50B0000 		.word	2981
 3063 0ce4 1A0B0000 		.word	2842
 3064 0ce8 87040000 		.word	1159
 3065 0cec 25040000 		.word	1061
ARM GAS  C:\Users\rosto\AppData\Local\Temp\cciuoPym.s 			page 91


 3066 0cf0 190A0000 		.word	2585
 3067 0cf4 86080000 		.word	2182
 3068 0cf8 C4050000 		.word	1476
 3069 0cfc 880B0000 		.word	2952
 3070 0d00 AB0A0000 		.word	2731
 3071 0d04 0A080000 		.word	2058
 3072 0d08 AD060000 		.word	1709
 3073 0d0c F5080000 		.word	2293
 3074 0d10 62080000 		.word	2146
 3075 0d14 D6050000 		.word	1494
 3076 0d18 AE050000 		.word	1454
 3077 0d1c 7A0A0000 		.word	2682
 3078 0d20 9E060000 		.word	1694
 3079 0d24 68090000 		.word	2408
 3080 0d28 A6080000 		.word	2214
 3081 0d2c CE090000 		.word	2510
 3082 0d30 75060000 		.word	1653
 3083 0d34 02090000 		.word	2306
 3084 0d38 0C060000 		.word	1548
 3085 0d3c AE080000 		.word	2222
 3086 0d40 8C090000 		.word	2444
 3087 0d44 9D060000 		.word	1693
 3088 0d48 F1060000 		.word	1777
 3089 0d4c 9B090000 		.word	2459
 3090 0d50 4E070000 		.word	1870
 3091 0d54 85060000 		.word	1669
 3092 0d58 440A0000 		.word	2628
 3093 0d5c 0D090000 		.word	2317
 3094 0d60 33060000 		.word	1587
 3095 0d64 42070000 		.word	1858
 3096 0d68 4A070000 		.word	1866
 3097 0d6c 43090000 		.word	2371
 3098 0d70 D2090000 		.word	2514
 3099 0d74 A1060000 		.word	1697
 3100 0d78 1A090000 		.word	2330
 3101 0d7c BE090000 		.word	2494
 3102 0d80 F3080000 		.word	2291
 3103 0d84 DD050000 		.word	1501
 3104 0d88 8D070000 		.word	1933
 3105 0d8c BF080000 		.word	2239
 3106 0d90 3C060000 		.word	1596
 3107 0d94 EF070000 		.word	2031
 3108 0d98 E9070000 		.word	2025
 3109 0d9c 77070000 		.word	1911
 3110 0da0 DF060000 		.word	1759
 3111 0da4 85080000 		.word	2181
 3112 0da8 B60B0000 		.word	2998
 3113 0dac 74070000 		.word	1908
 3114 0db0 6D050000 		.word	1389
 3115 0db4 FA0B0000 		.word	3066
 3116 0db8 25090000 		.word	2341
 3117 0dbc 6B060000 		.word	1643
 3118 0dc0 01070000 		.word	1793
 3119 0dc4 3C060000 		.word	1596
 3120 0dc8 54080000 		.word	2132
 3121 0dcc 15050000 		.word	1301
 3122 0dd0 43090000 		.word	2371
ARM GAS  C:\Users\rosto\AppData\Local\Temp\cciuoPym.s 			page 92


 3123 0dd4 B3050000 		.word	1459
 3124 0dd8 DE060000 		.word	1758
 3125 0ddc 9A070000 		.word	1946
 3126 0de0 89060000 		.word	1673
 3127 0de4 D6090000 		.word	2518
 3128 0de8 63070000 		.word	1891
 3129 0dec A8060000 		.word	1704
 3130 0df0 8D080000 		.word	2189
 3131 0df4 2F060000 		.word	1583
 3132 0df8 07080000 		.word	2055
 3133 0dfc EA080000 		.word	2282
 3134 0e00 7A080000 		.word	2170
 3135 0e04 F9070000 		.word	2041
 3136 0e08 69080000 		.word	2153
 3137 0e0c 950A0000 		.word	2709
 3138 0e10 47060000 		.word	1607
 3139 0e14 9D0A0000 		.word	2717
 3140 0e18 49060000 		.word	1609
 3141 0e1c 30090000 		.word	2352
 3142 0e20 84050000 		.word	1412
 3143 0e24 8F0A0000 		.word	2703
 3144 0e28 570A0000 		.word	2647
 3145 0e2c FC060000 		.word	1788
 3146 0e30 9E060000 		.word	1694
 3147 0e34 21090000 		.word	2337
 3148 0e38 480A0000 		.word	2632
 3149 0e3c 81050000 		.word	1409
 3150 0e40 EF080000 		.word	2287
 3151 0e44 410B0000 		.word	2881
 3152 0e48 C1050000 		.word	1473
 3153 0e4c 9A090000 		.word	2458
 3154 0e50 4D060000 		.word	1613
 3155 0e54 140A0000 		.word	2580
 3156 0e58 75060000 		.word	1653
 3157 0e5c 92060000 		.word	1682
 3158 0e60 67090000 		.word	2407
 3159 0e64 BD070000 		.word	1981
 3160 0e68 1A070000 		.word	1818
 3161 0e6c 98060000 		.word	1688
 3162 0e70 67060000 		.word	1639
 3163 0e74 A7090000 		.word	2471
 3164 0e78 89090000 		.word	2441
 3165 0e7c 4F090000 		.word	2383
 3166 0e80 06090000 		.word	2310
 3167 0e84 70070000 		.word	1904
 3168 0e88 20070000 		.word	1824
 3169 0e8c D5060000 		.word	1749
 3170 0e90 58080000 		.word	2136
 3171 0e94 AC090000 		.word	2476
 3172 0e98 410A0000 		.word	2625
 3173 0e9c 170A0000 		.word	2583
 3174 0ea0 6B090000 		.word	2411
 3175 0ea4 E1090000 		.word	2529
 3176 0ea8 94060000 		.word	1684
 3177 0eac 00080000 		.word	2048
 3178 0eb0 53090000 		.word	2387
 3179 0eb4 77060000 		.word	1655
ARM GAS  C:\Users\rosto\AppData\Local\Temp\cciuoPym.s 			page 93


 3180 0eb8 D7090000 		.word	2519
 3181 0ebc 5E070000 		.word	1886
 3182 0ec0 0A090000 		.word	2314
 3183 0ec4 E9080000 		.word	2281
 3184 0ec8 43070000 		.word	1859
 3185 0ecc A7090000 		.word	2471
 3186 0ed0 AA090000 		.word	2474
 3187 0ed4 0C070000 		.word	1804
 3188 0ed8 C8090000 		.word	2504
 3189 0edc 98060000 		.word	1688
 3190 0ee0 D8090000 		.word	2520
 3191 0ee4 E4060000 		.word	1764
 3192 0ee8 29090000 		.word	2345
 3193 0eec 4E090000 		.word	2382
 3194 0ef0 DC070000 		.word	2012
 3195 0ef4 95070000 		.word	1941
 3196 0ef8 90090000 		.word	2448
 3197 0efc DA070000 		.word	2010
 3198 0f00 33060000 		.word	1587
 3199 0f04 340A0000 		.word	2612
 3200 0f08 B1060000 		.word	1713
 3201 0f0c 6F050000 		.word	1391
 3202 0f10 050A0000 		.word	2565
 3203 0f14 66090000 		.word	2406
 3204 0f18 9B080000 		.word	2203
 3205 0f1c 6A060000 		.word	1642
 3206 0f20 160A0000 		.word	2582
 3207 0f24 CB050000 		.word	1483
 3208 0f28 070A0000 		.word	2567
 3209 0f2c F6060000 		.word	1782
 3210 0f30 C7050000 		.word	1479
 3211 0f34 D20A0000 		.word	2770
 3212 0f38 EE050000 		.word	1518
 3213 0f3c 7F060000 		.word	1663
 3214 0f40 B1090000 		.word	2481
 3215 0f44 E7060000 		.word	1767
 3216 0f48 C1060000 		.word	1729
 3217 0f4c 42080000 		.word	2114
 3218 0f50 E8090000 		.word	2536
 3219 0f54 E5050000 		.word	1509
 3220 0f58 89070000 		.word	1929
 3221 0f5c C2080000 		.word	2242
 3222 0f60 CF090000 		.word	2511
 3223 0f64 190A0000 		.word	2585
 3224 0f68 C0080000 		.word	2240
 3225 0f6c F8090000 		.word	2552
 3226 0f70 DC050000 		.word	1500
 3227 0f74 4F060000 		.word	1615
 3228 0f78 AC050000 		.word	1452
 3229 0f7c 26060000 		.word	1574
 3230 0f80 2D0A0000 		.word	2605
 3231 0f84 93080000 		.word	2195
 3232 0f88 45050000 		.word	1349
 3233 0f8c AC070000 		.word	1964
 3234 0f90 4A050000 		.word	1354
 3235 0f94 C30C0000 		.word	3267
 3236 0f98 4A0C0000 		.word	3146
ARM GAS  C:\Users\rosto\AppData\Local\Temp\cciuoPym.s 			page 94


 3237 0f9c 91040000 		.word	1169
 3238 0fa0 C3060000 		.word	1731
 3239 0fa4 C5070000 		.word	1989
 3240 0fa8 2B0C0000 		.word	3115
 3241 0fac 51070000 		.word	1873
 3242 0fb0 19030000 		.word	793
 3243 0fb4 B8040000 		.word	1208
 3244 0fb8 20040000 		.word	1056
 3245 0fbc 66090000 		.word	2406
 3246 0fc0 A70B0000 		.word	2983
 3247 0fc4 9B090000 		.word	2459
 3248 0fc8 3C030000 		.word	828
 3249 0fcc B5050000 		.word	1461
 3250 0fd0 91090000 		.word	2449
 3251 0fd4 42090000 		.word	2370
 3252 0fd8 D60A0000 		.word	2774
 3253 0fdc 05060000 		.word	1541
 3254 0fe0 28090000 		.word	2344
 3255 0fe4 66060000 		.word	1638
 3256 0fe8 02090000 		.word	2306
 3257 0fec 1E0A0000 		.word	2590
 3258 0ff0 9E050000 		.word	1438
 3259 0ff4 C4090000 		.word	2500
 3260 0ff8 41060000 		.word	1601
 3261 0ffc E5060000 		.word	1765
 3262              		.global	Piano_LUT
 3263              		.section	.data.Piano_LUT,"aw"
 3264              		.align	2
 3267              	Piano_LUT:
 3268 0000 FE070000 		.word	2046
 3269 0004 7A010000 		.word	378
 3270 0008 0F0A0000 		.word	2575
 3271 000c C90C0000 		.word	3273
 3272 0010 CA0D0000 		.word	3530
 3273 0014 FF0F0000 		.word	4095
 3274 0018 33030000 		.word	819
 3275 001c 25010000 		.word	293
 3276 0020 78040000 		.word	1144
 3277 0024 400B0000 		.word	2880
 3278 0028 930E0000 		.word	3731
 3279 002c 4F0E0000 		.word	3663
 3280 0030 A4010000 		.word	420
 3281 0034 D6020000 		.word	726
 3282 0038 1A060000 		.word	1562
 3283 003c F20A0000 		.word	2802
 3284 0040 C50D0000 		.word	3525
 3285 0044 14030000 		.word	788
 3286 0048 BB0A0000 		.word	2747
 3287 004c 250C0000 		.word	3109
 3288 0050 600D0000 		.word	3424
 3289 0054 F2030000 		.word	1010
 3290 0058 E0050000 		.word	1504
 3291 005c F50C0000 		.word	3317
 3292 0060 45040000 		.word	1093
 3293 0064 B3050000 		.word	1459
 3294 0068 F70C0000 		.word	3319
 3295 006c 70050000 		.word	1392
ARM GAS  C:\Users\rosto\AppData\Local\Temp\cciuoPym.s 			page 95


 3296 0070 350B0000 		.word	2869
 3297 0074 430B0000 		.word	2883
 3298 0078 06060000 		.word	1542
 3299 007c C00B0000 		.word	3008
 3300 0080 C7050000 		.word	1479
 3301 0084 FC090000 		.word	2556
 3302 0088 C00A0000 		.word	2752
 3303 008c C6050000 		.word	1478
 3304 0090 F70A0000 		.word	2807
 3305 0094 6C0A0000 		.word	2668
 3306 0098 99090000 		.word	2457
 3307 009c 8A060000 		.word	1674
 3308 00a0 82060000 		.word	1666
 3309 00a4 2E090000 		.word	2350
 3310 00a8 08030000 		.word	776
 3311 00ac 960C0000 		.word	3222
 3312 00b0 500B0000 		.word	2896
 3313 00b4 47050000 		.word	1351
 3314 00b8 0D0A0000 		.word	2573
 3315 00bc C70C0000 		.word	3271
 3316 00c0 C8050000 		.word	1480
 3317 00c4 FE0A0000 		.word	2814
 3318 00c8 3F0A0000 		.word	2623
 3319 00cc E9090000 		.word	2537
 3320 00d0 1B070000 		.word	1819
 3321 00d4 1E050000 		.word	1310
 3322 00d8 5C050000 		.word	1372
 3323 00dc 790B0000 		.word	2937
 3324 00e0 EC050000 		.word	1516
 3325 00e4 9A090000 		.word	2458
 3326 00e8 20050000 		.word	1312
 3327 00ec 28090000 		.word	2344
 3328 00f0 68080000 		.word	2152
 3329 00f4 150D0000 		.word	3349
 3330 00f8 F0030000 		.word	1008
 3331 00fc 70090000 		.word	2416
 3332 0100 460B0000 		.word	2886
 3333 0104 52050000 		.word	1362
 3334 0108 50060000 		.word	1616
 3335 010c 250C0000 		.word	3109
 3336 0110 A6080000 		.word	2214
 3337 0114 D7060000 		.word	1751
 3338 0118 5D060000 		.word	1629
 3339 011c 89060000 		.word	1673
 3340 0120 0D070000 		.word	1805
 3341 0124 86080000 		.word	2182
 3342 0128 CF050000 		.word	1487
 3343 012c F8070000 		.word	2040
 3344 0130 6E070000 		.word	1902
 3345 0134 FC0D0000 		.word	3580
 3346 0138 F6020000 		.word	758
 3347 013c E80B0000 		.word	3048
 3348 0140 8F040000 		.word	1167
 3349 0144 BC050000 		.word	1468
 3350 0148 FD0A0000 		.word	2813
 3351 014c F20A0000 		.word	2802
 3352 0150 1C050000 		.word	1308
ARM GAS  C:\Users\rosto\AppData\Local\Temp\cciuoPym.s 			page 96


 3353 0154 A10B0000 		.word	2977
 3354 0158 E10B0000 		.word	3041
 3355 015c 89060000 		.word	1673
 3356 0160 73080000 		.word	2163
 3357 0164 CE0A0000 		.word	2766
 3358 0168 8D060000 		.word	1677
 3359 016c 8A090000 		.word	2442
 3360 0170 E0060000 		.word	1760
 3361 0174 450A0000 		.word	2629
 3362 0178 280A0000 		.word	2600
 3363 017c CD040000 		.word	1229
 3364 0180 3B060000 		.word	1595
 3365 0184 170A0000 		.word	2583
 3366 0188 AF090000 		.word	2479
 3367 018c 8B040000 		.word	1163
 3368 0190 12060000 		.word	1554
 3369 0194 090B0000 		.word	2825
 3370 0198 8E060000 		.word	1678
 3371 019c 800A0000 		.word	2688
 3372 01a0 C4070000 		.word	1988
 3373 01a4 0F070000 		.word	1807
 3374 01a8 86060000 		.word	1670
 3375 01ac 92080000 		.word	2194
 3376 01b0 10090000 		.word	2320
 3377 01b4 F5070000 		.word	2037
 3378 01b8 42050000 		.word	1346
 3379 01bc 900A0000 		.word	2704
 3380 01c0 0B0B0000 		.word	2827
 3381 01c4 38010000 		.word	312
 3382 01c8 DE030000 		.word	990
 3383 01cc 02050000 		.word	1282
 3384 01d0 5D0C0000 		.word	3165
 3385 01d4 EC020000 		.word	748
 3386 01d8 EA0A0000 		.word	2794
 3387 01dc 76050000 		.word	1398
 3388 01e0 D40C0000 		.word	3284
 3389 01e4 36060000 		.word	1590
 3390 01e8 A00D0000 		.word	3488
 3391 01ec C4020000 		.word	708
 3392 01f0 3C0B0000 		.word	2876
 3393 01f4 52020000 		.word	594
 3394 01f8 BC0A0000 		.word	2748
 3395 01fc 33050000 		.word	1331
 3396 0200 30050000 		.word	1328
 3397 0204 3B0B0000 		.word	2875
 3398 0208 410C0000 		.word	3137
 3399 020c 71060000 		.word	1649
 3400 0210 AD030000 		.word	941
 3401 0214 25090000 		.word	2341
 3402 0218 C0090000 		.word	2496
 3403 021c 160A0000 		.word	2582
 3404 0220 D8080000 		.word	2264
 3405 0224 CB090000 		.word	2507
 3406 0228 6D060000 		.word	1645
 3407 022c 10060000 		.word	1552
 3408 0230 C8080000 		.word	2248
 3409 0234 71080000 		.word	2161
ARM GAS  C:\Users\rosto\AppData\Local\Temp\cciuoPym.s 			page 97


 3410 0238 0F060000 		.word	1551
 3411 023c 59060000 		.word	1625
 3412 0240 BC070000 		.word	1980
 3413 0244 CF060000 		.word	1743
 3414 0248 A2060000 		.word	1698
 3415 024c 42070000 		.word	1858
 3416 0250 2E0C0000 		.word	3118
 3417 0254 B7010000 		.word	439
 3418 0258 990A0000 		.word	2713
 3419 025c F30A0000 		.word	2803
 3420 0260 1B040000 		.word	1051
 3421 0264 2D0D0000 		.word	3373
 3422 0268 D3050000 		.word	1491
 3423 026c CA0C0000 		.word	3274
 3424 0270 52050000 		.word	1362
 3425 0274 56030000 		.word	854
 3426 0278 E10A0000 		.word	2785
 3427 027c D3090000 		.word	2515
 3428 0280 63090000 		.word	2403
 3429 0284 10060000 		.word	1552
 3430 0288 4D090000 		.word	2381
 3431 028c 9D090000 		.word	2461
 3432 0290 840A0000 		.word	2692
 3433 0294 C6060000 		.word	1734
 3434 0298 94060000 		.word	1684
 3435 029c 4A070000 		.word	1866
 3436 02a0 EF070000 		.word	2031
 3437 02a4 BF080000 		.word	2239
 3438 02a8 270C0000 		.word	3111
 3439 02ac E4020000 		.word	740
 3440 02b0 B7050000 		.word	1463
 3441 02b4 740A0000 		.word	2676
 3442 02b8 B4090000 		.word	2484
 3443 02bc 2E050000 		.word	1326
 3444 02c0 020C0000 		.word	3074
 3445 02c4 BD030000 		.word	957
 3446 02c8 95080000 		.word	2197
 3447 02cc 1F0A0000 		.word	2591
 3448 02d0 CE060000 		.word	1742
 3449 02d4 610A0000 		.word	2657
 3450 02d8 F3050000 		.word	1523
 3451 02dc BD040000 		.word	1213
 3452 02e0 AA090000 		.word	2474
 3453 02e4 46060000 		.word	1606
 3454 02e8 EC060000 		.word	1772
 3455 02ec C60B0000 		.word	3014
 3456 02f0 930A0000 		.word	2707
 3457 02f4 B4090000 		.word	2484
 3458 02f8 E4050000 		.word	1508
 3459 02fc 8D060000 		.word	1677
 3460 0300 210A0000 		.word	2593
 3461 0304 C6060000 		.word	1734
 3462 0308 23050000 		.word	1315
 3463 030c 85090000 		.word	2437
 3464 0310 E9080000 		.word	2281
 3465 0314 55080000 		.word	2133
 3466 0318 CC080000 		.word	2252
ARM GAS  C:\Users\rosto\AppData\Local\Temp\cciuoPym.s 			page 98


 3467 031c A90A0000 		.word	2729
 3468 0320 BE0B0000 		.word	3006
 3469 0324 0D030000 		.word	781
 3470 0328 28050000 		.word	1320
 3471 032c 50060000 		.word	1616
 3472 0330 FC0A0000 		.word	2812
 3473 0334 B20A0000 		.word	2738
 3474 0338 380A0000 		.word	2616
 3475 033c D2030000 		.word	978
 3476 0340 12090000 		.word	2322
 3477 0344 5C0C0000 		.word	3164
 3478 0348 B3060000 		.word	1715
 3479 034c CD090000 		.word	2509
 3480 0350 E9060000 		.word	1769
 3481 0354 69050000 		.word	1385
 3482 0358 73090000 		.word	2419
 3483 035c B7050000 		.word	1463
 3484 0360 2D0A0000 		.word	2605
 3485 0364 84050000 		.word	1412
 3486 0368 E8060000 		.word	1768
 3487 036c AE080000 		.word	2222
 3488 0370 52060000 		.word	1618
 3489 0374 5C0C0000 		.word	3164
 3490 0378 170C0000 		.word	3095
 3491 037c CB030000 		.word	971
 3492 0380 60040000 		.word	1120
 3493 0384 FD030000 		.word	1021
 3494 0388 5B040000 		.word	1115
 3495 038c F8030000 		.word	1016
 3496 0390 58050000 		.word	1368
 3497 0394 C2080000 		.word	2242
 3498 0398 8A050000 		.word	1418
 3499 039c 42050000 		.word	1346
 3500 03a0 37080000 		.word	2103
 3501 03a4 33080000 		.word	2099
 3502 03a8 70000000 		.word	112
 3503 03ac 38070000 		.word	1848
 3504 03b0 B6060000 		.word	1718
 3505 03b4 2F050000 		.word	1327
 3506 03b8 D70F0000 		.word	4055
 3507 03bc 970C0000 		.word	3223
 3508 03c0 ED000000 		.word	237
 3509 03c4 A5040000 		.word	1189
 3510 03c8 1B070000 		.word	1819
 3511 03cc 9D0D0000 		.word	3485
 3512 03d0 1D0F0000 		.word	3869
 3513 03d4 D0020000 		.word	720
 3514 03d8 EF010000 		.word	495
 3515 03dc C5050000 		.word	1477
 3516 03e0 480B0000 		.word	2888
 3517 03e4 430D0000 		.word	3395
 3518 03e8 8A030000 		.word	906
 3519 03ec 19060000 		.word	1561
 3520 03f0 D10D0000 		.word	3537
 3521 03f4 CD0A0000 		.word	2765
 3522 03f8 F5040000 		.word	1269
 3523 03fc 240B0000 		.word	2852
ARM GAS  C:\Users\rosto\AppData\Local\Temp\cciuoPym.s 			page 99


 3524 0400 C90C0000 		.word	3273
 3525 0404 3B090000 		.word	2363
 3526 0408 190B0000 		.word	2841
 3527 040c D9040000 		.word	1241
 3528 0410 BB0A0000 		.word	2747
 3529 0414 A7050000 		.word	1447
 3530 0418 060A0000 		.word	2566
 3531 041c D2050000 		.word	1490
 3532 0420 ED0A0000 		.word	2797
 3533 0424 5C060000 		.word	1628
 3534 0428 2E0A0000 		.word	2606
 3535 042c D9090000 		.word	2521
 3536 0430 21060000 		.word	1569
 3537 0434 59090000 		.word	2393
 3538 0438 3B030000 		.word	827
 3539 043c EA0B0000 		.word	3050
 3540 0440 AB0A0000 		.word	2731
 3541 0444 93060000 		.word	1683
 3542 0448 670B0000 		.word	2919
 3543 044c 930C0000 		.word	3219
 3544 0450 D2020000 		.word	722
 3545 0454 F3090000 		.word	2547
 3546 0458 390A0000 		.word	2617
 3547 045c 9E0B0000 		.word	2974
 3548 0460 680C0000 		.word	3176
 3549 0464 A8040000 		.word	1192
 3550 0468 160A0000 		.word	2582
 3551 046c 7D090000 		.word	2429
 3552 0470 AC040000 		.word	1196
 3553 0474 2F060000 		.word	1583
 3554 0478 0C0B0000 		.word	2828
 3555 047c A4060000 		.word	1700
 3556 0480 490A0000 		.word	2633
 3557 0484 260A0000 		.word	2598
 3558 0488 FF040000 		.word	1279
 3559 048c 35080000 		.word	2101
 3560 0490 B5040000 		.word	1205
 3561 0494 B20D0000 		.word	3506
 3562 0498 CA020000 		.word	714
 3563 049c 6F0C0000 		.word	3183
 3564 04a0 90030000 		.word	912
 3565 04a4 0D090000 		.word	2317
 3566 04a8 5E040000 		.word	1118
 3567 04ac 420C0000 		.word	3138
 3568 04b0 CC080000 		.word	2252
 3569 04b4 62050000 		.word	1378
 3570 04b8 44050000 		.word	1348
 3571 04bc FD050000 		.word	1533
 3572 04c0 2F080000 		.word	2095
 3573 04c4 160A0000 		.word	2582
 3574 04c8 3F090000 		.word	2367
 3575 04cc 22090000 		.word	2338
 3576 04d0 C6060000 		.word	1734
 3577 04d4 CE090000 		.word	2510
 3578 04d8 05090000 		.word	2309
 3579 04dc 13070000 		.word	1811
 3580 04e0 BB0D0000 		.word	3515
ARM GAS  C:\Users\rosto\AppData\Local\Temp\cciuoPym.s 			page 100


 3581 04e4 EF020000 		.word	751
 3582 04e8 35090000 		.word	2357
 3583 04ec 050D0000 		.word	3333
 3584 04f0 50030000 		.word	848
 3585 04f4 300C0000 		.word	3120
 3586 04f8 79040000 		.word	1145
 3587 04fc 640C0000 		.word	3172
 3588 0500 8D070000 		.word	1933
 3589 0504 19050000 		.word	1305
 3590 0508 9E0A0000 		.word	2718
 3591 050c 710B0000 		.word	2929
 3592 0510 6F0B0000 		.word	2927
 3593 0514 D50A0000 		.word	2773
 3594 0518 4B060000 		.word	1611
 3595 051c 21090000 		.word	2337
 3596 0520 16060000 		.word	1558
 3597 0524 3F0A0000 		.word	2623
 3598 0528 03050000 		.word	1283
 3599 052c 97050000 		.word	1431
 3600 0530 A3090000 		.word	2467
 3601 0534 65090000 		.word	2405
 3602 0538 E1080000 		.word	2273
 3603 053c BD050000 		.word	1469
 3604 0540 6E060000 		.word	1646
 3605 0544 77080000 		.word	2167
 3606 0548 E5070000 		.word	2021
 3607 054c 07000000 		.word	7
 3608 0550 42020000 		.word	578
 3609 0554 C4020000 		.word	708
 3610 0558 FA0C0000 		.word	3322
 3611 055c 09050000 		.word	1289
 3612 0560 830C0000 		.word	3203
 3613 0564 3B0C0000 		.word	3131
 3614 0568 81010000 		.word	385
 3615 056c 2E000000 		.word	46
 3616 0570 06020000 		.word	518
 3617 0574 660B0000 		.word	2918
 3618 0578 6E020000 		.word	622
 3619 057c 830C0000 		.word	3203
 3620 0580 390A0000 		.word	2617
 3621 0584 C90D0000 		.word	3529
 3622 0588 430C0000 		.word	3139
 3623 058c F20C0000 		.word	3314
 3624 0590 B1020000 		.word	689
 3625 0594 82020000 		.word	642
 3626 0598 17040000 		.word	1047
 3627 059c 41090000 		.word	2369
 3628 05a0 FC0B0000 		.word	3068
 3629 05a4 7E050000 		.word	1406
 3630 05a8 6C0E0000 		.word	3692
 3631 05ac 0B0E0000 		.word	3595
 3632 05b0 B3030000 		.word	947
 3633 05b4 BD0A0000 		.word	2749
 3634 05b8 020B0000 		.word	2818
 3635 05bc 14080000 		.word	2068
 3636 05c0 560E0000 		.word	3670
 3637 05c4 B70B0000 		.word	2999
ARM GAS  C:\Users\rosto\AppData\Local\Temp\cciuoPym.s 			page 101


 3638 05c8 77010000 		.word	375
 3639 05cc 4C040000 		.word	1100
 3640 05d0 6D060000 		.word	1645
 3641 05d4 DB090000 		.word	2523
 3642 05d8 AE050000 		.word	1454
 3643 05dc 9B010000 		.word	411
 3644 05e0 2E090000 		.word	2350
 3645 05e4 440B0000 		.word	2884
 3646 05e8 E50B0000 		.word	3045
 3647 05ec 710B0000 		.word	2929
 3648 05f0 C8040000 		.word	1224
 3649 05f4 72050000 		.word	1394
 3650 05f8 E20B0000 		.word	3042
 3651 05fc BC0B0000 		.word	3004
 3652 0600 D8060000 		.word	1752
 3653 0604 79070000 		.word	1913
 3654 0608 4F0B0000 		.word	2895
 3655 060c 2F0C0000 		.word	3119
 3656 0610 59030000 		.word	857
 3657 0614 17060000 		.word	1559
 3658 0618 DA040000 		.word	1242
 3659 061c 82090000 		.word	2434
 3660 0620 B7070000 		.word	1975
 3661 0624 D1070000 		.word	2001
 3662 0628 20050000 		.word	1312
 3663 062c C30B0000 		.word	3011
 3664 0630 A80B0000 		.word	2984
 3665 0634 A1060000 		.word	1697
 3666 0638 C20B0000 		.word	3010
 3667 063c C3080000 		.word	2243
 3668 0640 36040000 		.word	1078
 3669 0644 13060000 		.word	1555
 3670 0648 3F090000 		.word	2367
 3671 064c A30A0000 		.word	2723
 3672 0650 070B0000 		.word	2823
 3673 0654 B8090000 		.word	2488
 3674 0658 CB090000 		.word	2507
 3675 065c 50070000 		.word	1872
 3676 0660 ED070000 		.word	2029
 3677 0664 FD090000 		.word	2557
 3678 0668 970A0000 		.word	2711
 3679 066c 2A040000 		.word	1066
 3680 0670 8B020000 		.word	651
 3681 0674 570B0000 		.word	2903
 3682 0678 AF0C0000 		.word	3247
 3683 067c 27050000 		.word	1319
 3684 0680 13050000 		.word	1299
 3685 0684 C0080000 		.word	2240
 3686 0688 F10D0000 		.word	3569
 3687 068c 34060000 		.word	1588
 3688 0690 750D0000 		.word	3445
 3689 0694 2D030000 		.word	813
 3690 0698 6A060000 		.word	1642
 3691 069c 72040000 		.word	1138
 3692 06a0 E5050000 		.word	1509
 3693 06a4 9B0B0000 		.word	2971
 3694 06a8 93050000 		.word	1427
ARM GAS  C:\Users\rosto\AppData\Local\Temp\cciuoPym.s 			page 102


 3695 06ac 8F0C0000 		.word	3215
 3696 06b0 170A0000 		.word	2583
 3697 06b4 BE0B0000 		.word	3006
 3698 06b8 C4080000 		.word	2244
 3699 06bc EB040000 		.word	1259
 3700 06c0 E2080000 		.word	2274
 3701 06c4 8C060000 		.word	1676
 3702 06c8 64060000 		.word	1636
 3703 06cc CC040000 		.word	1228
 3704 06d0 7E040000 		.word	1150
 3705 06d4 5D060000 		.word	1629
 3706 06d8 100B0000 		.word	2832
 3707 06dc 990B0000 		.word	2969
 3708 06e0 3D050000 		.word	1341
 3709 06e4 BD050000 		.word	1469
 3710 06e8 98080000 		.word	2200
 3711 06ec DB070000 		.word	2011
 3712 06f0 FA030000 		.word	1018
 3713 06f4 57060000 		.word	1623
 3714 06f8 4B0B0000 		.word	2891
 3715 06fc 7D030000 		.word	893
 3716 0700 4F0B0000 		.word	2895
 3717 0704 1E0B0000 		.word	2846
 3718 0708 6D050000 		.word	1389
 3719 070c 37050000 		.word	1335
 3720 0710 AE040000 		.word	1198
 3721 0714 4A090000 		.word	2378
 3722 0718 F4030000 		.word	1012
 3723 071c D10A0000 		.word	2769
 3724 0720 910A0000 		.word	2705
 3725 0724 BA060000 		.word	1722
 3726 0728 D4090000 		.word	2516
 3727 072c CB070000 		.word	1995
 3728 0730 40060000 		.word	1600
 3729 0734 A5070000 		.word	1957
 3730 0738 FB080000 		.word	2299
 3731 073c 54090000 		.word	2388
 3732 0740 81050000 		.word	1409
 3733 0744 23060000 		.word	1571
 3734 0748 D8070000 		.word	2008
 3735 074c 05080000 		.word	2053
 3736 0750 CC030000 		.word	972
 3737 0754 470B0000 		.word	2887
 3738 0758 C00B0000 		.word	3008
 3739 075c A00B0000 		.word	2976
 3740 0760 A70E0000 		.word	3751
 3741 0764 51020000 		.word	593
 3742 0768 B5060000 		.word	1717
 3743 076c DF0C0000 		.word	3295
 3744 0770 CF0B0000 		.word	3023
 3745 0774 830B0000 		.word	2947
 3746 0778 BD030000 		.word	957
 3747 077c 8B040000 		.word	1163
 3748 0780 E40B0000 		.word	3044
 3749 0784 4F0B0000 		.word	2895
 3750 0788 320C0000 		.word	3122
 3751 078c 62040000 		.word	1122
ARM GAS  C:\Users\rosto\AppData\Local\Temp\cciuoPym.s 			page 103


 3752 0790 0E0C0000 		.word	3086
 3753 0794 8F0B0000 		.word	2959
 3754 0798 41030000 		.word	833
 3755 079c 5E060000 		.word	1630
 3756 07a0 0B0A0000 		.word	2571
 3757 07a4 AF030000 		.word	943
 3758 07a8 150B0000 		.word	2837
 3759 07ac 5F080000 		.word	2143
 3760 07b0 31040000 		.word	1073
 3761 07b4 7A0B0000 		.word	2938
 3762 07b8 D0090000 		.word	2512
 3763 07bc 9A0A0000 		.word	2714
 3764 07c0 500B0000 		.word	2896
 3765 07c4 0C080000 		.word	2060
 3766 07c8 0A0A0000 		.word	2570
 3767 07cc 98060000 		.word	1688
 3768 07d0 B5050000 		.word	1461
 3769 07d4 350A0000 		.word	2613
 3770 07d8 5B0A0000 		.word	2651
 3771 07dc 81050000 		.word	1409
 3772 07e0 2E050000 		.word	1326
 3773 07e4 C3090000 		.word	2499
 3774 07e8 FD080000 		.word	2301
 3775 07ec 1B070000 		.word	1819
 3776 07f0 A4090000 		.word	2468
 3777 07f4 CD080000 		.word	2253
 3778 07f8 13070000 		.word	1811
 3779 07fc 7C080000 		.word	2172
 3780 0800 EC080000 		.word	2284
 3781 0804 EF060000 		.word	1775
 3782 0808 EB070000 		.word	2027
 3783 080c 5D020000 		.word	605
 3784 0810 B0070000 		.word	1968
 3785 0814 1F060000 		.word	1567
 3786 0818 9F0F0000 		.word	3999
 3787 081c EA0D0000 		.word	3562
 3788 0820 58020000 		.word	600
 3789 0824 78090000 		.word	2424
 3790 0828 260B0000 		.word	2854
 3791 082c 160F0000 		.word	3862
 3792 0830 430E0000 		.word	3651
 3793 0834 C7020000 		.word	711
 3794 0838 E2050000 		.word	1506
 3795 083c CC0B0000 		.word	3020
 3796 0840 9D0D0000 		.word	3485
 3797 0844 7F050000 		.word	1407
 3798 0848 FD050000 		.word	1533
 3799 084c F50D0000 		.word	3573
 3800 0850 62050000 		.word	1378
 3801 0854 37060000 		.word	1591
 3802 0858 590C0000 		.word	3161
 3803 085c 63050000 		.word	1379
 3804 0860 8C050000 		.word	1420
 3805 0864 F20C0000 		.word	3314
 3806 0868 4D090000 		.word	2381
 3807 086c DE0A0000 		.word	2782
 3808 0870 8D050000 		.word	1421
ARM GAS  C:\Users\rosto\AppData\Local\Temp\cciuoPym.s 			page 104


 3809 0874 E00A0000 		.word	2784
 3810 0878 63050000 		.word	1379
 3811 087c 120B0000 		.word	2834
 3812 0880 3B0A0000 		.word	2619
 3813 0884 53050000 		.word	1363
 3814 0888 380A0000 		.word	2616
 3815 088c C2090000 		.word	2498
 3816 0890 8D090000 		.word	2445
 3817 0894 AC080000 		.word	2220
 3818 0898 93050000 		.word	1427
 3819 089c E8030000 		.word	1000
 3820 08a0 98050000 		.word	1432
 3821 08a4 B70B0000 		.word	2999
 3822 08a8 3F030000 		.word	831
 3823 08ac A10B0000 		.word	2977
 3824 08b0 300D0000 		.word	3376
 3825 08b4 7C040000 		.word	1148
 3826 08b8 CA0A0000 		.word	2762
 3827 08bc 50050000 		.word	1360
 3828 08c0 7F0B0000 		.word	2943
 3829 08c4 DF050000 		.word	1503
 3830 08c8 ED030000 		.word	1005
 3831 08cc ED060000 		.word	1773
 3832 08d0 C20B0000 		.word	3010
 3833 08d4 C8090000 		.word	2504
 3834 08d8 67090000 		.word	2407
 3835 08dc 4F050000 		.word	1359
 3836 08e0 1A090000 		.word	2330
 3837 08e4 1A030000 		.word	794
 3838 08e8 8D060000 		.word	1677
 3839 08ec 9C0D0000 		.word	3484
 3840 08f0 A7020000 		.word	679
 3841 08f4 94060000 		.word	1684
 3842 08f8 BC0C0000 		.word	3260
 3843 08fc DF020000 		.word	735
 3844 0900 680A0000 		.word	2664
 3845 0904 45040000 		.word	1093
 3846 0908 280C0000 		.word	3112
 3847 090c 16060000 		.word	1558
 3848 0910 3D050000 		.word	1341
 3849 0914 880B0000 		.word	2952
 3850 0918 0A0A0000 		.word	2570
 3851 091c 630A0000 		.word	2659
 3852 0920 730A0000 		.word	2675
 3853 0924 F3060000 		.word	1779
 3854 0928 42090000 		.word	2370
 3855 092c 8A090000 		.word	2442
 3856 0930 48090000 		.word	2376
 3857 0934 43080000 		.word	2115
 3858 0938 2E080000 		.word	2094
 3859 093c 620D0000 		.word	3426
 3860 0940 CB020000 		.word	715
 3861 0944 E60A0000 		.word	2790
 3862 0948 48030000 		.word	840
 3863 094c 89060000 		.word	1673
 3864 0950 72040000 		.word	1138
 3865 0954 C80B0000 		.word	3016
ARM GAS  C:\Users\rosto\AppData\Local\Temp\cciuoPym.s 			page 105


 3866 0958 35060000 		.word	1589
 3867 095c BC040000 		.word	1212
 3868 0960 7A080000 		.word	2170
 3869 0964 B40A0000 		.word	2740
 3870 0968 DC060000 		.word	1756
 3871 096c 79060000 		.word	1657
 3872 0970 73080000 		.word	2163
 3873 0974 31060000 		.word	1585
 3874 0978 27060000 		.word	1575
 3875 097c BE0B0000 		.word	3006
 3876 0980 66050000 		.word	1382
 3877 0984 AE070000 		.word	1966
 3878 0988 1D050000 		.word	1309
 3879 098c 7C040000 		.word	1148
 3880 0990 DA060000 		.word	1754
 3881 0994 40090000 		.word	2368
 3882 0998 AA050000 		.word	1450
 3883 099c BB050000 		.word	1467
 3884 09a0 16090000 		.word	2326
 3885 09a4 0B070000 		.word	1803
 3886 09a8 E2060000 		.word	1762
 3887 09ac 16070000 		.word	1814
 3888 09b0 D0080000 		.word	2256
 3889 09b4 ED070000 		.word	2029
 3890 09b8 67010000 		.word	359
 3891 09bc 600B0000 		.word	2912
 3892 09c0 F20A0000 		.word	2802
 3893 09c4 7D010000 		.word	381
 3894 09c8 AB0A0000 		.word	2731
 3895 09cc E2050000 		.word	1506
 3896 09d0 97070000 		.word	1943
 3897 09d4 090C0000 		.word	3081
 3898 09d8 1D090000 		.word	2333
 3899 09dc 14050000 		.word	1300
 3900 09e0 410E0000 		.word	3649
 3901 09e4 50040000 		.word	1104
 3902 09e8 E60B0000 		.word	3046
 3903 09ec 8E030000 		.word	910
 3904 09f0 6E090000 		.word	2414
 3905 09f4 A00B0000 		.word	2976
 3906 09f8 E0020000 		.word	736
 3907 09fc A8080000 		.word	2216
 3908 0a00 55060000 		.word	1621
 3909 0a04 780A0000 		.word	2680
 3910 0a08 1C0C0000 		.word	3100
 3911 0a0c 160B0000 		.word	2838
 3912 0a10 6A030000 		.word	874
 3913 0a14 CC0A0000 		.word	2764
 3914 0a18 9E050000 		.word	1438
 3915 0a1c EB040000 		.word	1259
 3916 0a20 FF090000 		.word	2559
 3917 0a24 F2080000 		.word	2290
 3918 0a28 80060000 		.word	1664
 3919 0a2c 0B060000 		.word	1547
 3920 0a30 38090000 		.word	2360
 3921 0a34 38070000 		.word	1848
 3922 0a38 EB060000 		.word	1771
ARM GAS  C:\Users\rosto\AppData\Local\Temp\cciuoPym.s 			page 106


 3923 0a3c E1080000 		.word	2273
 3924 0a40 B2080000 		.word	2226
 3925 0a44 BC080000 		.word	2236
 3926 0a48 3E090000 		.word	2366
 3927 0a4c AA080000 		.word	2218
 3928 0a50 520C0000 		.word	3154
 3929 0a54 D2020000 		.word	722
 3930 0a58 530C0000 		.word	3155
 3931 0a5c 07040000 		.word	1031
 3932 0a60 AB0A0000 		.word	2731
 3933 0a64 ED040000 		.word	1261
 3934 0a68 920C0000 		.word	3218
 3935 0a6c 18040000 		.word	1048
 3936 0a70 C2030000 		.word	962
 3937 0a74 2A0B0000 		.word	2858
 3938 0a78 C90A0000 		.word	2761
 3939 0a7c 4A0B0000 		.word	2890
 3940 0a80 B5090000 		.word	2485
 3941 0a84 7B0A0000 		.word	2683
 3942 0a88 630A0000 		.word	2659
 3943 0a8c D6050000 		.word	1494
 3944 0a90 B1050000 		.word	1457
 3945 0a94 BA050000 		.word	1466
 3946 0a98 80070000 		.word	1920
 3947 0a9c D9070000 		.word	2009
 3948 0aa0 E3020000 		.word	739
 3949 0aa4 F8090000 		.word	2552
 3950 0aa8 D9030000 		.word	985
 3951 0aac 99020000 		.word	665
 3952 0ab0 640A0000 		.word	2660
 3953 0ab4 980A0000 		.word	2712
 3954 0ab8 36040000 		.word	1078
 3955 0abc 550C0000 		.word	3157
 3956 0ac0 0E0C0000 		.word	3086
 3957 0ac4 3B040000 		.word	1083
 3958 0ac8 690C0000 		.word	3177
 3959 0acc D4010000 		.word	468
 3960 0ad0 13090000 		.word	2323
 3961 0ad4 01030000 		.word	769
 3962 0ad8 C4070000 		.word	1988
 3963 0adc 47040000 		.word	1095
 3964 0ae0 8B050000 		.word	1419
 3965 0ae4 8A040000 		.word	1162
 3966 0ae8 9F0B0000 		.word	2975
 3967 0aec 53090000 		.word	2387
 3968 0af0 D8030000 		.word	984
 3969 0af4 82040000 		.word	1154
 3970 0af8 020A0000 		.word	2562
 3971 0afc 700A0000 		.word	2672
 3972 0b00 09050000 		.word	1289
 3973 0b04 DA040000 		.word	1242
 3974 0b08 96090000 		.word	2454
 3975 0b0c 4E050000 		.word	1358
 3976 0b10 86090000 		.word	2438
 3977 0b14 2B080000 		.word	2091
 3978 0b18 13030000 		.word	787
 3979 0b1c 2B0B0000 		.word	2859
ARM GAS  C:\Users\rosto\AppData\Local\Temp\cciuoPym.s 			page 107


 3980 0b20 2F0B0000 		.word	2863
 3981 0b24 240B0000 		.word	2852
 3982 0b28 67030000 		.word	871
 3983 0b2c E9030000 		.word	1001
 3984 0b30 95040000 		.word	1173
 3985 0b34 B80D0000 		.word	3512
 3986 0b38 4E030000 		.word	846
 3987 0b3c 46060000 		.word	1606
 3988 0b40 1D0A0000 		.word	2589
 3989 0b44 87030000 		.word	903
 3990 0b48 CA090000 		.word	2506
 3991 0b4c 2B0B0000 		.word	2859
 3992 0b50 F1090000 		.word	2545
 3993 0b54 71050000 		.word	1393
 3994 0b58 D2090000 		.word	2514
 3995 0b5c F0090000 		.word	2544
 3996 0b60 B6070000 		.word	1974
 3997 0b64 34060000 		.word	1588
 3998 0b68 240A0000 		.word	2596
 3999 0b6c 2A060000 		.word	1578
 4000 0b70 D9040000 		.word	1241
 4001 0b74 5E090000 		.word	2398
 4002 0b78 8D020000 		.word	653
 4003 0b7c FA0C0000 		.word	3322
 4004 0b80 CC030000 		.word	972
 4005 0b84 2F0A0000 		.word	2607
 4006 0b88 410A0000 		.word	2625
 4007 0b8c DE030000 		.word	990
 4008 0b90 E50B0000 		.word	3045
 4009 0b94 2A070000 		.word	1834
 4010 0b98 60050000 		.word	1376
 4011 0b9c 23090000 		.word	2339
 4012 0ba0 54030000 		.word	852
 4013 0ba4 7D0B0000 		.word	2941
 4014 0ba8 EF020000 		.word	751
 4015 0bac F60B0000 		.word	3062
 4016 0bb0 07070000 		.word	1799
 4017 0bb4 82040000 		.word	1154
 4018 0bb8 0F040000 		.word	1039
 4019 0bbc 4E0B0000 		.word	2894
 4020 0bc0 500B0000 		.word	2896
 4021 0bc4 130B0000 		.word	2835
 4022 0bc8 5D0B0000 		.word	2909
 4023 0bcc DD0A0000 		.word	2781
 4024 0bd0 20050000 		.word	1312
 4025 0bd4 4B050000 		.word	1355
 4026 0bd8 330A0000 		.word	2611
 4027 0bdc A0050000 		.word	1440
 4028 0be0 21090000 		.word	2337
 4029 0be4 1E080000 		.word	2078
 4030 0be8 37030000 		.word	823
 4031 0bec 210B0000 		.word	2849
 4032 0bf0 E9040000 		.word	1257
 4033 0bf4 FD0B0000 		.word	3069
 4034 0bf8 910F0000 		.word	3985
 4035 0bfc AF020000 		.word	687
 4036 0c00 8F070000 		.word	1935
ARM GAS  C:\Users\rosto\AppData\Local\Temp\cciuoPym.s 			page 108


 4037 0c04 6C0B0000 		.word	2924
 4038 0c08 7E0B0000 		.word	2942
 4039 0c0c D50E0000 		.word	3797
 4040 0c10 3A0C0000 		.word	3130
 4041 0c14 92020000 		.word	658
 4042 0c18 71060000 		.word	1649
 4043 0c1c 8D050000 		.word	1421
 4044 0c20 AC0D0000 		.word	3500
 4045 0c24 C3030000 		.word	963
 4046 0c28 FA0A0000 		.word	2810
 4047 0c2c 940A0000 		.word	2708
 4048 0c30 020E0000 		.word	3586
 4049 0c34 C5030000 		.word	965
 4050 0c38 780A0000 		.word	2680
 4051 0c3c BE0A0000 		.word	2750
 4052 0c40 CA0C0000 		.word	3274
 4053 0c44 4E0A0000 		.word	2638
 4054 0c48 BE090000 		.word	2494
 4055 0c4c 340C0000 		.word	3124
 4056 0c50 AA0A0000 		.word	2730
 4057 0c54 F7050000 		.word	1527
 4058 0c58 CA040000 		.word	1226
 4059 0c5c 660A0000 		.word	2662
 4060 0c60 22060000 		.word	1570
 4061 0c64 D4050000 		.word	1492
 4062 0c68 4D050000 		.word	1357
 4063 0c6c 450A0000 		.word	2629
 4064 0c70 4C060000 		.word	1612
 4065 0c74 080A0000 		.word	2568
 4066 0c78 040A0000 		.word	2564
 4067 0c7c 290A0000 		.word	2601
 4068 0c80 BE060000 		.word	1726
 4069 0c84 18060000 		.word	1560
 4070 0c88 F7080000 		.word	2295
 4071 0c8c 56050000 		.word	1366
 4072 0c90 F1050000 		.word	1521
 4073 0c94 AB0C0000 		.word	3243
 4074 0c98 4A0C0000 		.word	3146
 4075 0c9c F2040000 		.word	1266
 4076 0ca0 EE030000 		.word	1006
 4077 0ca4 16090000 		.word	2326
 4078 0ca8 200D0000 		.word	3360
 4079 0cac 28020000 		.word	552
 4080 0cb0 EA040000 		.word	1258
 4081 0cb4 040A0000 		.word	2564
 4082 0cb8 AB050000 		.word	1451
 4083 0cbc A5090000 		.word	2469
 4084 0cc0 800C0000 		.word	3200
 4085 0cc4 48030000 		.word	840
 4086 0cc8 EA050000 		.word	1514
 4087 0ccc 8D040000 		.word	1165
 4088 0cd0 170B0000 		.word	2839
 4089 0cd4 5E060000 		.word	1630
 4090 0cd8 AE060000 		.word	1710
 4091 0cdc BA090000 		.word	2490
 4092 0ce0 2D070000 		.word	1837
 4093 0ce4 56060000 		.word	1622
ARM GAS  C:\Users\rosto\AppData\Local\Temp\cciuoPym.s 			page 109


 4094 0ce8 05050000 		.word	1285
 4095 0cec 87050000 		.word	1415
 4096 0cf0 DC060000 		.word	1756
 4097 0cf4 C9080000 		.word	2249
 4098 0cf8 7D070000 		.word	1917
 4099 0cfc D8060000 		.word	1752
 4100 0d00 730D0000 		.word	3443
 4101 0d04 1F030000 		.word	799
 4102 0d08 98070000 		.word	1944
 4103 0d0c D20C0000 		.word	3282
 4104 0d10 C8020000 		.word	712
 4105 0d14 A1090000 		.word	2465
 4106 0d18 8E040000 		.word	1166
 4107 0d1c 0A0A0000 		.word	2570
 4108 0d20 11040000 		.word	1041
 4109 0d24 700A0000 		.word	2672
 4110 0d28 13060000 		.word	1555
 4111 0d2c 65050000 		.word	1381
 4112 0d30 090B0000 		.word	2825
 4113 0d34 FD0A0000 		.word	2813
 4114 0d38 4F0A0000 		.word	2639
 4115 0d3c 10060000 		.word	1552
 4116 0d40 7A090000 		.word	2426
 4117 0d44 8E070000 		.word	1934
 4118 0d48 2B060000 		.word	1579
 4119 0d4c EF060000 		.word	1775
 4120 0d50 65090000 		.word	2405
 4121 0d54 CD070000 		.word	1997
 4122 0d58 3B090000 		.word	2363
 4123 0d5c 240E0000 		.word	3620
 4124 0d60 85020000 		.word	645
 4125 0d64 6F0A0000 		.word	2671
 4126 0d68 33040000 		.word	1075
 4127 0d6c D0080000 		.word	2256
 4128 0d70 07050000 		.word	1287
 4129 0d74 040C0000 		.word	3076
 4130 0d78 79060000 		.word	1657
 4131 0d7c B6040000 		.word	1206
 4132 0d80 5E050000 		.word	1374
 4133 0d84 A9050000 		.word	1449
 4134 0d88 38070000 		.word	1848
 4135 0d8c AC0A0000 		.word	2732
 4136 0d90 2A0A0000 		.word	2602
 4137 0d94 74060000 		.word	1652
 4138 0d98 5A070000 		.word	1882
 4139 0d9c 00060000 		.word	1536
 4140 0da0 33070000 		.word	1843
 4141 0da4 9D090000 		.word	2461
 4142 0da8 79050000 		.word	1401
 4143 0dac BD060000 		.word	1725
 4144 0db0 74070000 		.word	1908
 4145 0db4 EE050000 		.word	1518
 4146 0db8 75080000 		.word	2165
 4147 0dbc 21080000 		.word	2081
 4148 0dc0 1E040000 		.word	1054
 4149 0dc4 07040000 		.word	1031
 4150 0dc8 2E0B0000 		.word	2862
ARM GAS  C:\Users\rosto\AppData\Local\Temp\cciuoPym.s 			page 110


 4151 0dcc 6D020000 		.word	621
 4152 0dd0 1E030000 		.word	798
 4153 0dd4 2E060000 		.word	1582
 4154 0dd8 550C0000 		.word	3157
 4155 0ddc A40D0000 		.word	3492
 4156 0de0 03030000 		.word	771
 4157 0de4 BE040000 		.word	1214
 4158 0de8 010B0000 		.word	2817
 4159 0dec A00E0000 		.word	3744
 4160 0df0 17050000 		.word	1303
 4161 0df4 E6060000 		.word	1766
 4162 0df8 D40D0000 		.word	3540
 4163 0dfc 75020000 		.word	629
 4164 0e00 11050000 		.word	1297
 4165 0e04 E80B0000 		.word	3048
 4166 0e08 BF020000 		.word	703
 4167 0e0c 5B050000 		.word	1371
 4168 0e10 E20A0000 		.word	2786
 4169 0e14 B3040000 		.word	1203
 4170 0e18 A7090000 		.word	2471
 4171 0e1c 00060000 		.word	1536
 4172 0e20 FF0B0000 		.word	3071
 4173 0e24 88030000 		.word	904
 4174 0e28 67090000 		.word	2407
 4175 0e2c C9090000 		.word	2505
 4176 0e30 420A0000 		.word	2626
 4177 0e34 260A0000 		.word	2598
 4178 0e38 36060000 		.word	1590
 4179 0e3c 3F0C0000 		.word	3135
 4180 0e40 76070000 		.word	1910
 4181 0e44 B5050000 		.word	1461
 4182 0e48 39060000 		.word	1593
 4183 0e4c AA080000 		.word	2218
 4184 0e50 D3090000 		.word	2515
 4185 0e54 16060000 		.word	1558
 4186 0e58 53080000 		.word	2131
 4187 0e5c E8070000 		.word	2024
 4188 0e60 C5050000 		.word	1477
 4189 0e64 9F090000 		.word	2463
 4190 0e68 AC0B0000 		.word	2988
 4191 0e6c AD000000 		.word	173
 4192 0e70 07090000 		.word	2311
 4193 0e74 AA0B0000 		.word	2986
 4194 0e78 4F0C0000 		.word	3151
 4195 0e7c C7020000 		.word	711
 4196 0e80 24090000 		.word	2340
 4197 0e84 04050000 		.word	1284
 4198 0e88 AF0D0000 		.word	3503
 4199 0e8c C5050000 		.word	1477
 4200 0e90 FF060000 		.word	1791
 4201 0e94 BA0D0000 		.word	3514
 4202 0e98 E4020000 		.word	740
 4203 0e9c BE090000 		.word	2494
 4204 0ea0 CE020000 		.word	718
 4205 0ea4 A5040000 		.word	1189
 4206 0ea8 4B0A0000 		.word	2635
 4207 0eac D7040000 		.word	1239
ARM GAS  C:\Users\rosto\AppData\Local\Temp\cciuoPym.s 			page 111


 4208 0eb0 AE090000 		.word	2478
 4209 0eb4 F5080000 		.word	2293
 4210 0eb8 AA0C0000 		.word	3242
 4211 0ebc E4050000 		.word	1508
 4212 0ec0 7F030000 		.word	895
 4213 0ec4 430A0000 		.word	2627
 4214 0ec8 CD0A0000 		.word	2765
 4215 0ecc C3050000 		.word	1475
 4216 0ed0 25070000 		.word	1829
 4217 0ed4 A6040000 		.word	1190
 4218 0ed8 EA040000 		.word	1258
 4219 0edc 08070000 		.word	1800
 4220 0ee0 89060000 		.word	1673
 4221 0ee4 20090000 		.word	2336
 4222 0ee8 8C080000 		.word	2188
 4223 0eec 77070000 		.word	1911
 4224 0ef0 1C040000 		.word	1052
 4225 0ef4 E2080000 		.word	2274
 4226 0ef8 B70B0000 		.word	2999
 4227 0efc E7020000 		.word	743
 4228 0f00 B20A0000 		.word	2738
 4229 0f04 AA0B0000 		.word	2986
 4230 0f08 9E050000 		.word	1438
 4231 0f0c DC080000 		.word	2268
 4232 0f10 21060000 		.word	1569
 4233 0f14 330B0000 		.word	2867
 4234 0f18 8B050000 		.word	1419
 4235 0f1c C1040000 		.word	1217
 4236 0f20 1E090000 		.word	2334
 4237 0f24 EF090000 		.word	2543
 4238 0f28 6A0A0000 		.word	2666
 4239 0f2c 06090000 		.word	2310
 4240 0f30 2C070000 		.word	1836
 4241 0f34 FE080000 		.word	2302
 4242 0f38 2A090000 		.word	2346
 4243 0f3c B8090000 		.word	2488
 4244 0f40 F5090000 		.word	2549
 4245 0f44 AE060000 		.word	1710
 4246 0f48 0D0A0000 		.word	2573
 4247 0f4c 48090000 		.word	2376
 4248 0f50 FE080000 		.word	2302
 4249 0f54 E1070000 		.word	2017
 4250 0f58 39020000 		.word	569
 4251 0f5c 87030000 		.word	903
 4252 0f60 740C0000 		.word	3188
 4253 0f64 BC0A0000 		.word	2748
 4254 0f68 D7020000 		.word	727
 4255 0f6c BE020000 		.word	702
 4256 0f70 560C0000 		.word	3158
 4257 0f74 BB0C0000 		.word	3259
 4258 0f78 230C0000 		.word	3107
 4259 0f7c 0E040000 		.word	1038
 4260 0f80 FD050000 		.word	1533
 4261 0f84 FC030000 		.word	1020
 4262 0f88 F50A0000 		.word	2805
 4263 0f8c 03050000 		.word	1283
 4264 0f90 FF0A0000 		.word	2815
ARM GAS  C:\Users\rosto\AppData\Local\Temp\cciuoPym.s 			page 112


 4265 0f94 C80B0000 		.word	3016
 4266 0f98 73050000 		.word	1395
 4267 0f9c DD0A0000 		.word	2781
 4268 0fa0 94030000 		.word	916
 4269 0fa4 43060000 		.word	1603
 4270 0fa8 D8090000 		.word	2520
 4271 0fac CC0A0000 		.word	2764
 4272 0fb0 D4090000 		.word	2516
 4273 0fb4 7A0A0000 		.word	2682
 4274 0fb8 09040000 		.word	1033
 4275 0fbc AA090000 		.word	2474
 4276 0fc0 9F060000 		.word	1695
 4277 0fc4 EA050000 		.word	1514
 4278 0fc8 B5090000 		.word	2485
 4279 0fcc DD090000 		.word	2525
 4280 0fd0 62090000 		.word	2402
 4281 0fd4 F6060000 		.word	1782
 4282 0fd8 C6080000 		.word	2246
 4283 0fdc 89080000 		.word	2185
 4284 0fe0 A2060000 		.word	1698
 4285 0fe4 64060000 		.word	1636
 4286 0fe8 28090000 		.word	2344
 4287 0fec 9E060000 		.word	1694
 4288 0ff0 CA060000 		.word	1738
 4289 0ff4 C4060000 		.word	1732
 4290 0ff8 3D090000 		.word	2365
 4291 0ffc 58080000 		.word	2136
 4292              		.global	Triangle_LUT
 4293              		.section	.data.Triangle_LUT,"aw"
 4294              		.align	2
 4297              	Triangle_LUT:
 4298 0000 00000000 		.word	0
 4299 0004 08000000 		.word	8
 4300 0008 10000000 		.word	16
 4301 000c 18000000 		.word	24
 4302 0010 20000000 		.word	32
 4303 0014 28000000 		.word	40
 4304 0018 30000000 		.word	48
 4305 001c 38000000 		.word	56
 4306 0020 40000000 		.word	64
 4307 0024 48000000 		.word	72
 4308 0028 50000000 		.word	80
 4309 002c 58000000 		.word	88
 4310 0030 60000000 		.word	96
 4311 0034 68000000 		.word	104
 4312 0038 70000000 		.word	112
 4313 003c 78000000 		.word	120
 4314 0040 80000000 		.word	128
 4315 0044 88000000 		.word	136
 4316 0048 90000000 		.word	144
 4317 004c 98000000 		.word	152
 4318 0050 A0000000 		.word	160
 4319 0054 A8000000 		.word	168
 4320 0058 B0000000 		.word	176
 4321 005c B8000000 		.word	184
 4322 0060 C0000000 		.word	192
 4323 0064 C8000000 		.word	200
ARM GAS  C:\Users\rosto\AppData\Local\Temp\cciuoPym.s 			page 113


 4324 0068 D0000000 		.word	208
 4325 006c D8000000 		.word	216
 4326 0070 E0000000 		.word	224
 4327 0074 E8000000 		.word	232
 4328 0078 F0000000 		.word	240
 4329 007c F8000000 		.word	248
 4330 0080 00010000 		.word	256
 4331 0084 08010000 		.word	264
 4332 0088 10010000 		.word	272
 4333 008c 18010000 		.word	280
 4334 0090 20010000 		.word	288
 4335 0094 28010000 		.word	296
 4336 0098 30010000 		.word	304
 4337 009c 38010000 		.word	312
 4338 00a0 40010000 		.word	320
 4339 00a4 48010000 		.word	328
 4340 00a8 50010000 		.word	336
 4341 00ac 58010000 		.word	344
 4342 00b0 60010000 		.word	352
 4343 00b4 68010000 		.word	360
 4344 00b8 70010000 		.word	368
 4345 00bc 78010000 		.word	376
 4346 00c0 80010000 		.word	384
 4347 00c4 88010000 		.word	392
 4348 00c8 90010000 		.word	400
 4349 00cc 98010000 		.word	408
 4350 00d0 A0010000 		.word	416
 4351 00d4 A8010000 		.word	424
 4352 00d8 B0010000 		.word	432
 4353 00dc B8010000 		.word	440
 4354 00e0 C0010000 		.word	448
 4355 00e4 C8010000 		.word	456
 4356 00e8 D0010000 		.word	464
 4357 00ec D8010000 		.word	472
 4358 00f0 E0010000 		.word	480
 4359 00f4 E8010000 		.word	488
 4360 00f8 F0010000 		.word	496
 4361 00fc F8010000 		.word	504
 4362 0100 00020000 		.word	512
 4363 0104 08020000 		.word	520
 4364 0108 10020000 		.word	528
 4365 010c 18020000 		.word	536
 4366 0110 20020000 		.word	544
 4367 0114 28020000 		.word	552
 4368 0118 30020000 		.word	560
 4369 011c 38020000 		.word	568
 4370 0120 40020000 		.word	576
 4371 0124 48020000 		.word	584
 4372 0128 50020000 		.word	592
 4373 012c 58020000 		.word	600
 4374 0130 60020000 		.word	608
 4375 0134 68020000 		.word	616
 4376 0138 70020000 		.word	624
 4377 013c 78020000 		.word	632
 4378 0140 80020000 		.word	640
 4379 0144 88020000 		.word	648
 4380 0148 90020000 		.word	656
ARM GAS  C:\Users\rosto\AppData\Local\Temp\cciuoPym.s 			page 114


 4381 014c 98020000 		.word	664
 4382 0150 A0020000 		.word	672
 4383 0154 A8020000 		.word	680
 4384 0158 B0020000 		.word	688
 4385 015c B8020000 		.word	696
 4386 0160 C0020000 		.word	704
 4387 0164 C8020000 		.word	712
 4388 0168 D0020000 		.word	720
 4389 016c D8020000 		.word	728
 4390 0170 E0020000 		.word	736
 4391 0174 E8020000 		.word	744
 4392 0178 F0020000 		.word	752
 4393 017c F8020000 		.word	760
 4394 0180 00030000 		.word	768
 4395 0184 08030000 		.word	776
 4396 0188 10030000 		.word	784
 4397 018c 18030000 		.word	792
 4398 0190 20030000 		.word	800
 4399 0194 28030000 		.word	808
 4400 0198 30030000 		.word	816
 4401 019c 38030000 		.word	824
 4402 01a0 40030000 		.word	832
 4403 01a4 48030000 		.word	840
 4404 01a8 50030000 		.word	848
 4405 01ac 58030000 		.word	856
 4406 01b0 60030000 		.word	864
 4407 01b4 68030000 		.word	872
 4408 01b8 70030000 		.word	880
 4409 01bc 78030000 		.word	888
 4410 01c0 80030000 		.word	896
 4411 01c4 88030000 		.word	904
 4412 01c8 90030000 		.word	912
 4413 01cc 98030000 		.word	920
 4414 01d0 A0030000 		.word	928
 4415 01d4 A8030000 		.word	936
 4416 01d8 B0030000 		.word	944
 4417 01dc B8030000 		.word	952
 4418 01e0 C0030000 		.word	960
 4419 01e4 C8030000 		.word	968
 4420 01e8 D0030000 		.word	976
 4421 01ec D8030000 		.word	984
 4422 01f0 E0030000 		.word	992
 4423 01f4 E8030000 		.word	1000
 4424 01f8 F0030000 		.word	1008
 4425 01fc F8030000 		.word	1016
 4426 0200 00040000 		.word	1024
 4427 0204 08040000 		.word	1032
 4428 0208 10040000 		.word	1040
 4429 020c 18040000 		.word	1048
 4430 0210 20040000 		.word	1056
 4431 0214 28040000 		.word	1064
 4432 0218 30040000 		.word	1072
 4433 021c 38040000 		.word	1080
 4434 0220 40040000 		.word	1088
 4435 0224 48040000 		.word	1096
 4436 0228 50040000 		.word	1104
 4437 022c 58040000 		.word	1112
ARM GAS  C:\Users\rosto\AppData\Local\Temp\cciuoPym.s 			page 115


 4438 0230 60040000 		.word	1120
 4439 0234 68040000 		.word	1128
 4440 0238 70040000 		.word	1136
 4441 023c 78040000 		.word	1144
 4442 0240 80040000 		.word	1152
 4443 0244 88040000 		.word	1160
 4444 0248 90040000 		.word	1168
 4445 024c 98040000 		.word	1176
 4446 0250 A0040000 		.word	1184
 4447 0254 A8040000 		.word	1192
 4448 0258 B0040000 		.word	1200
 4449 025c B8040000 		.word	1208
 4450 0260 C0040000 		.word	1216
 4451 0264 C8040000 		.word	1224
 4452 0268 D0040000 		.word	1232
 4453 026c D8040000 		.word	1240
 4454 0270 E0040000 		.word	1248
 4455 0274 E8040000 		.word	1256
 4456 0278 F0040000 		.word	1264
 4457 027c F8040000 		.word	1272
 4458 0280 00050000 		.word	1280
 4459 0284 08050000 		.word	1288
 4460 0288 10050000 		.word	1296
 4461 028c 18050000 		.word	1304
 4462 0290 20050000 		.word	1312
 4463 0294 28050000 		.word	1320
 4464 0298 30050000 		.word	1328
 4465 029c 38050000 		.word	1336
 4466 02a0 40050000 		.word	1344
 4467 02a4 48050000 		.word	1352
 4468 02a8 50050000 		.word	1360
 4469 02ac 58050000 		.word	1368
 4470 02b0 60050000 		.word	1376
 4471 02b4 68050000 		.word	1384
 4472 02b8 70050000 		.word	1392
 4473 02bc 78050000 		.word	1400
 4474 02c0 80050000 		.word	1408
 4475 02c4 88050000 		.word	1416
 4476 02c8 90050000 		.word	1424
 4477 02cc 98050000 		.word	1432
 4478 02d0 A0050000 		.word	1440
 4479 02d4 A8050000 		.word	1448
 4480 02d8 B0050000 		.word	1456
 4481 02dc B8050000 		.word	1464
 4482 02e0 C0050000 		.word	1472
 4483 02e4 C8050000 		.word	1480
 4484 02e8 D0050000 		.word	1488
 4485 02ec D8050000 		.word	1496
 4486 02f0 E0050000 		.word	1504
 4487 02f4 E8050000 		.word	1512
 4488 02f8 F0050000 		.word	1520
 4489 02fc F8050000 		.word	1528
 4490 0300 00060000 		.word	1536
 4491 0304 08060000 		.word	1544
 4492 0308 10060000 		.word	1552
 4493 030c 18060000 		.word	1560
 4494 0310 20060000 		.word	1568
ARM GAS  C:\Users\rosto\AppData\Local\Temp\cciuoPym.s 			page 116


 4495 0314 28060000 		.word	1576
 4496 0318 30060000 		.word	1584
 4497 031c 38060000 		.word	1592
 4498 0320 40060000 		.word	1600
 4499 0324 48060000 		.word	1608
 4500 0328 50060000 		.word	1616
 4501 032c 58060000 		.word	1624
 4502 0330 60060000 		.word	1632
 4503 0334 68060000 		.word	1640
 4504 0338 70060000 		.word	1648
 4505 033c 78060000 		.word	1656
 4506 0340 80060000 		.word	1664
 4507 0344 88060000 		.word	1672
 4508 0348 90060000 		.word	1680
 4509 034c 98060000 		.word	1688
 4510 0350 A0060000 		.word	1696
 4511 0354 A8060000 		.word	1704
 4512 0358 B0060000 		.word	1712
 4513 035c B8060000 		.word	1720
 4514 0360 C0060000 		.word	1728
 4515 0364 C8060000 		.word	1736
 4516 0368 D0060000 		.word	1744
 4517 036c D8060000 		.word	1752
 4518 0370 E0060000 		.word	1760
 4519 0374 E8060000 		.word	1768
 4520 0378 F0060000 		.word	1776
 4521 037c F8060000 		.word	1784
 4522 0380 00070000 		.word	1792
 4523 0384 08070000 		.word	1800
 4524 0388 10070000 		.word	1808
 4525 038c 18070000 		.word	1816
 4526 0390 20070000 		.word	1824
 4527 0394 28070000 		.word	1832
 4528 0398 30070000 		.word	1840
 4529 039c 38070000 		.word	1848
 4530 03a0 40070000 		.word	1856
 4531 03a4 48070000 		.word	1864
 4532 03a8 50070000 		.word	1872
 4533 03ac 58070000 		.word	1880
 4534 03b0 60070000 		.word	1888
 4535 03b4 68070000 		.word	1896
 4536 03b8 70070000 		.word	1904
 4537 03bc 78070000 		.word	1912
 4538 03c0 80070000 		.word	1920
 4539 03c4 88070000 		.word	1928
 4540 03c8 90070000 		.word	1936
 4541 03cc 98070000 		.word	1944
 4542 03d0 A0070000 		.word	1952
 4543 03d4 A8070000 		.word	1960
 4544 03d8 B0070000 		.word	1968
 4545 03dc B8070000 		.word	1976
 4546 03e0 C0070000 		.word	1984
 4547 03e4 C8070000 		.word	1992
 4548 03e8 D0070000 		.word	2000
 4549 03ec D8070000 		.word	2008
 4550 03f0 E0070000 		.word	2016
 4551 03f4 E8070000 		.word	2024
ARM GAS  C:\Users\rosto\AppData\Local\Temp\cciuoPym.s 			page 117


 4552 03f8 F0070000 		.word	2032
 4553 03fc F8070000 		.word	2040
 4554 0400 00080000 		.word	2048
 4555 0404 08080000 		.word	2056
 4556 0408 10080000 		.word	2064
 4557 040c 18080000 		.word	2072
 4558 0410 20080000 		.word	2080
 4559 0414 28080000 		.word	2088
 4560 0418 30080000 		.word	2096
 4561 041c 38080000 		.word	2104
 4562 0420 40080000 		.word	2112
 4563 0424 48080000 		.word	2120
 4564 0428 50080000 		.word	2128
 4565 042c 58080000 		.word	2136
 4566 0430 60080000 		.word	2144
 4567 0434 68080000 		.word	2152
 4568 0438 70080000 		.word	2160
 4569 043c 78080000 		.word	2168
 4570 0440 80080000 		.word	2176
 4571 0444 88080000 		.word	2184
 4572 0448 90080000 		.word	2192
 4573 044c 98080000 		.word	2200
 4574 0450 A0080000 		.word	2208
 4575 0454 A8080000 		.word	2216
 4576 0458 B0080000 		.word	2224
 4577 045c B8080000 		.word	2232
 4578 0460 C0080000 		.word	2240
 4579 0464 C8080000 		.word	2248
 4580 0468 D0080000 		.word	2256
 4581 046c D8080000 		.word	2264
 4582 0470 E0080000 		.word	2272
 4583 0474 E8080000 		.word	2280
 4584 0478 F0080000 		.word	2288
 4585 047c F8080000 		.word	2296
 4586 0480 00090000 		.word	2304
 4587 0484 08090000 		.word	2312
 4588 0488 10090000 		.word	2320
 4589 048c 18090000 		.word	2328
 4590 0490 20090000 		.word	2336
 4591 0494 28090000 		.word	2344
 4592 0498 30090000 		.word	2352
 4593 049c 38090000 		.word	2360
 4594 04a0 40090000 		.word	2368
 4595 04a4 48090000 		.word	2376
 4596 04a8 50090000 		.word	2384
 4597 04ac 58090000 		.word	2392
 4598 04b0 60090000 		.word	2400
 4599 04b4 68090000 		.word	2408
 4600 04b8 70090000 		.word	2416
 4601 04bc 78090000 		.word	2424
 4602 04c0 80090000 		.word	2432
 4603 04c4 88090000 		.word	2440
 4604 04c8 90090000 		.word	2448
 4605 04cc 98090000 		.word	2456
 4606 04d0 A0090000 		.word	2464
 4607 04d4 A8090000 		.word	2472
 4608 04d8 B0090000 		.word	2480
ARM GAS  C:\Users\rosto\AppData\Local\Temp\cciuoPym.s 			page 118


 4609 04dc B8090000 		.word	2488
 4610 04e0 C0090000 		.word	2496
 4611 04e4 C8090000 		.word	2504
 4612 04e8 D0090000 		.word	2512
 4613 04ec D8090000 		.word	2520
 4614 04f0 E0090000 		.word	2528
 4615 04f4 E8090000 		.word	2536
 4616 04f8 F0090000 		.word	2544
 4617 04fc F8090000 		.word	2552
 4618 0500 000A0000 		.word	2560
 4619 0504 080A0000 		.word	2568
 4620 0508 100A0000 		.word	2576
 4621 050c 180A0000 		.word	2584
 4622 0510 200A0000 		.word	2592
 4623 0514 280A0000 		.word	2600
 4624 0518 300A0000 		.word	2608
 4625 051c 380A0000 		.word	2616
 4626 0520 400A0000 		.word	2624
 4627 0524 480A0000 		.word	2632
 4628 0528 500A0000 		.word	2640
 4629 052c 580A0000 		.word	2648
 4630 0530 600A0000 		.word	2656
 4631 0534 680A0000 		.word	2664
 4632 0538 700A0000 		.word	2672
 4633 053c 780A0000 		.word	2680
 4634 0540 800A0000 		.word	2688
 4635 0544 880A0000 		.word	2696
 4636 0548 900A0000 		.word	2704
 4637 054c 980A0000 		.word	2712
 4638 0550 A00A0000 		.word	2720
 4639 0554 A80A0000 		.word	2728
 4640 0558 B00A0000 		.word	2736
 4641 055c B80A0000 		.word	2744
 4642 0560 C00A0000 		.word	2752
 4643 0564 C80A0000 		.word	2760
 4644 0568 D00A0000 		.word	2768
 4645 056c D80A0000 		.word	2776
 4646 0570 E00A0000 		.word	2784
 4647 0574 E80A0000 		.word	2792
 4648 0578 F00A0000 		.word	2800
 4649 057c F80A0000 		.word	2808
 4650 0580 000B0000 		.word	2816
 4651 0584 080B0000 		.word	2824
 4652 0588 100B0000 		.word	2832
 4653 058c 180B0000 		.word	2840
 4654 0590 200B0000 		.word	2848
 4655 0594 280B0000 		.word	2856
 4656 0598 300B0000 		.word	2864
 4657 059c 380B0000 		.word	2872
 4658 05a0 400B0000 		.word	2880
 4659 05a4 480B0000 		.word	2888
 4660 05a8 500B0000 		.word	2896
 4661 05ac 580B0000 		.word	2904
 4662 05b0 600B0000 		.word	2912
 4663 05b4 680B0000 		.word	2920
 4664 05b8 700B0000 		.word	2928
 4665 05bc 780B0000 		.word	2936
ARM GAS  C:\Users\rosto\AppData\Local\Temp\cciuoPym.s 			page 119


 4666 05c0 800B0000 		.word	2944
 4667 05c4 880B0000 		.word	2952
 4668 05c8 900B0000 		.word	2960
 4669 05cc 980B0000 		.word	2968
 4670 05d0 A00B0000 		.word	2976
 4671 05d4 A80B0000 		.word	2984
 4672 05d8 B00B0000 		.word	2992
 4673 05dc B80B0000 		.word	3000
 4674 05e0 C00B0000 		.word	3008
 4675 05e4 C80B0000 		.word	3016
 4676 05e8 D00B0000 		.word	3024
 4677 05ec D80B0000 		.word	3032
 4678 05f0 E00B0000 		.word	3040
 4679 05f4 E80B0000 		.word	3048
 4680 05f8 F00B0000 		.word	3056
 4681 05fc F80B0000 		.word	3064
 4682 0600 000C0000 		.word	3072
 4683 0604 080C0000 		.word	3080
 4684 0608 100C0000 		.word	3088
 4685 060c 180C0000 		.word	3096
 4686 0610 200C0000 		.word	3104
 4687 0614 280C0000 		.word	3112
 4688 0618 300C0000 		.word	3120
 4689 061c 380C0000 		.word	3128
 4690 0620 400C0000 		.word	3136
 4691 0624 480C0000 		.word	3144
 4692 0628 500C0000 		.word	3152
 4693 062c 580C0000 		.word	3160
 4694 0630 600C0000 		.word	3168
 4695 0634 680C0000 		.word	3176
 4696 0638 700C0000 		.word	3184
 4697 063c 780C0000 		.word	3192
 4698 0640 800C0000 		.word	3200
 4699 0644 880C0000 		.word	3208
 4700 0648 900C0000 		.word	3216
 4701 064c 980C0000 		.word	3224
 4702 0650 A00C0000 		.word	3232
 4703 0654 A80C0000 		.word	3240
 4704 0658 B00C0000 		.word	3248
 4705 065c B80C0000 		.word	3256
 4706 0660 C00C0000 		.word	3264
 4707 0664 C80C0000 		.word	3272
 4708 0668 D00C0000 		.word	3280
 4709 066c D80C0000 		.word	3288
 4710 0670 E00C0000 		.word	3296
 4711 0674 E80C0000 		.word	3304
 4712 0678 F00C0000 		.word	3312
 4713 067c F80C0000 		.word	3320
 4714 0680 000D0000 		.word	3328
 4715 0684 080D0000 		.word	3336
 4716 0688 100D0000 		.word	3344
 4717 068c 180D0000 		.word	3352
 4718 0690 200D0000 		.word	3360
 4719 0694 280D0000 		.word	3368
 4720 0698 300D0000 		.word	3376
 4721 069c 380D0000 		.word	3384
 4722 06a0 400D0000 		.word	3392
ARM GAS  C:\Users\rosto\AppData\Local\Temp\cciuoPym.s 			page 120


 4723 06a4 480D0000 		.word	3400
 4724 06a8 500D0000 		.word	3408
 4725 06ac 580D0000 		.word	3416
 4726 06b0 600D0000 		.word	3424
 4727 06b4 680D0000 		.word	3432
 4728 06b8 700D0000 		.word	3440
 4729 06bc 780D0000 		.word	3448
 4730 06c0 800D0000 		.word	3456
 4731 06c4 880D0000 		.word	3464
 4732 06c8 900D0000 		.word	3472
 4733 06cc 980D0000 		.word	3480
 4734 06d0 A00D0000 		.word	3488
 4735 06d4 A80D0000 		.word	3496
 4736 06d8 B00D0000 		.word	3504
 4737 06dc B80D0000 		.word	3512
 4738 06e0 C00D0000 		.word	3520
 4739 06e4 C80D0000 		.word	3528
 4740 06e8 D00D0000 		.word	3536
 4741 06ec D80D0000 		.word	3544
 4742 06f0 E00D0000 		.word	3552
 4743 06f4 E80D0000 		.word	3560
 4744 06f8 F00D0000 		.word	3568
 4745 06fc F80D0000 		.word	3576
 4746 0700 000E0000 		.word	3584
 4747 0704 080E0000 		.word	3592
 4748 0708 100E0000 		.word	3600
 4749 070c 180E0000 		.word	3608
 4750 0710 200E0000 		.word	3616
 4751 0714 280E0000 		.word	3624
 4752 0718 300E0000 		.word	3632
 4753 071c 380E0000 		.word	3640
 4754 0720 400E0000 		.word	3648
 4755 0724 480E0000 		.word	3656
 4756 0728 500E0000 		.word	3664
 4757 072c 580E0000 		.word	3672
 4758 0730 600E0000 		.word	3680
 4759 0734 680E0000 		.word	3688
 4760 0738 700E0000 		.word	3696
 4761 073c 780E0000 		.word	3704
 4762 0740 800E0000 		.word	3712
 4763 0744 880E0000 		.word	3720
 4764 0748 900E0000 		.word	3728
 4765 074c 980E0000 		.word	3736
 4766 0750 A00E0000 		.word	3744
 4767 0754 A80E0000 		.word	3752
 4768 0758 B00E0000 		.word	3760
 4769 075c B80E0000 		.word	3768
 4770 0760 C00E0000 		.word	3776
 4771 0764 C80E0000 		.word	3784
 4772 0768 D00E0000 		.word	3792
 4773 076c D80E0000 		.word	3800
 4774 0770 E00E0000 		.word	3808
 4775 0774 E80E0000 		.word	3816
 4776 0778 F00E0000 		.word	3824
 4777 077c F80E0000 		.word	3832
 4778 0780 000F0000 		.word	3840
 4779 0784 080F0000 		.word	3848
ARM GAS  C:\Users\rosto\AppData\Local\Temp\cciuoPym.s 			page 121


 4780 0788 100F0000 		.word	3856
 4781 078c 180F0000 		.word	3864
 4782 0790 200F0000 		.word	3872
 4783 0794 280F0000 		.word	3880
 4784 0798 300F0000 		.word	3888
 4785 079c 380F0000 		.word	3896
 4786 07a0 400F0000 		.word	3904
 4787 07a4 480F0000 		.word	3912
 4788 07a8 500F0000 		.word	3920
 4789 07ac 580F0000 		.word	3928
 4790 07b0 600F0000 		.word	3936
 4791 07b4 680F0000 		.word	3944
 4792 07b8 700F0000 		.word	3952
 4793 07bc 780F0000 		.word	3960
 4794 07c0 800F0000 		.word	3968
 4795 07c4 880F0000 		.word	3976
 4796 07c8 900F0000 		.word	3984
 4797 07cc 980F0000 		.word	3992
 4798 07d0 A00F0000 		.word	4000
 4799 07d4 A80F0000 		.word	4008
 4800 07d8 B00F0000 		.word	4016
 4801 07dc B80F0000 		.word	4024
 4802 07e0 C00F0000 		.word	4032
 4803 07e4 C80F0000 		.word	4040
 4804 07e8 D00F0000 		.word	4048
 4805 07ec D80F0000 		.word	4056
 4806 07f0 E00F0000 		.word	4064
 4807 07f4 E80F0000 		.word	4072
 4808 07f8 F00F0000 		.word	4080
 4809 07fc F80F0000 		.word	4088
 4810 0800 FF0F0000 		.word	4095
 4811 0804 F70F0000 		.word	4087
 4812 0808 EF0F0000 		.word	4079
 4813 080c E70F0000 		.word	4071
 4814 0810 DF0F0000 		.word	4063
 4815 0814 D70F0000 		.word	4055
 4816 0818 CF0F0000 		.word	4047
 4817 081c C70F0000 		.word	4039
 4818 0820 BF0F0000 		.word	4031
 4819 0824 B70F0000 		.word	4023
 4820 0828 AF0F0000 		.word	4015
 4821 082c A70F0000 		.word	4007
 4822 0830 9F0F0000 		.word	3999
 4823 0834 970F0000 		.word	3991
 4824 0838 8F0F0000 		.word	3983
 4825 083c 870F0000 		.word	3975
 4826 0840 7F0F0000 		.word	3967
 4827 0844 770F0000 		.word	3959
 4828 0848 6F0F0000 		.word	3951
 4829 084c 670F0000 		.word	3943
 4830 0850 5F0F0000 		.word	3935
 4831 0854 570F0000 		.word	3927
 4832 0858 4F0F0000 		.word	3919
 4833 085c 470F0000 		.word	3911
 4834 0860 3F0F0000 		.word	3903
 4835 0864 370F0000 		.word	3895
 4836 0868 2F0F0000 		.word	3887
ARM GAS  C:\Users\rosto\AppData\Local\Temp\cciuoPym.s 			page 122


 4837 086c 270F0000 		.word	3879
 4838 0870 1F0F0000 		.word	3871
 4839 0874 170F0000 		.word	3863
 4840 0878 0F0F0000 		.word	3855
 4841 087c 070F0000 		.word	3847
 4842 0880 FF0E0000 		.word	3839
 4843 0884 F70E0000 		.word	3831
 4844 0888 EF0E0000 		.word	3823
 4845 088c E70E0000 		.word	3815
 4846 0890 DF0E0000 		.word	3807
 4847 0894 D70E0000 		.word	3799
 4848 0898 CF0E0000 		.word	3791
 4849 089c C70E0000 		.word	3783
 4850 08a0 BF0E0000 		.word	3775
 4851 08a4 B70E0000 		.word	3767
 4852 08a8 AF0E0000 		.word	3759
 4853 08ac A70E0000 		.word	3751
 4854 08b0 9F0E0000 		.word	3743
 4855 08b4 970E0000 		.word	3735
 4856 08b8 8F0E0000 		.word	3727
 4857 08bc 870E0000 		.word	3719
 4858 08c0 7F0E0000 		.word	3711
 4859 08c4 770E0000 		.word	3703
 4860 08c8 6F0E0000 		.word	3695
 4861 08cc 670E0000 		.word	3687
 4862 08d0 5F0E0000 		.word	3679
 4863 08d4 570E0000 		.word	3671
 4864 08d8 4F0E0000 		.word	3663
 4865 08dc 470E0000 		.word	3655
 4866 08e0 3F0E0000 		.word	3647
 4867 08e4 370E0000 		.word	3639
 4868 08e8 2F0E0000 		.word	3631
 4869 08ec 270E0000 		.word	3623
 4870 08f0 1F0E0000 		.word	3615
 4871 08f4 170E0000 		.word	3607
 4872 08f8 0F0E0000 		.word	3599
 4873 08fc 070E0000 		.word	3591
 4874 0900 FF0D0000 		.word	3583
 4875 0904 F70D0000 		.word	3575
 4876 0908 EF0D0000 		.word	3567
 4877 090c E70D0000 		.word	3559
 4878 0910 DF0D0000 		.word	3551
 4879 0914 D70D0000 		.word	3543
 4880 0918 CF0D0000 		.word	3535
 4881 091c C70D0000 		.word	3527
 4882 0920 BF0D0000 		.word	3519
 4883 0924 B70D0000 		.word	3511
 4884 0928 AF0D0000 		.word	3503
 4885 092c A70D0000 		.word	3495
 4886 0930 9F0D0000 		.word	3487
 4887 0934 970D0000 		.word	3479
 4888 0938 8F0D0000 		.word	3471
 4889 093c 870D0000 		.word	3463
 4890 0940 7F0D0000 		.word	3455
 4891 0944 770D0000 		.word	3447
 4892 0948 6F0D0000 		.word	3439
 4893 094c 670D0000 		.word	3431
ARM GAS  C:\Users\rosto\AppData\Local\Temp\cciuoPym.s 			page 123


 4894 0950 5F0D0000 		.word	3423
 4895 0954 570D0000 		.word	3415
 4896 0958 4F0D0000 		.word	3407
 4897 095c 470D0000 		.word	3399
 4898 0960 3F0D0000 		.word	3391
 4899 0964 370D0000 		.word	3383
 4900 0968 2F0D0000 		.word	3375
 4901 096c 270D0000 		.word	3367
 4902 0970 1F0D0000 		.word	3359
 4903 0974 170D0000 		.word	3351
 4904 0978 0F0D0000 		.word	3343
 4905 097c 070D0000 		.word	3335
 4906 0980 FF0C0000 		.word	3327
 4907 0984 F70C0000 		.word	3319
 4908 0988 EF0C0000 		.word	3311
 4909 098c E70C0000 		.word	3303
 4910 0990 DF0C0000 		.word	3295
 4911 0994 D70C0000 		.word	3287
 4912 0998 CF0C0000 		.word	3279
 4913 099c C70C0000 		.word	3271
 4914 09a0 BF0C0000 		.word	3263
 4915 09a4 B70C0000 		.word	3255
 4916 09a8 AF0C0000 		.word	3247
 4917 09ac A70C0000 		.word	3239
 4918 09b0 9F0C0000 		.word	3231
 4919 09b4 970C0000 		.word	3223
 4920 09b8 8F0C0000 		.word	3215
 4921 09bc 870C0000 		.word	3207
 4922 09c0 7F0C0000 		.word	3199
 4923 09c4 770C0000 		.word	3191
 4924 09c8 6F0C0000 		.word	3183
 4925 09cc 670C0000 		.word	3175
 4926 09d0 5F0C0000 		.word	3167
 4927 09d4 570C0000 		.word	3159
 4928 09d8 4F0C0000 		.word	3151
 4929 09dc 470C0000 		.word	3143
 4930 09e0 3F0C0000 		.word	3135
 4931 09e4 370C0000 		.word	3127
 4932 09e8 2F0C0000 		.word	3119
 4933 09ec 270C0000 		.word	3111
 4934 09f0 1F0C0000 		.word	3103
 4935 09f4 170C0000 		.word	3095
 4936 09f8 0F0C0000 		.word	3087
 4937 09fc 070C0000 		.word	3079
 4938 0a00 FF0B0000 		.word	3071
 4939 0a04 F70B0000 		.word	3063
 4940 0a08 EF0B0000 		.word	3055
 4941 0a0c E70B0000 		.word	3047
 4942 0a10 DF0B0000 		.word	3039
 4943 0a14 D70B0000 		.word	3031
 4944 0a18 CF0B0000 		.word	3023
 4945 0a1c C70B0000 		.word	3015
 4946 0a20 BF0B0000 		.word	3007
 4947 0a24 B70B0000 		.word	2999
 4948 0a28 AF0B0000 		.word	2991
 4949 0a2c A70B0000 		.word	2983
 4950 0a30 9F0B0000 		.word	2975
ARM GAS  C:\Users\rosto\AppData\Local\Temp\cciuoPym.s 			page 124


 4951 0a34 970B0000 		.word	2967
 4952 0a38 8F0B0000 		.word	2959
 4953 0a3c 870B0000 		.word	2951
 4954 0a40 7F0B0000 		.word	2943
 4955 0a44 770B0000 		.word	2935
 4956 0a48 6F0B0000 		.word	2927
 4957 0a4c 670B0000 		.word	2919
 4958 0a50 5F0B0000 		.word	2911
 4959 0a54 570B0000 		.word	2903
 4960 0a58 4F0B0000 		.word	2895
 4961 0a5c 470B0000 		.word	2887
 4962 0a60 3F0B0000 		.word	2879
 4963 0a64 370B0000 		.word	2871
 4964 0a68 2F0B0000 		.word	2863
 4965 0a6c 270B0000 		.word	2855
 4966 0a70 1F0B0000 		.word	2847
 4967 0a74 170B0000 		.word	2839
 4968 0a78 0F0B0000 		.word	2831
 4969 0a7c 070B0000 		.word	2823
 4970 0a80 FF0A0000 		.word	2815
 4971 0a84 F70A0000 		.word	2807
 4972 0a88 EF0A0000 		.word	2799
 4973 0a8c E70A0000 		.word	2791
 4974 0a90 DF0A0000 		.word	2783
 4975 0a94 D70A0000 		.word	2775
 4976 0a98 CF0A0000 		.word	2767
 4977 0a9c C70A0000 		.word	2759
 4978 0aa0 BF0A0000 		.word	2751
 4979 0aa4 B70A0000 		.word	2743
 4980 0aa8 AF0A0000 		.word	2735
 4981 0aac A70A0000 		.word	2727
 4982 0ab0 9F0A0000 		.word	2719
 4983 0ab4 970A0000 		.word	2711
 4984 0ab8 8F0A0000 		.word	2703
 4985 0abc 870A0000 		.word	2695
 4986 0ac0 7F0A0000 		.word	2687
 4987 0ac4 770A0000 		.word	2679
 4988 0ac8 6F0A0000 		.word	2671
 4989 0acc 670A0000 		.word	2663
 4990 0ad0 5F0A0000 		.word	2655
 4991 0ad4 570A0000 		.word	2647
 4992 0ad8 4F0A0000 		.word	2639
 4993 0adc 470A0000 		.word	2631
 4994 0ae0 3F0A0000 		.word	2623
 4995 0ae4 370A0000 		.word	2615
 4996 0ae8 2F0A0000 		.word	2607
 4997 0aec 270A0000 		.word	2599
 4998 0af0 1F0A0000 		.word	2591
 4999 0af4 170A0000 		.word	2583
 5000 0af8 0F0A0000 		.word	2575
 5001 0afc 070A0000 		.word	2567
 5002 0b00 FF090000 		.word	2559
 5003 0b04 F7090000 		.word	2551
 5004 0b08 EF090000 		.word	2543
 5005 0b0c E7090000 		.word	2535
 5006 0b10 DF090000 		.word	2527
 5007 0b14 D7090000 		.word	2519
ARM GAS  C:\Users\rosto\AppData\Local\Temp\cciuoPym.s 			page 125


 5008 0b18 CF090000 		.word	2511
 5009 0b1c C7090000 		.word	2503
 5010 0b20 BF090000 		.word	2495
 5011 0b24 B7090000 		.word	2487
 5012 0b28 AF090000 		.word	2479
 5013 0b2c A7090000 		.word	2471
 5014 0b30 9F090000 		.word	2463
 5015 0b34 97090000 		.word	2455
 5016 0b38 8F090000 		.word	2447
 5017 0b3c 87090000 		.word	2439
 5018 0b40 7F090000 		.word	2431
 5019 0b44 77090000 		.word	2423
 5020 0b48 6F090000 		.word	2415
 5021 0b4c 67090000 		.word	2407
 5022 0b50 5F090000 		.word	2399
 5023 0b54 57090000 		.word	2391
 5024 0b58 4F090000 		.word	2383
 5025 0b5c 47090000 		.word	2375
 5026 0b60 3F090000 		.word	2367
 5027 0b64 37090000 		.word	2359
 5028 0b68 2F090000 		.word	2351
 5029 0b6c 27090000 		.word	2343
 5030 0b70 1F090000 		.word	2335
 5031 0b74 17090000 		.word	2327
 5032 0b78 0F090000 		.word	2319
 5033 0b7c 07090000 		.word	2311
 5034 0b80 FF080000 		.word	2303
 5035 0b84 F7080000 		.word	2295
 5036 0b88 EF080000 		.word	2287
 5037 0b8c E7080000 		.word	2279
 5038 0b90 DF080000 		.word	2271
 5039 0b94 D7080000 		.word	2263
 5040 0b98 CF080000 		.word	2255
 5041 0b9c C7080000 		.word	2247
 5042 0ba0 BF080000 		.word	2239
 5043 0ba4 B7080000 		.word	2231
 5044 0ba8 AF080000 		.word	2223
 5045 0bac A7080000 		.word	2215
 5046 0bb0 9F080000 		.word	2207
 5047 0bb4 97080000 		.word	2199
 5048 0bb8 8F080000 		.word	2191
 5049 0bbc 87080000 		.word	2183
 5050 0bc0 7F080000 		.word	2175
 5051 0bc4 77080000 		.word	2167
 5052 0bc8 6F080000 		.word	2159
 5053 0bcc 67080000 		.word	2151
 5054 0bd0 5F080000 		.word	2143
 5055 0bd4 57080000 		.word	2135
 5056 0bd8 4F080000 		.word	2127
 5057 0bdc 47080000 		.word	2119
 5058 0be0 3F080000 		.word	2111
 5059 0be4 37080000 		.word	2103
 5060 0be8 2F080000 		.word	2095
 5061 0bec 27080000 		.word	2087
 5062 0bf0 1F080000 		.word	2079
 5063 0bf4 17080000 		.word	2071
 5064 0bf8 0F080000 		.word	2063
ARM GAS  C:\Users\rosto\AppData\Local\Temp\cciuoPym.s 			page 126


 5065 0bfc 07080000 		.word	2055
 5066 0c00 FF070000 		.word	2047
 5067 0c04 F7070000 		.word	2039
 5068 0c08 EF070000 		.word	2031
 5069 0c0c E7070000 		.word	2023
 5070 0c10 DF070000 		.word	2015
 5071 0c14 D7070000 		.word	2007
 5072 0c18 CF070000 		.word	1999
 5073 0c1c C7070000 		.word	1991
 5074 0c20 BF070000 		.word	1983
 5075 0c24 B7070000 		.word	1975
 5076 0c28 AF070000 		.word	1967
 5077 0c2c A7070000 		.word	1959
 5078 0c30 9F070000 		.word	1951
 5079 0c34 97070000 		.word	1943
 5080 0c38 8F070000 		.word	1935
 5081 0c3c 87070000 		.word	1927
 5082 0c40 7F070000 		.word	1919
 5083 0c44 77070000 		.word	1911
 5084 0c48 6F070000 		.word	1903
 5085 0c4c 67070000 		.word	1895
 5086 0c50 5F070000 		.word	1887
 5087 0c54 57070000 		.word	1879
 5088 0c58 4F070000 		.word	1871
 5089 0c5c 47070000 		.word	1863
 5090 0c60 3F070000 		.word	1855
 5091 0c64 37070000 		.word	1847
 5092 0c68 2F070000 		.word	1839
 5093 0c6c 27070000 		.word	1831
 5094 0c70 1F070000 		.word	1823
 5095 0c74 17070000 		.word	1815
 5096 0c78 0F070000 		.word	1807
 5097 0c7c 07070000 		.word	1799
 5098 0c80 FF060000 		.word	1791
 5099 0c84 F7060000 		.word	1783
 5100 0c88 EF060000 		.word	1775
 5101 0c8c E7060000 		.word	1767
 5102 0c90 DF060000 		.word	1759
 5103 0c94 D7060000 		.word	1751
 5104 0c98 CF060000 		.word	1743
 5105 0c9c C7060000 		.word	1735
 5106 0ca0 BF060000 		.word	1727
 5107 0ca4 B7060000 		.word	1719
 5108 0ca8 AF060000 		.word	1711
 5109 0cac A7060000 		.word	1703
 5110 0cb0 9F060000 		.word	1695
 5111 0cb4 97060000 		.word	1687
 5112 0cb8 8F060000 		.word	1679
 5113 0cbc 87060000 		.word	1671
 5114 0cc0 7F060000 		.word	1663
 5115 0cc4 77060000 		.word	1655
 5116 0cc8 6F060000 		.word	1647
 5117 0ccc 67060000 		.word	1639
 5118 0cd0 5F060000 		.word	1631
 5119 0cd4 57060000 		.word	1623
 5120 0cd8 4F060000 		.word	1615
 5121 0cdc 47060000 		.word	1607
ARM GAS  C:\Users\rosto\AppData\Local\Temp\cciuoPym.s 			page 127


 5122 0ce0 3F060000 		.word	1599
 5123 0ce4 37060000 		.word	1591
 5124 0ce8 2F060000 		.word	1583
 5125 0cec 27060000 		.word	1575
 5126 0cf0 1F060000 		.word	1567
 5127 0cf4 17060000 		.word	1559
 5128 0cf8 0F060000 		.word	1551
 5129 0cfc 07060000 		.word	1543
 5130 0d00 FF050000 		.word	1535
 5131 0d04 F7050000 		.word	1527
 5132 0d08 EF050000 		.word	1519
 5133 0d0c E7050000 		.word	1511
 5134 0d10 DF050000 		.word	1503
 5135 0d14 D7050000 		.word	1495
 5136 0d18 CF050000 		.word	1487
 5137 0d1c C7050000 		.word	1479
 5138 0d20 BF050000 		.word	1471
 5139 0d24 B7050000 		.word	1463
 5140 0d28 AF050000 		.word	1455
 5141 0d2c A7050000 		.word	1447
 5142 0d30 9F050000 		.word	1439
 5143 0d34 97050000 		.word	1431
 5144 0d38 8F050000 		.word	1423
 5145 0d3c 87050000 		.word	1415
 5146 0d40 7F050000 		.word	1407
 5147 0d44 77050000 		.word	1399
 5148 0d48 6F050000 		.word	1391
 5149 0d4c 67050000 		.word	1383
 5150 0d50 5F050000 		.word	1375
 5151 0d54 57050000 		.word	1367
 5152 0d58 4F050000 		.word	1359
 5153 0d5c 47050000 		.word	1351
 5154 0d60 3F050000 		.word	1343
 5155 0d64 37050000 		.word	1335
 5156 0d68 2F050000 		.word	1327
 5157 0d6c 27050000 		.word	1319
 5158 0d70 1F050000 		.word	1311
 5159 0d74 17050000 		.word	1303
 5160 0d78 0F050000 		.word	1295
 5161 0d7c 07050000 		.word	1287
 5162 0d80 FF040000 		.word	1279
 5163 0d84 F7040000 		.word	1271
 5164 0d88 EF040000 		.word	1263
 5165 0d8c E7040000 		.word	1255
 5166 0d90 DF040000 		.word	1247
 5167 0d94 D7040000 		.word	1239
 5168 0d98 CF040000 		.word	1231
 5169 0d9c C7040000 		.word	1223
 5170 0da0 BF040000 		.word	1215
 5171 0da4 B7040000 		.word	1207
 5172 0da8 AF040000 		.word	1199
 5173 0dac A7040000 		.word	1191
 5174 0db0 9F040000 		.word	1183
 5175 0db4 97040000 		.word	1175
 5176 0db8 8F040000 		.word	1167
 5177 0dbc 87040000 		.word	1159
 5178 0dc0 7F040000 		.word	1151
ARM GAS  C:\Users\rosto\AppData\Local\Temp\cciuoPym.s 			page 128


 5179 0dc4 77040000 		.word	1143
 5180 0dc8 6F040000 		.word	1135
 5181 0dcc 67040000 		.word	1127
 5182 0dd0 5F040000 		.word	1119
 5183 0dd4 57040000 		.word	1111
 5184 0dd8 4F040000 		.word	1103
 5185 0ddc 47040000 		.word	1095
 5186 0de0 3F040000 		.word	1087
 5187 0de4 37040000 		.word	1079
 5188 0de8 2F040000 		.word	1071
 5189 0dec 27040000 		.word	1063
 5190 0df0 1F040000 		.word	1055
 5191 0df4 17040000 		.word	1047
 5192 0df8 0F040000 		.word	1039
 5193 0dfc 07040000 		.word	1031
 5194 0e00 FF030000 		.word	1023
 5195 0e04 F7030000 		.word	1015
 5196 0e08 EF030000 		.word	1007
 5197 0e0c E7030000 		.word	999
 5198 0e10 DF030000 		.word	991
 5199 0e14 D7030000 		.word	983
 5200 0e18 CF030000 		.word	975
 5201 0e1c C7030000 		.word	967
 5202 0e20 BF030000 		.word	959
 5203 0e24 B7030000 		.word	951
 5204 0e28 AF030000 		.word	943
 5205 0e2c A7030000 		.word	935
 5206 0e30 9F030000 		.word	927
 5207 0e34 97030000 		.word	919
 5208 0e38 8F030000 		.word	911
 5209 0e3c 87030000 		.word	903
 5210 0e40 7F030000 		.word	895
 5211 0e44 77030000 		.word	887
 5212 0e48 6F030000 		.word	879
 5213 0e4c 67030000 		.word	871
 5214 0e50 5F030000 		.word	863
 5215 0e54 57030000 		.word	855
 5216 0e58 4F030000 		.word	847
 5217 0e5c 47030000 		.word	839
 5218 0e60 3F030000 		.word	831
 5219 0e64 37030000 		.word	823
 5220 0e68 2F030000 		.word	815
 5221 0e6c 27030000 		.word	807
 5222 0e70 1F030000 		.word	799
 5223 0e74 17030000 		.word	791
 5224 0e78 0F030000 		.word	783
 5225 0e7c 07030000 		.word	775
 5226 0e80 FF020000 		.word	767
 5227 0e84 F7020000 		.word	759
 5228 0e88 EF020000 		.word	751
 5229 0e8c E7020000 		.word	743
 5230 0e90 DF020000 		.word	735
 5231 0e94 D7020000 		.word	727
 5232 0e98 CF020000 		.word	719
 5233 0e9c C7020000 		.word	711
 5234 0ea0 BF020000 		.word	703
 5235 0ea4 B7020000 		.word	695
ARM GAS  C:\Users\rosto\AppData\Local\Temp\cciuoPym.s 			page 129


 5236 0ea8 AF020000 		.word	687
 5237 0eac A7020000 		.word	679
 5238 0eb0 9F020000 		.word	671
 5239 0eb4 97020000 		.word	663
 5240 0eb8 8F020000 		.word	655
 5241 0ebc 87020000 		.word	647
 5242 0ec0 7F020000 		.word	639
 5243 0ec4 77020000 		.word	631
 5244 0ec8 6F020000 		.word	623
 5245 0ecc 67020000 		.word	615
 5246 0ed0 5F020000 		.word	607
 5247 0ed4 57020000 		.word	599
 5248 0ed8 4F020000 		.word	591
 5249 0edc 47020000 		.word	583
 5250 0ee0 3F020000 		.word	575
 5251 0ee4 37020000 		.word	567
 5252 0ee8 2F020000 		.word	559
 5253 0eec 27020000 		.word	551
 5254 0ef0 1F020000 		.word	543
 5255 0ef4 17020000 		.word	535
 5256 0ef8 0F020000 		.word	527
 5257 0efc 07020000 		.word	519
 5258 0f00 FF010000 		.word	511
 5259 0f04 F7010000 		.word	503
 5260 0f08 EF010000 		.word	495
 5261 0f0c E7010000 		.word	487
 5262 0f10 DF010000 		.word	479
 5263 0f14 D7010000 		.word	471
 5264 0f18 CF010000 		.word	463
 5265 0f1c C7010000 		.word	455
 5266 0f20 BF010000 		.word	447
 5267 0f24 B7010000 		.word	439
 5268 0f28 AF010000 		.word	431
 5269 0f2c A7010000 		.word	423
 5270 0f30 9F010000 		.word	415
 5271 0f34 97010000 		.word	407
 5272 0f38 8F010000 		.word	399
 5273 0f3c 87010000 		.word	391
 5274 0f40 7F010000 		.word	383
 5275 0f44 77010000 		.word	375
 5276 0f48 6F010000 		.word	367
 5277 0f4c 67010000 		.word	359
 5278 0f50 5F010000 		.word	351
 5279 0f54 57010000 		.word	343
 5280 0f58 4F010000 		.word	335
 5281 0f5c 47010000 		.word	327
 5282 0f60 3F010000 		.word	319
 5283 0f64 37010000 		.word	311
 5284 0f68 2F010000 		.word	303
 5285 0f6c 27010000 		.word	295
 5286 0f70 1F010000 		.word	287
 5287 0f74 17010000 		.word	279
 5288 0f78 0F010000 		.word	271
 5289 0f7c 07010000 		.word	263
 5290 0f80 FF000000 		.word	255
 5291 0f84 F7000000 		.word	247
 5292 0f88 EF000000 		.word	239
ARM GAS  C:\Users\rosto\AppData\Local\Temp\cciuoPym.s 			page 130


 5293 0f8c E7000000 		.word	231
 5294 0f90 DF000000 		.word	223
 5295 0f94 D7000000 		.word	215
 5296 0f98 CF000000 		.word	207
 5297 0f9c C7000000 		.word	199
 5298 0fa0 BF000000 		.word	191
 5299 0fa4 B7000000 		.word	183
 5300 0fa8 AF000000 		.word	175
 5301 0fac A7000000 		.word	167
 5302 0fb0 9F000000 		.word	159
 5303 0fb4 97000000 		.word	151
 5304 0fb8 8F000000 		.word	143
 5305 0fbc 87000000 		.word	135
 5306 0fc0 7F000000 		.word	127
 5307 0fc4 77000000 		.word	119
 5308 0fc8 6F000000 		.word	111
 5309 0fcc 67000000 		.word	103
 5310 0fd0 5F000000 		.word	95
 5311 0fd4 57000000 		.word	87
 5312 0fd8 4F000000 		.word	79
 5313 0fdc 47000000 		.word	71
 5314 0fe0 3F000000 		.word	63
 5315 0fe4 37000000 		.word	55
 5316 0fe8 2F000000 		.word	47
 5317 0fec 27000000 		.word	39
 5318 0ff0 1F000000 		.word	31
 5319 0ff4 17000000 		.word	23
 5320 0ff8 0F000000 		.word	15
 5321 0ffc 07000000 		.word	7
 5322              		.global	Saw_LUT
 5323              		.section	.data.Saw_LUT,"aw"
 5324              		.align	2
 5327              	Saw_LUT:
 5328 0000 00000000 		.word	0
 5329 0004 04000000 		.word	4
 5330 0008 08000000 		.word	8
 5331 000c 0C000000 		.word	12
 5332 0010 10000000 		.word	16
 5333 0014 14000000 		.word	20
 5334 0018 18000000 		.word	24
 5335 001c 1C000000 		.word	28
 5336 0020 20000000 		.word	32
 5337 0024 24000000 		.word	36
 5338 0028 28000000 		.word	40
 5339 002c 2C000000 		.word	44
 5340 0030 30000000 		.word	48
 5341 0034 34000000 		.word	52
 5342 0038 38000000 		.word	56
 5343 003c 3C000000 		.word	60
 5344 0040 40000000 		.word	64
 5345 0044 44000000 		.word	68
 5346 0048 48000000 		.word	72
 5347 004c 4C000000 		.word	76
 5348 0050 50000000 		.word	80
 5349 0054 54000000 		.word	84
 5350 0058 58000000 		.word	88
 5351 005c 5C000000 		.word	92
ARM GAS  C:\Users\rosto\AppData\Local\Temp\cciuoPym.s 			page 131


 5352 0060 60000000 		.word	96
 5353 0064 64000000 		.word	100
 5354 0068 68000000 		.word	104
 5355 006c 6C000000 		.word	108
 5356 0070 70000000 		.word	112
 5357 0074 74000000 		.word	116
 5358 0078 78000000 		.word	120
 5359 007c 7C000000 		.word	124
 5360 0080 80000000 		.word	128
 5361 0084 84000000 		.word	132
 5362 0088 88000000 		.word	136
 5363 008c 8C000000 		.word	140
 5364 0090 90000000 		.word	144
 5365 0094 94000000 		.word	148
 5366 0098 98000000 		.word	152
 5367 009c 9C000000 		.word	156
 5368 00a0 A0000000 		.word	160
 5369 00a4 A4000000 		.word	164
 5370 00a8 A8000000 		.word	168
 5371 00ac AC000000 		.word	172
 5372 00b0 B0000000 		.word	176
 5373 00b4 B4000000 		.word	180
 5374 00b8 B8000000 		.word	184
 5375 00bc BC000000 		.word	188
 5376 00c0 C0000000 		.word	192
 5377 00c4 C4000000 		.word	196
 5378 00c8 C8000000 		.word	200
 5379 00cc CC000000 		.word	204
 5380 00d0 D0000000 		.word	208
 5381 00d4 D4000000 		.word	212
 5382 00d8 D8000000 		.word	216
 5383 00dc DC000000 		.word	220
 5384 00e0 E0000000 		.word	224
 5385 00e4 E4000000 		.word	228
 5386 00e8 E8000000 		.word	232
 5387 00ec EC000000 		.word	236
 5388 00f0 F0000000 		.word	240
 5389 00f4 F4000000 		.word	244
 5390 00f8 F8000000 		.word	248
 5391 00fc FC000000 		.word	252
 5392 0100 00010000 		.word	256
 5393 0104 04010000 		.word	260
 5394 0108 08010000 		.word	264
 5395 010c 0C010000 		.word	268
 5396 0110 10010000 		.word	272
 5397 0114 14010000 		.word	276
 5398 0118 18010000 		.word	280
 5399 011c 1C010000 		.word	284
 5400 0120 20010000 		.word	288
 5401 0124 24010000 		.word	292
 5402 0128 28010000 		.word	296
 5403 012c 2C010000 		.word	300
 5404 0130 30010000 		.word	304
 5405 0134 34010000 		.word	308
 5406 0138 38010000 		.word	312
 5407 013c 3C010000 		.word	316
 5408 0140 40010000 		.word	320
ARM GAS  C:\Users\rosto\AppData\Local\Temp\cciuoPym.s 			page 132


 5409 0144 44010000 		.word	324
 5410 0148 48010000 		.word	328
 5411 014c 4C010000 		.word	332
 5412 0150 50010000 		.word	336
 5413 0154 54010000 		.word	340
 5414 0158 58010000 		.word	344
 5415 015c 5C010000 		.word	348
 5416 0160 60010000 		.word	352
 5417 0164 64010000 		.word	356
 5418 0168 68010000 		.word	360
 5419 016c 6C010000 		.word	364
 5420 0170 70010000 		.word	368
 5421 0174 74010000 		.word	372
 5422 0178 78010000 		.word	376
 5423 017c 7C010000 		.word	380
 5424 0180 80010000 		.word	384
 5425 0184 84010000 		.word	388
 5426 0188 88010000 		.word	392
 5427 018c 8C010000 		.word	396
 5428 0190 90010000 		.word	400
 5429 0194 94010000 		.word	404
 5430 0198 98010000 		.word	408
 5431 019c 9C010000 		.word	412
 5432 01a0 A0010000 		.word	416
 5433 01a4 A4010000 		.word	420
 5434 01a8 A8010000 		.word	424
 5435 01ac AC010000 		.word	428
 5436 01b0 B0010000 		.word	432
 5437 01b4 B4010000 		.word	436
 5438 01b8 B8010000 		.word	440
 5439 01bc BC010000 		.word	444
 5440 01c0 C0010000 		.word	448
 5441 01c4 C4010000 		.word	452
 5442 01c8 C8010000 		.word	456
 5443 01cc CC010000 		.word	460
 5444 01d0 D0010000 		.word	464
 5445 01d4 D4010000 		.word	468
 5446 01d8 D8010000 		.word	472
 5447 01dc DC010000 		.word	476
 5448 01e0 E0010000 		.word	480
 5449 01e4 E4010000 		.word	484
 5450 01e8 E8010000 		.word	488
 5451 01ec EC010000 		.word	492
 5452 01f0 F0010000 		.word	496
 5453 01f4 F4010000 		.word	500
 5454 01f8 F8010000 		.word	504
 5455 01fc FC010000 		.word	508
 5456 0200 00020000 		.word	512
 5457 0204 04020000 		.word	516
 5458 0208 08020000 		.word	520
 5459 020c 0C020000 		.word	524
 5460 0210 10020000 		.word	528
 5461 0214 14020000 		.word	532
 5462 0218 18020000 		.word	536
 5463 021c 1C020000 		.word	540
 5464 0220 20020000 		.word	544
 5465 0224 24020000 		.word	548
ARM GAS  C:\Users\rosto\AppData\Local\Temp\cciuoPym.s 			page 133


 5466 0228 28020000 		.word	552
 5467 022c 2C020000 		.word	556
 5468 0230 30020000 		.word	560
 5469 0234 34020000 		.word	564
 5470 0238 38020000 		.word	568
 5471 023c 3C020000 		.word	572
 5472 0240 40020000 		.word	576
 5473 0244 44020000 		.word	580
 5474 0248 48020000 		.word	584
 5475 024c 4C020000 		.word	588
 5476 0250 50020000 		.word	592
 5477 0254 54020000 		.word	596
 5478 0258 58020000 		.word	600
 5479 025c 5C020000 		.word	604
 5480 0260 60020000 		.word	608
 5481 0264 64020000 		.word	612
 5482 0268 68020000 		.word	616
 5483 026c 6C020000 		.word	620
 5484 0270 70020000 		.word	624
 5485 0274 74020000 		.word	628
 5486 0278 78020000 		.word	632
 5487 027c 7C020000 		.word	636
 5488 0280 80020000 		.word	640
 5489 0284 84020000 		.word	644
 5490 0288 88020000 		.word	648
 5491 028c 8C020000 		.word	652
 5492 0290 90020000 		.word	656
 5493 0294 94020000 		.word	660
 5494 0298 98020000 		.word	664
 5495 029c 9C020000 		.word	668
 5496 02a0 A0020000 		.word	672
 5497 02a4 A4020000 		.word	676
 5498 02a8 A8020000 		.word	680
 5499 02ac AC020000 		.word	684
 5500 02b0 B0020000 		.word	688
 5501 02b4 B4020000 		.word	692
 5502 02b8 B8020000 		.word	696
 5503 02bc BC020000 		.word	700
 5504 02c0 C0020000 		.word	704
 5505 02c4 C4020000 		.word	708
 5506 02c8 C8020000 		.word	712
 5507 02cc CC020000 		.word	716
 5508 02d0 D0020000 		.word	720
 5509 02d4 D4020000 		.word	724
 5510 02d8 D8020000 		.word	728
 5511 02dc DC020000 		.word	732
 5512 02e0 E0020000 		.word	736
 5513 02e4 E4020000 		.word	740
 5514 02e8 E8020000 		.word	744
 5515 02ec EC020000 		.word	748
 5516 02f0 F0020000 		.word	752
 5517 02f4 F4020000 		.word	756
 5518 02f8 F8020000 		.word	760
 5519 02fc FC020000 		.word	764
 5520 0300 00030000 		.word	768
 5521 0304 04030000 		.word	772
 5522 0308 08030000 		.word	776
ARM GAS  C:\Users\rosto\AppData\Local\Temp\cciuoPym.s 			page 134


 5523 030c 0C030000 		.word	780
 5524 0310 10030000 		.word	784
 5525 0314 14030000 		.word	788
 5526 0318 18030000 		.word	792
 5527 031c 1C030000 		.word	796
 5528 0320 20030000 		.word	800
 5529 0324 24030000 		.word	804
 5530 0328 28030000 		.word	808
 5531 032c 2C030000 		.word	812
 5532 0330 30030000 		.word	816
 5533 0334 34030000 		.word	820
 5534 0338 38030000 		.word	824
 5535 033c 3C030000 		.word	828
 5536 0340 40030000 		.word	832
 5537 0344 44030000 		.word	836
 5538 0348 48030000 		.word	840
 5539 034c 4C030000 		.word	844
 5540 0350 50030000 		.word	848
 5541 0354 54030000 		.word	852
 5542 0358 58030000 		.word	856
 5543 035c 5C030000 		.word	860
 5544 0360 60030000 		.word	864
 5545 0364 64030000 		.word	868
 5546 0368 68030000 		.word	872
 5547 036c 6C030000 		.word	876
 5548 0370 70030000 		.word	880
 5549 0374 74030000 		.word	884
 5550 0378 78030000 		.word	888
 5551 037c 7C030000 		.word	892
 5552 0380 80030000 		.word	896
 5553 0384 84030000 		.word	900
 5554 0388 88030000 		.word	904
 5555 038c 8C030000 		.word	908
 5556 0390 90030000 		.word	912
 5557 0394 94030000 		.word	916
 5558 0398 98030000 		.word	920
 5559 039c 9C030000 		.word	924
 5560 03a0 A0030000 		.word	928
 5561 03a4 A4030000 		.word	932
 5562 03a8 A8030000 		.word	936
 5563 03ac AC030000 		.word	940
 5564 03b0 B0030000 		.word	944
 5565 03b4 B4030000 		.word	948
 5566 03b8 B8030000 		.word	952
 5567 03bc BC030000 		.word	956
 5568 03c0 C0030000 		.word	960
 5569 03c4 C4030000 		.word	964
 5570 03c8 C8030000 		.word	968
 5571 03cc CC030000 		.word	972
 5572 03d0 D0030000 		.word	976
 5573 03d4 D4030000 		.word	980
 5574 03d8 D8030000 		.word	984
 5575 03dc DC030000 		.word	988
 5576 03e0 E0030000 		.word	992
 5577 03e4 E4030000 		.word	996
 5578 03e8 E8030000 		.word	1000
 5579 03ec EC030000 		.word	1004
ARM GAS  C:\Users\rosto\AppData\Local\Temp\cciuoPym.s 			page 135


 5580 03f0 F0030000 		.word	1008
 5581 03f4 F4030000 		.word	1012
 5582 03f8 F8030000 		.word	1016
 5583 03fc FC030000 		.word	1020
 5584 0400 00040000 		.word	1024
 5585 0404 04040000 		.word	1028
 5586 0408 08040000 		.word	1032
 5587 040c 0C040000 		.word	1036
 5588 0410 10040000 		.word	1040
 5589 0414 14040000 		.word	1044
 5590 0418 18040000 		.word	1048
 5591 041c 1C040000 		.word	1052
 5592 0420 20040000 		.word	1056
 5593 0424 24040000 		.word	1060
 5594 0428 28040000 		.word	1064
 5595 042c 2C040000 		.word	1068
 5596 0430 30040000 		.word	1072
 5597 0434 34040000 		.word	1076
 5598 0438 38040000 		.word	1080
 5599 043c 3C040000 		.word	1084
 5600 0440 40040000 		.word	1088
 5601 0444 44040000 		.word	1092
 5602 0448 48040000 		.word	1096
 5603 044c 4C040000 		.word	1100
 5604 0450 50040000 		.word	1104
 5605 0454 54040000 		.word	1108
 5606 0458 58040000 		.word	1112
 5607 045c 5C040000 		.word	1116
 5608 0460 60040000 		.word	1120
 5609 0464 64040000 		.word	1124
 5610 0468 68040000 		.word	1128
 5611 046c 6C040000 		.word	1132
 5612 0470 70040000 		.word	1136
 5613 0474 74040000 		.word	1140
 5614 0478 78040000 		.word	1144
 5615 047c 7C040000 		.word	1148
 5616 0480 80040000 		.word	1152
 5617 0484 84040000 		.word	1156
 5618 0488 88040000 		.word	1160
 5619 048c 8C040000 		.word	1164
 5620 0490 90040000 		.word	1168
 5621 0494 94040000 		.word	1172
 5622 0498 98040000 		.word	1176
 5623 049c 9C040000 		.word	1180
 5624 04a0 A0040000 		.word	1184
 5625 04a4 A4040000 		.word	1188
 5626 04a8 A8040000 		.word	1192
 5627 04ac AC040000 		.word	1196
 5628 04b0 B0040000 		.word	1200
 5629 04b4 B4040000 		.word	1204
 5630 04b8 B8040000 		.word	1208
 5631 04bc BC040000 		.word	1212
 5632 04c0 C0040000 		.word	1216
 5633 04c4 C4040000 		.word	1220
 5634 04c8 C8040000 		.word	1224
 5635 04cc CC040000 		.word	1228
 5636 04d0 D0040000 		.word	1232
ARM GAS  C:\Users\rosto\AppData\Local\Temp\cciuoPym.s 			page 136


 5637 04d4 D4040000 		.word	1236
 5638 04d8 D8040000 		.word	1240
 5639 04dc DC040000 		.word	1244
 5640 04e0 E0040000 		.word	1248
 5641 04e4 E4040000 		.word	1252
 5642 04e8 E8040000 		.word	1256
 5643 04ec EC040000 		.word	1260
 5644 04f0 F0040000 		.word	1264
 5645 04f4 F4040000 		.word	1268
 5646 04f8 F8040000 		.word	1272
 5647 04fc FC040000 		.word	1276
 5648 0500 00050000 		.word	1280
 5649 0504 04050000 		.word	1284
 5650 0508 08050000 		.word	1288
 5651 050c 0C050000 		.word	1292
 5652 0510 10050000 		.word	1296
 5653 0514 14050000 		.word	1300
 5654 0518 18050000 		.word	1304
 5655 051c 1C050000 		.word	1308
 5656 0520 20050000 		.word	1312
 5657 0524 24050000 		.word	1316
 5658 0528 28050000 		.word	1320
 5659 052c 2C050000 		.word	1324
 5660 0530 30050000 		.word	1328
 5661 0534 34050000 		.word	1332
 5662 0538 38050000 		.word	1336
 5663 053c 3C050000 		.word	1340
 5664 0540 40050000 		.word	1344
 5665 0544 44050000 		.word	1348
 5666 0548 48050000 		.word	1352
 5667 054c 4C050000 		.word	1356
 5668 0550 50050000 		.word	1360
 5669 0554 54050000 		.word	1364
 5670 0558 58050000 		.word	1368
 5671 055c 5C050000 		.word	1372
 5672 0560 60050000 		.word	1376
 5673 0564 64050000 		.word	1380
 5674 0568 68050000 		.word	1384
 5675 056c 6C050000 		.word	1388
 5676 0570 70050000 		.word	1392
 5677 0574 74050000 		.word	1396
 5678 0578 78050000 		.word	1400
 5679 057c 7C050000 		.word	1404
 5680 0580 80050000 		.word	1408
 5681 0584 84050000 		.word	1412
 5682 0588 88050000 		.word	1416
 5683 058c 8C050000 		.word	1420
 5684 0590 90050000 		.word	1424
 5685 0594 94050000 		.word	1428
 5686 0598 98050000 		.word	1432
 5687 059c 9C050000 		.word	1436
 5688 05a0 A0050000 		.word	1440
 5689 05a4 A4050000 		.word	1444
 5690 05a8 A8050000 		.word	1448
 5691 05ac AC050000 		.word	1452
 5692 05b0 B0050000 		.word	1456
 5693 05b4 B4050000 		.word	1460
ARM GAS  C:\Users\rosto\AppData\Local\Temp\cciuoPym.s 			page 137


 5694 05b8 B8050000 		.word	1464
 5695 05bc BC050000 		.word	1468
 5696 05c0 C0050000 		.word	1472
 5697 05c4 C4050000 		.word	1476
 5698 05c8 C8050000 		.word	1480
 5699 05cc CC050000 		.word	1484
 5700 05d0 D0050000 		.word	1488
 5701 05d4 D4050000 		.word	1492
 5702 05d8 D8050000 		.word	1496
 5703 05dc DC050000 		.word	1500
 5704 05e0 E0050000 		.word	1504
 5705 05e4 E4050000 		.word	1508
 5706 05e8 E8050000 		.word	1512
 5707 05ec EC050000 		.word	1516
 5708 05f0 F0050000 		.word	1520
 5709 05f4 F4050000 		.word	1524
 5710 05f8 F8050000 		.word	1528
 5711 05fc FC050000 		.word	1532
 5712 0600 00060000 		.word	1536
 5713 0604 04060000 		.word	1540
 5714 0608 08060000 		.word	1544
 5715 060c 0C060000 		.word	1548
 5716 0610 10060000 		.word	1552
 5717 0614 14060000 		.word	1556
 5718 0618 18060000 		.word	1560
 5719 061c 1C060000 		.word	1564
 5720 0620 20060000 		.word	1568
 5721 0624 24060000 		.word	1572
 5722 0628 28060000 		.word	1576
 5723 062c 2C060000 		.word	1580
 5724 0630 30060000 		.word	1584
 5725 0634 34060000 		.word	1588
 5726 0638 38060000 		.word	1592
 5727 063c 3C060000 		.word	1596
 5728 0640 40060000 		.word	1600
 5729 0644 44060000 		.word	1604
 5730 0648 48060000 		.word	1608
 5731 064c 4C060000 		.word	1612
 5732 0650 50060000 		.word	1616
 5733 0654 54060000 		.word	1620
 5734 0658 58060000 		.word	1624
 5735 065c 5C060000 		.word	1628
 5736 0660 60060000 		.word	1632
 5737 0664 64060000 		.word	1636
 5738 0668 68060000 		.word	1640
 5739 066c 6C060000 		.word	1644
 5740 0670 70060000 		.word	1648
 5741 0674 74060000 		.word	1652
 5742 0678 78060000 		.word	1656
 5743 067c 7C060000 		.word	1660
 5744 0680 80060000 		.word	1664
 5745 0684 84060000 		.word	1668
 5746 0688 88060000 		.word	1672
 5747 068c 8C060000 		.word	1676
 5748 0690 90060000 		.word	1680
 5749 0694 94060000 		.word	1684
 5750 0698 98060000 		.word	1688
ARM GAS  C:\Users\rosto\AppData\Local\Temp\cciuoPym.s 			page 138


 5751 069c 9C060000 		.word	1692
 5752 06a0 A0060000 		.word	1696
 5753 06a4 A4060000 		.word	1700
 5754 06a8 A8060000 		.word	1704
 5755 06ac AC060000 		.word	1708
 5756 06b0 B0060000 		.word	1712
 5757 06b4 B4060000 		.word	1716
 5758 06b8 B8060000 		.word	1720
 5759 06bc BC060000 		.word	1724
 5760 06c0 C0060000 		.word	1728
 5761 06c4 C4060000 		.word	1732
 5762 06c8 C8060000 		.word	1736
 5763 06cc CC060000 		.word	1740
 5764 06d0 D0060000 		.word	1744
 5765 06d4 D4060000 		.word	1748
 5766 06d8 D8060000 		.word	1752
 5767 06dc DC060000 		.word	1756
 5768 06e0 E0060000 		.word	1760
 5769 06e4 E4060000 		.word	1764
 5770 06e8 E8060000 		.word	1768
 5771 06ec EC060000 		.word	1772
 5772 06f0 F0060000 		.word	1776
 5773 06f4 F4060000 		.word	1780
 5774 06f8 F8060000 		.word	1784
 5775 06fc FC060000 		.word	1788
 5776 0700 00070000 		.word	1792
 5777 0704 04070000 		.word	1796
 5778 0708 08070000 		.word	1800
 5779 070c 0C070000 		.word	1804
 5780 0710 10070000 		.word	1808
 5781 0714 14070000 		.word	1812
 5782 0718 18070000 		.word	1816
 5783 071c 1C070000 		.word	1820
 5784 0720 20070000 		.word	1824
 5785 0724 24070000 		.word	1828
 5786 0728 28070000 		.word	1832
 5787 072c 2C070000 		.word	1836
 5788 0730 30070000 		.word	1840
 5789 0734 34070000 		.word	1844
 5790 0738 38070000 		.word	1848
 5791 073c 3C070000 		.word	1852
 5792 0740 40070000 		.word	1856
 5793 0744 44070000 		.word	1860
 5794 0748 48070000 		.word	1864
 5795 074c 4C070000 		.word	1868
 5796 0750 50070000 		.word	1872
 5797 0754 54070000 		.word	1876
 5798 0758 58070000 		.word	1880
 5799 075c 5C070000 		.word	1884
 5800 0760 60070000 		.word	1888
 5801 0764 64070000 		.word	1892
 5802 0768 68070000 		.word	1896
 5803 076c 6C070000 		.word	1900
 5804 0770 70070000 		.word	1904
 5805 0774 74070000 		.word	1908
 5806 0778 78070000 		.word	1912
 5807 077c 7C070000 		.word	1916
ARM GAS  C:\Users\rosto\AppData\Local\Temp\cciuoPym.s 			page 139


 5808 0780 80070000 		.word	1920
 5809 0784 84070000 		.word	1924
 5810 0788 88070000 		.word	1928
 5811 078c 8C070000 		.word	1932
 5812 0790 90070000 		.word	1936
 5813 0794 94070000 		.word	1940
 5814 0798 98070000 		.word	1944
 5815 079c 9C070000 		.word	1948
 5816 07a0 A0070000 		.word	1952
 5817 07a4 A4070000 		.word	1956
 5818 07a8 A8070000 		.word	1960
 5819 07ac AC070000 		.word	1964
 5820 07b0 B0070000 		.word	1968
 5821 07b4 B4070000 		.word	1972
 5822 07b8 B8070000 		.word	1976
 5823 07bc BC070000 		.word	1980
 5824 07c0 C0070000 		.word	1984
 5825 07c4 C4070000 		.word	1988
 5826 07c8 C8070000 		.word	1992
 5827 07cc CC070000 		.word	1996
 5828 07d0 D0070000 		.word	2000
 5829 07d4 D4070000 		.word	2004
 5830 07d8 D8070000 		.word	2008
 5831 07dc DC070000 		.word	2012
 5832 07e0 E0070000 		.word	2016
 5833 07e4 E4070000 		.word	2020
 5834 07e8 E8070000 		.word	2024
 5835 07ec EC070000 		.word	2028
 5836 07f0 F0070000 		.word	2032
 5837 07f4 F4070000 		.word	2036
 5838 07f8 F8070000 		.word	2040
 5839 07fc FC070000 		.word	2044
 5840 0800 00080000 		.word	2048
 5841 0804 04080000 		.word	2052
 5842 0808 08080000 		.word	2056
 5843 080c 0C080000 		.word	2060
 5844 0810 10080000 		.word	2064
 5845 0814 14080000 		.word	2068
 5846 0818 18080000 		.word	2072
 5847 081c 1C080000 		.word	2076
 5848 0820 20080000 		.word	2080
 5849 0824 24080000 		.word	2084
 5850 0828 28080000 		.word	2088
 5851 082c 2C080000 		.word	2092
 5852 0830 30080000 		.word	2096
 5853 0834 34080000 		.word	2100
 5854 0838 38080000 		.word	2104
 5855 083c 3C080000 		.word	2108
 5856 0840 40080000 		.word	2112
 5857 0844 44080000 		.word	2116
 5858 0848 48080000 		.word	2120
 5859 084c 4C080000 		.word	2124
 5860 0850 50080000 		.word	2128
 5861 0854 54080000 		.word	2132
 5862 0858 58080000 		.word	2136
 5863 085c 5C080000 		.word	2140
 5864 0860 60080000 		.word	2144
ARM GAS  C:\Users\rosto\AppData\Local\Temp\cciuoPym.s 			page 140


 5865 0864 64080000 		.word	2148
 5866 0868 68080000 		.word	2152
 5867 086c 6C080000 		.word	2156
 5868 0870 70080000 		.word	2160
 5869 0874 74080000 		.word	2164
 5870 0878 78080000 		.word	2168
 5871 087c 7C080000 		.word	2172
 5872 0880 80080000 		.word	2176
 5873 0884 84080000 		.word	2180
 5874 0888 88080000 		.word	2184
 5875 088c 8C080000 		.word	2188
 5876 0890 90080000 		.word	2192
 5877 0894 94080000 		.word	2196
 5878 0898 98080000 		.word	2200
 5879 089c 9C080000 		.word	2204
 5880 08a0 A0080000 		.word	2208
 5881 08a4 A4080000 		.word	2212
 5882 08a8 A8080000 		.word	2216
 5883 08ac AC080000 		.word	2220
 5884 08b0 B0080000 		.word	2224
 5885 08b4 B4080000 		.word	2228
 5886 08b8 B8080000 		.word	2232
 5887 08bc BC080000 		.word	2236
 5888 08c0 C0080000 		.word	2240
 5889 08c4 C4080000 		.word	2244
 5890 08c8 C8080000 		.word	2248
 5891 08cc CC080000 		.word	2252
 5892 08d0 D0080000 		.word	2256
 5893 08d4 D4080000 		.word	2260
 5894 08d8 D8080000 		.word	2264
 5895 08dc DC080000 		.word	2268
 5896 08e0 E0080000 		.word	2272
 5897 08e4 E4080000 		.word	2276
 5898 08e8 E8080000 		.word	2280
 5899 08ec EC080000 		.word	2284
 5900 08f0 F0080000 		.word	2288
 5901 08f4 F4080000 		.word	2292
 5902 08f8 F8080000 		.word	2296
 5903 08fc FC080000 		.word	2300
 5904 0900 00090000 		.word	2304
 5905 0904 04090000 		.word	2308
 5906 0908 08090000 		.word	2312
 5907 090c 0C090000 		.word	2316
 5908 0910 10090000 		.word	2320
 5909 0914 14090000 		.word	2324
 5910 0918 18090000 		.word	2328
 5911 091c 1C090000 		.word	2332
 5912 0920 20090000 		.word	2336
 5913 0924 24090000 		.word	2340
 5914 0928 28090000 		.word	2344
 5915 092c 2C090000 		.word	2348
 5916 0930 30090000 		.word	2352
 5917 0934 34090000 		.word	2356
 5918 0938 38090000 		.word	2360
 5919 093c 3C090000 		.word	2364
 5920 0940 40090000 		.word	2368
 5921 0944 44090000 		.word	2372
ARM GAS  C:\Users\rosto\AppData\Local\Temp\cciuoPym.s 			page 141


 5922 0948 48090000 		.word	2376
 5923 094c 4C090000 		.word	2380
 5924 0950 50090000 		.word	2384
 5925 0954 54090000 		.word	2388
 5926 0958 58090000 		.word	2392
 5927 095c 5C090000 		.word	2396
 5928 0960 60090000 		.word	2400
 5929 0964 64090000 		.word	2404
 5930 0968 68090000 		.word	2408
 5931 096c 6C090000 		.word	2412
 5932 0970 70090000 		.word	2416
 5933 0974 74090000 		.word	2420
 5934 0978 78090000 		.word	2424
 5935 097c 7C090000 		.word	2428
 5936 0980 80090000 		.word	2432
 5937 0984 84090000 		.word	2436
 5938 0988 88090000 		.word	2440
 5939 098c 8C090000 		.word	2444
 5940 0990 90090000 		.word	2448
 5941 0994 94090000 		.word	2452
 5942 0998 98090000 		.word	2456
 5943 099c 9C090000 		.word	2460
 5944 09a0 A0090000 		.word	2464
 5945 09a4 A4090000 		.word	2468
 5946 09a8 A8090000 		.word	2472
 5947 09ac AC090000 		.word	2476
 5948 09b0 B0090000 		.word	2480
 5949 09b4 B4090000 		.word	2484
 5950 09b8 B8090000 		.word	2488
 5951 09bc BC090000 		.word	2492
 5952 09c0 C0090000 		.word	2496
 5953 09c4 C4090000 		.word	2500
 5954 09c8 C8090000 		.word	2504
 5955 09cc CC090000 		.word	2508
 5956 09d0 D0090000 		.word	2512
 5957 09d4 D4090000 		.word	2516
 5958 09d8 D8090000 		.word	2520
 5959 09dc DC090000 		.word	2524
 5960 09e0 E0090000 		.word	2528
 5961 09e4 E4090000 		.word	2532
 5962 09e8 E8090000 		.word	2536
 5963 09ec EC090000 		.word	2540
 5964 09f0 F0090000 		.word	2544
 5965 09f4 F4090000 		.word	2548
 5966 09f8 F8090000 		.word	2552
 5967 09fc FC090000 		.word	2556
 5968 0a00 000A0000 		.word	2560
 5969 0a04 040A0000 		.word	2564
 5970 0a08 080A0000 		.word	2568
 5971 0a0c 0C0A0000 		.word	2572
 5972 0a10 100A0000 		.word	2576
 5973 0a14 140A0000 		.word	2580
 5974 0a18 180A0000 		.word	2584
 5975 0a1c 1C0A0000 		.word	2588
 5976 0a20 200A0000 		.word	2592
 5977 0a24 240A0000 		.word	2596
 5978 0a28 280A0000 		.word	2600
ARM GAS  C:\Users\rosto\AppData\Local\Temp\cciuoPym.s 			page 142


 5979 0a2c 2C0A0000 		.word	2604
 5980 0a30 300A0000 		.word	2608
 5981 0a34 340A0000 		.word	2612
 5982 0a38 380A0000 		.word	2616
 5983 0a3c 3C0A0000 		.word	2620
 5984 0a40 400A0000 		.word	2624
 5985 0a44 440A0000 		.word	2628
 5986 0a48 480A0000 		.word	2632
 5987 0a4c 4C0A0000 		.word	2636
 5988 0a50 500A0000 		.word	2640
 5989 0a54 540A0000 		.word	2644
 5990 0a58 580A0000 		.word	2648
 5991 0a5c 5C0A0000 		.word	2652
 5992 0a60 600A0000 		.word	2656
 5993 0a64 640A0000 		.word	2660
 5994 0a68 680A0000 		.word	2664
 5995 0a6c 6C0A0000 		.word	2668
 5996 0a70 700A0000 		.word	2672
 5997 0a74 740A0000 		.word	2676
 5998 0a78 780A0000 		.word	2680
 5999 0a7c 7C0A0000 		.word	2684
 6000 0a80 800A0000 		.word	2688
 6001 0a84 840A0000 		.word	2692
 6002 0a88 880A0000 		.word	2696
 6003 0a8c 8C0A0000 		.word	2700
 6004 0a90 900A0000 		.word	2704
 6005 0a94 940A0000 		.word	2708
 6006 0a98 980A0000 		.word	2712
 6007 0a9c 9C0A0000 		.word	2716
 6008 0aa0 A00A0000 		.word	2720
 6009 0aa4 A40A0000 		.word	2724
 6010 0aa8 A80A0000 		.word	2728
 6011 0aac AC0A0000 		.word	2732
 6012 0ab0 B00A0000 		.word	2736
 6013 0ab4 B40A0000 		.word	2740
 6014 0ab8 B80A0000 		.word	2744
 6015 0abc BC0A0000 		.word	2748
 6016 0ac0 C00A0000 		.word	2752
 6017 0ac4 C40A0000 		.word	2756
 6018 0ac8 C80A0000 		.word	2760
 6019 0acc CC0A0000 		.word	2764
 6020 0ad0 D00A0000 		.word	2768
 6021 0ad4 D40A0000 		.word	2772
 6022 0ad8 D80A0000 		.word	2776
 6023 0adc DC0A0000 		.word	2780
 6024 0ae0 E00A0000 		.word	2784
 6025 0ae4 E40A0000 		.word	2788
 6026 0ae8 E80A0000 		.word	2792
 6027 0aec EC0A0000 		.word	2796
 6028 0af0 F00A0000 		.word	2800
 6029 0af4 F40A0000 		.word	2804
 6030 0af8 F80A0000 		.word	2808
 6031 0afc FC0A0000 		.word	2812
 6032 0b00 000B0000 		.word	2816
 6033 0b04 040B0000 		.word	2820
 6034 0b08 080B0000 		.word	2824
 6035 0b0c 0C0B0000 		.word	2828
ARM GAS  C:\Users\rosto\AppData\Local\Temp\cciuoPym.s 			page 143


 6036 0b10 100B0000 		.word	2832
 6037 0b14 140B0000 		.word	2836
 6038 0b18 180B0000 		.word	2840
 6039 0b1c 1C0B0000 		.word	2844
 6040 0b20 200B0000 		.word	2848
 6041 0b24 240B0000 		.word	2852
 6042 0b28 280B0000 		.word	2856
 6043 0b2c 2C0B0000 		.word	2860
 6044 0b30 300B0000 		.word	2864
 6045 0b34 340B0000 		.word	2868
 6046 0b38 380B0000 		.word	2872
 6047 0b3c 3C0B0000 		.word	2876
 6048 0b40 400B0000 		.word	2880
 6049 0b44 440B0000 		.word	2884
 6050 0b48 480B0000 		.word	2888
 6051 0b4c 4C0B0000 		.word	2892
 6052 0b50 500B0000 		.word	2896
 6053 0b54 540B0000 		.word	2900
 6054 0b58 580B0000 		.word	2904
 6055 0b5c 5C0B0000 		.word	2908
 6056 0b60 600B0000 		.word	2912
 6057 0b64 640B0000 		.word	2916
 6058 0b68 680B0000 		.word	2920
 6059 0b6c 6C0B0000 		.word	2924
 6060 0b70 700B0000 		.word	2928
 6061 0b74 740B0000 		.word	2932
 6062 0b78 780B0000 		.word	2936
 6063 0b7c 7C0B0000 		.word	2940
 6064 0b80 800B0000 		.word	2944
 6065 0b84 840B0000 		.word	2948
 6066 0b88 880B0000 		.word	2952
 6067 0b8c 8C0B0000 		.word	2956
 6068 0b90 900B0000 		.word	2960
 6069 0b94 940B0000 		.word	2964
 6070 0b98 980B0000 		.word	2968
 6071 0b9c 9C0B0000 		.word	2972
 6072 0ba0 A00B0000 		.word	2976
 6073 0ba4 A40B0000 		.word	2980
 6074 0ba8 A80B0000 		.word	2984
 6075 0bac AC0B0000 		.word	2988
 6076 0bb0 B00B0000 		.word	2992
 6077 0bb4 B40B0000 		.word	2996
 6078 0bb8 B80B0000 		.word	3000
 6079 0bbc BC0B0000 		.word	3004
 6080 0bc0 C00B0000 		.word	3008
 6081 0bc4 C40B0000 		.word	3012
 6082 0bc8 C80B0000 		.word	3016
 6083 0bcc CC0B0000 		.word	3020
 6084 0bd0 D00B0000 		.word	3024
 6085 0bd4 D40B0000 		.word	3028
 6086 0bd8 D80B0000 		.word	3032
 6087 0bdc DC0B0000 		.word	3036
 6088 0be0 E00B0000 		.word	3040
 6089 0be4 E40B0000 		.word	3044
 6090 0be8 E80B0000 		.word	3048
 6091 0bec EC0B0000 		.word	3052
 6092 0bf0 F00B0000 		.word	3056
ARM GAS  C:\Users\rosto\AppData\Local\Temp\cciuoPym.s 			page 144


 6093 0bf4 F40B0000 		.word	3060
 6094 0bf8 F80B0000 		.word	3064
 6095 0bfc FC0B0000 		.word	3068
 6096 0c00 000C0000 		.word	3072
 6097 0c04 040C0000 		.word	3076
 6098 0c08 080C0000 		.word	3080
 6099 0c0c 0C0C0000 		.word	3084
 6100 0c10 100C0000 		.word	3088
 6101 0c14 140C0000 		.word	3092
 6102 0c18 180C0000 		.word	3096
 6103 0c1c 1C0C0000 		.word	3100
 6104 0c20 200C0000 		.word	3104
 6105 0c24 240C0000 		.word	3108
 6106 0c28 280C0000 		.word	3112
 6107 0c2c 2C0C0000 		.word	3116
 6108 0c30 300C0000 		.word	3120
 6109 0c34 340C0000 		.word	3124
 6110 0c38 380C0000 		.word	3128
 6111 0c3c 3C0C0000 		.word	3132
 6112 0c40 400C0000 		.word	3136
 6113 0c44 440C0000 		.word	3140
 6114 0c48 480C0000 		.word	3144
 6115 0c4c 4C0C0000 		.word	3148
 6116 0c50 500C0000 		.word	3152
 6117 0c54 540C0000 		.word	3156
 6118 0c58 580C0000 		.word	3160
 6119 0c5c 5C0C0000 		.word	3164
 6120 0c60 600C0000 		.word	3168
 6121 0c64 640C0000 		.word	3172
 6122 0c68 680C0000 		.word	3176
 6123 0c6c 6C0C0000 		.word	3180
 6124 0c70 700C0000 		.word	3184
 6125 0c74 740C0000 		.word	3188
 6126 0c78 780C0000 		.word	3192
 6127 0c7c 7C0C0000 		.word	3196
 6128 0c80 800C0000 		.word	3200
 6129 0c84 840C0000 		.word	3204
 6130 0c88 880C0000 		.word	3208
 6131 0c8c 8C0C0000 		.word	3212
 6132 0c90 900C0000 		.word	3216
 6133 0c94 940C0000 		.word	3220
 6134 0c98 980C0000 		.word	3224
 6135 0c9c 9C0C0000 		.word	3228
 6136 0ca0 A00C0000 		.word	3232
 6137 0ca4 A40C0000 		.word	3236
 6138 0ca8 A80C0000 		.word	3240
 6139 0cac AC0C0000 		.word	3244
 6140 0cb0 B00C0000 		.word	3248
 6141 0cb4 B40C0000 		.word	3252
 6142 0cb8 B80C0000 		.word	3256
 6143 0cbc BC0C0000 		.word	3260
 6144 0cc0 C00C0000 		.word	3264
 6145 0cc4 C40C0000 		.word	3268
 6146 0cc8 C80C0000 		.word	3272
 6147 0ccc CC0C0000 		.word	3276
 6148 0cd0 D00C0000 		.word	3280
 6149 0cd4 D40C0000 		.word	3284
ARM GAS  C:\Users\rosto\AppData\Local\Temp\cciuoPym.s 			page 145


 6150 0cd8 D80C0000 		.word	3288
 6151 0cdc DC0C0000 		.word	3292
 6152 0ce0 E00C0000 		.word	3296
 6153 0ce4 E40C0000 		.word	3300
 6154 0ce8 E80C0000 		.word	3304
 6155 0cec EC0C0000 		.word	3308
 6156 0cf0 F00C0000 		.word	3312
 6157 0cf4 F40C0000 		.word	3316
 6158 0cf8 F80C0000 		.word	3320
 6159 0cfc FC0C0000 		.word	3324
 6160 0d00 000D0000 		.word	3328
 6161 0d04 040D0000 		.word	3332
 6162 0d08 080D0000 		.word	3336
 6163 0d0c 0C0D0000 		.word	3340
 6164 0d10 100D0000 		.word	3344
 6165 0d14 140D0000 		.word	3348
 6166 0d18 180D0000 		.word	3352
 6167 0d1c 1C0D0000 		.word	3356
 6168 0d20 200D0000 		.word	3360
 6169 0d24 240D0000 		.word	3364
 6170 0d28 280D0000 		.word	3368
 6171 0d2c 2C0D0000 		.word	3372
 6172 0d30 300D0000 		.word	3376
 6173 0d34 340D0000 		.word	3380
 6174 0d38 380D0000 		.word	3384
 6175 0d3c 3C0D0000 		.word	3388
 6176 0d40 400D0000 		.word	3392
 6177 0d44 440D0000 		.word	3396
 6178 0d48 480D0000 		.word	3400
 6179 0d4c 4C0D0000 		.word	3404
 6180 0d50 500D0000 		.word	3408
 6181 0d54 540D0000 		.word	3412
 6182 0d58 580D0000 		.word	3416
 6183 0d5c 5C0D0000 		.word	3420
 6184 0d60 600D0000 		.word	3424
 6185 0d64 640D0000 		.word	3428
 6186 0d68 680D0000 		.word	3432
 6187 0d6c 6C0D0000 		.word	3436
 6188 0d70 700D0000 		.word	3440
 6189 0d74 740D0000 		.word	3444
 6190 0d78 780D0000 		.word	3448
 6191 0d7c 7C0D0000 		.word	3452
 6192 0d80 800D0000 		.word	3456
 6193 0d84 840D0000 		.word	3460
 6194 0d88 880D0000 		.word	3464
 6195 0d8c 8C0D0000 		.word	3468
 6196 0d90 900D0000 		.word	3472
 6197 0d94 940D0000 		.word	3476
 6198 0d98 980D0000 		.word	3480
 6199 0d9c 9C0D0000 		.word	3484
 6200 0da0 A00D0000 		.word	3488
 6201 0da4 A40D0000 		.word	3492
 6202 0da8 A80D0000 		.word	3496
 6203 0dac AC0D0000 		.word	3500
 6204 0db0 B00D0000 		.word	3504
 6205 0db4 B40D0000 		.word	3508
 6206 0db8 B80D0000 		.word	3512
ARM GAS  C:\Users\rosto\AppData\Local\Temp\cciuoPym.s 			page 146


 6207 0dbc BC0D0000 		.word	3516
 6208 0dc0 C00D0000 		.word	3520
 6209 0dc4 C40D0000 		.word	3524
 6210 0dc8 C80D0000 		.word	3528
 6211 0dcc CC0D0000 		.word	3532
 6212 0dd0 D00D0000 		.word	3536
 6213 0dd4 D40D0000 		.word	3540
 6214 0dd8 D80D0000 		.word	3544
 6215 0ddc DC0D0000 		.word	3548
 6216 0de0 E00D0000 		.word	3552
 6217 0de4 E40D0000 		.word	3556
 6218 0de8 E80D0000 		.word	3560
 6219 0dec EC0D0000 		.word	3564
 6220 0df0 F00D0000 		.word	3568
 6221 0df4 F40D0000 		.word	3572
 6222 0df8 F80D0000 		.word	3576
 6223 0dfc FC0D0000 		.word	3580
 6224 0e00 000E0000 		.word	3584
 6225 0e04 040E0000 		.word	3588
 6226 0e08 080E0000 		.word	3592
 6227 0e0c 0C0E0000 		.word	3596
 6228 0e10 100E0000 		.word	3600
 6229 0e14 140E0000 		.word	3604
 6230 0e18 180E0000 		.word	3608
 6231 0e1c 1C0E0000 		.word	3612
 6232 0e20 200E0000 		.word	3616
 6233 0e24 240E0000 		.word	3620
 6234 0e28 280E0000 		.word	3624
 6235 0e2c 2C0E0000 		.word	3628
 6236 0e30 300E0000 		.word	3632
 6237 0e34 340E0000 		.word	3636
 6238 0e38 380E0000 		.word	3640
 6239 0e3c 3C0E0000 		.word	3644
 6240 0e40 400E0000 		.word	3648
 6241 0e44 440E0000 		.word	3652
 6242 0e48 480E0000 		.word	3656
 6243 0e4c 4C0E0000 		.word	3660
 6244 0e50 500E0000 		.word	3664
 6245 0e54 540E0000 		.word	3668
 6246 0e58 580E0000 		.word	3672
 6247 0e5c 5C0E0000 		.word	3676
 6248 0e60 600E0000 		.word	3680
 6249 0e64 640E0000 		.word	3684
 6250 0e68 680E0000 		.word	3688
 6251 0e6c 6C0E0000 		.word	3692
 6252 0e70 700E0000 		.word	3696
 6253 0e74 740E0000 		.word	3700
 6254 0e78 780E0000 		.word	3704
 6255 0e7c 7C0E0000 		.word	3708
 6256 0e80 800E0000 		.word	3712
 6257 0e84 840E0000 		.word	3716
 6258 0e88 880E0000 		.word	3720
 6259 0e8c 8C0E0000 		.word	3724
 6260 0e90 900E0000 		.word	3728
 6261 0e94 940E0000 		.word	3732
 6262 0e98 980E0000 		.word	3736
 6263 0e9c 9C0E0000 		.word	3740
ARM GAS  C:\Users\rosto\AppData\Local\Temp\cciuoPym.s 			page 147


 6264 0ea0 A00E0000 		.word	3744
 6265 0ea4 A40E0000 		.word	3748
 6266 0ea8 A80E0000 		.word	3752
 6267 0eac AC0E0000 		.word	3756
 6268 0eb0 B00E0000 		.word	3760
 6269 0eb4 B40E0000 		.word	3764
 6270 0eb8 B80E0000 		.word	3768
 6271 0ebc BC0E0000 		.word	3772
 6272 0ec0 C00E0000 		.word	3776
 6273 0ec4 C40E0000 		.word	3780
 6274 0ec8 C80E0000 		.word	3784
 6275 0ecc CC0E0000 		.word	3788
 6276 0ed0 D00E0000 		.word	3792
 6277 0ed4 D40E0000 		.word	3796
 6278 0ed8 D80E0000 		.word	3800
 6279 0edc DC0E0000 		.word	3804
 6280 0ee0 E00E0000 		.word	3808
 6281 0ee4 E40E0000 		.word	3812
 6282 0ee8 E80E0000 		.word	3816
 6283 0eec EC0E0000 		.word	3820
 6284 0ef0 F00E0000 		.word	3824
 6285 0ef4 F40E0000 		.word	3828
 6286 0ef8 F80E0000 		.word	3832
 6287 0efc FC0E0000 		.word	3836
 6288 0f00 000F0000 		.word	3840
 6289 0f04 040F0000 		.word	3844
 6290 0f08 080F0000 		.word	3848
 6291 0f0c 0C0F0000 		.word	3852
 6292 0f10 100F0000 		.word	3856
 6293 0f14 140F0000 		.word	3860
 6294 0f18 180F0000 		.word	3864
 6295 0f1c 1C0F0000 		.word	3868
 6296 0f20 200F0000 		.word	3872
 6297 0f24 240F0000 		.word	3876
 6298 0f28 280F0000 		.word	3880
 6299 0f2c 2C0F0000 		.word	3884
 6300 0f30 300F0000 		.word	3888
 6301 0f34 340F0000 		.word	3892
 6302 0f38 380F0000 		.word	3896
 6303 0f3c 3C0F0000 		.word	3900
 6304 0f40 400F0000 		.word	3904
 6305 0f44 440F0000 		.word	3908
 6306 0f48 480F0000 		.word	3912
 6307 0f4c 4C0F0000 		.word	3916
 6308 0f50 500F0000 		.word	3920
 6309 0f54 540F0000 		.word	3924
 6310 0f58 580F0000 		.word	3928
 6311 0f5c 5C0F0000 		.word	3932
 6312 0f60 600F0000 		.word	3936
 6313 0f64 640F0000 		.word	3940
 6314 0f68 680F0000 		.word	3944
 6315 0f6c 6C0F0000 		.word	3948
 6316 0f70 700F0000 		.word	3952
 6317 0f74 740F0000 		.word	3956
 6318 0f78 780F0000 		.word	3960
 6319 0f7c 7C0F0000 		.word	3964
 6320 0f80 800F0000 		.word	3968
ARM GAS  C:\Users\rosto\AppData\Local\Temp\cciuoPym.s 			page 148


 6321 0f84 840F0000 		.word	3972
 6322 0f88 880F0000 		.word	3976
 6323 0f8c 8C0F0000 		.word	3980
 6324 0f90 900F0000 		.word	3984
 6325 0f94 940F0000 		.word	3988
 6326 0f98 980F0000 		.word	3992
 6327 0f9c 9C0F0000 		.word	3996
 6328 0fa0 A00F0000 		.word	4000
 6329 0fa4 A40F0000 		.word	4004
 6330 0fa8 A80F0000 		.word	4008
 6331 0fac AC0F0000 		.word	4012
 6332 0fb0 B00F0000 		.word	4016
 6333 0fb4 B40F0000 		.word	4020
 6334 0fb8 B80F0000 		.word	4024
 6335 0fbc BC0F0000 		.word	4028
 6336 0fc0 C00F0000 		.word	4032
 6337 0fc4 C40F0000 		.word	4036
 6338 0fc8 C80F0000 		.word	4040
 6339 0fcc CC0F0000 		.word	4044
 6340 0fd0 D00F0000 		.word	4048
 6341 0fd4 D40F0000 		.word	4052
 6342 0fd8 D80F0000 		.word	4056
 6343 0fdc DC0F0000 		.word	4060
 6344 0fe0 E00F0000 		.word	4064
 6345 0fe4 E40F0000 		.word	4068
 6346 0fe8 E80F0000 		.word	4072
 6347 0fec EC0F0000 		.word	4076
 6348 0ff0 F00F0000 		.word	4080
 6349 0ff4 F40F0000 		.word	4084
 6350 0ff8 F80F0000 		.word	4088
 6351 0ffc FC0F0000 		.word	4092
 6352              		.global	Sin_LUT
 6353              		.section	.data.Sin_LUT,"aw"
 6354              		.align	2
 6357              	Sin_LUT:
 6358 0000 00080000 		.word	2048
 6359 0004 0D080000 		.word	2061
 6360 0008 19080000 		.word	2073
 6361 000c 26080000 		.word	2086
 6362 0010 32080000 		.word	2098
 6363 0014 3F080000 		.word	2111
 6364 0018 4B080000 		.word	2123
 6365 001c 58080000 		.word	2136
 6366 0020 64080000 		.word	2148
 6367 0024 71080000 		.word	2161
 6368 0028 7E080000 		.word	2174
 6369 002c 8A080000 		.word	2186
 6370 0030 97080000 		.word	2199
 6371 0034 A3080000 		.word	2211
 6372 0038 B0080000 		.word	2224
 6373 003c BC080000 		.word	2236
 6374 0040 C9080000 		.word	2249
 6375 0044 D5080000 		.word	2261
 6376 0048 E2080000 		.word	2274
 6377 004c EE080000 		.word	2286
 6378 0050 FB080000 		.word	2299
 6379 0054 07090000 		.word	2311
ARM GAS  C:\Users\rosto\AppData\Local\Temp\cciuoPym.s 			page 149


 6380 0058 13090000 		.word	2323
 6381 005c 20090000 		.word	2336
 6382 0060 2C090000 		.word	2348
 6383 0064 39090000 		.word	2361
 6384 0068 45090000 		.word	2373
 6385 006c 52090000 		.word	2386
 6386 0070 5E090000 		.word	2398
 6387 0074 6A090000 		.word	2410
 6388 0078 77090000 		.word	2423
 6389 007c 83090000 		.word	2435
 6390 0080 8F090000 		.word	2447
 6391 0084 9C090000 		.word	2460
 6392 0088 A8090000 		.word	2472
 6393 008c B4090000 		.word	2484
 6394 0090 C1090000 		.word	2497
 6395 0094 CD090000 		.word	2509
 6396 0098 D9090000 		.word	2521
 6397 009c E5090000 		.word	2533
 6398 00a0 F1090000 		.word	2545
 6399 00a4 FE090000 		.word	2558
 6400 00a8 0A0A0000 		.word	2570
 6401 00ac 160A0000 		.word	2582
 6402 00b0 220A0000 		.word	2594
 6403 00b4 2E0A0000 		.word	2606
 6404 00b8 3A0A0000 		.word	2618
 6405 00bc 460A0000 		.word	2630
 6406 00c0 520A0000 		.word	2642
 6407 00c4 5E0A0000 		.word	2654
 6408 00c8 6A0A0000 		.word	2666
 6409 00cc 760A0000 		.word	2678
 6410 00d0 820A0000 		.word	2690
 6411 00d4 8E0A0000 		.word	2702
 6412 00d8 9A0A0000 		.word	2714
 6413 00dc A60A0000 		.word	2726
 6414 00e0 B20A0000 		.word	2738
 6415 00e4 BD0A0000 		.word	2749
 6416 00e8 C90A0000 		.word	2761
 6417 00ec D50A0000 		.word	2773
 6418 00f0 E10A0000 		.word	2785
 6419 00f4 EC0A0000 		.word	2796
 6420 00f8 F80A0000 		.word	2808
 6421 00fc 040B0000 		.word	2820
 6422 0100 0F0B0000 		.word	2831
 6423 0104 1B0B0000 		.word	2843
 6424 0108 270B0000 		.word	2855
 6425 010c 320B0000 		.word	2866
 6426 0110 3E0B0000 		.word	2878
 6427 0114 490B0000 		.word	2889
 6428 0118 540B0000 		.word	2900
 6429 011c 600B0000 		.word	2912
 6430 0120 6B0B0000 		.word	2923
 6431 0124 770B0000 		.word	2935
 6432 0128 820B0000 		.word	2946
 6433 012c 8D0B0000 		.word	2957
 6434 0130 980B0000 		.word	2968
 6435 0134 A40B0000 		.word	2980
 6436 0138 AF0B0000 		.word	2991
ARM GAS  C:\Users\rosto\AppData\Local\Temp\cciuoPym.s 			page 150


 6437 013c BA0B0000 		.word	3002
 6438 0140 C50B0000 		.word	3013
 6439 0144 D00B0000 		.word	3024
 6440 0148 DB0B0000 		.word	3035
 6441 014c E60B0000 		.word	3046
 6442 0150 F10B0000 		.word	3057
 6443 0154 FC0B0000 		.word	3068
 6444 0158 070C0000 		.word	3079
 6445 015c 120C0000 		.word	3090
 6446 0160 1C0C0000 		.word	3100
 6447 0164 270C0000 		.word	3111
 6448 0168 320C0000 		.word	3122
 6449 016c 3D0C0000 		.word	3133
 6450 0170 470C0000 		.word	3143
 6451 0174 520C0000 		.word	3154
 6452 0178 5C0C0000 		.word	3164
 6453 017c 670C0000 		.word	3175
 6454 0180 710C0000 		.word	3185
 6455 0184 7C0C0000 		.word	3196
 6456 0188 860C0000 		.word	3206
 6457 018c 900C0000 		.word	3216
 6458 0190 9B0C0000 		.word	3227
 6459 0194 A50C0000 		.word	3237
 6460 0198 AF0C0000 		.word	3247
 6461 019c B90C0000 		.word	3257
 6462 01a0 C30C0000 		.word	3267
 6463 01a4 CD0C0000 		.word	3277
 6464 01a8 D70C0000 		.word	3287
 6465 01ac E10C0000 		.word	3297
 6466 01b0 EB0C0000 		.word	3307
 6467 01b4 F50C0000 		.word	3317
 6468 01b8 FF0C0000 		.word	3327
 6469 01bc 090D0000 		.word	3337
 6470 01c0 130D0000 		.word	3347
 6471 01c4 1C0D0000 		.word	3356
 6472 01c8 260D0000 		.word	3366
 6473 01cc 300D0000 		.word	3376
 6474 01d0 390D0000 		.word	3385
 6475 01d4 430D0000 		.word	3395
 6476 01d8 4C0D0000 		.word	3404
 6477 01dc 550D0000 		.word	3413
 6478 01e0 5F0D0000 		.word	3423
 6479 01e4 680D0000 		.word	3432
 6480 01e8 710D0000 		.word	3441
 6481 01ec 7A0D0000 		.word	3450
 6482 01f0 830D0000 		.word	3459
 6483 01f4 8D0D0000 		.word	3469
 6484 01f8 960D0000 		.word	3478
 6485 01fc 9F0D0000 		.word	3487
 6486 0200 A70D0000 		.word	3495
 6487 0204 B00D0000 		.word	3504
 6488 0208 B90D0000 		.word	3513
 6489 020c C20D0000 		.word	3522
 6490 0210 CB0D0000 		.word	3531
 6491 0214 D30D0000 		.word	3539
 6492 0218 DC0D0000 		.word	3548
 6493 021c E40D0000 		.word	3556
ARM GAS  C:\Users\rosto\AppData\Local\Temp\cciuoPym.s 			page 151


 6494 0220 ED0D0000 		.word	3565
 6495 0224 F50D0000 		.word	3573
 6496 0228 FD0D0000 		.word	3581
 6497 022c 060E0000 		.word	3590
 6498 0230 0E0E0000 		.word	3598
 6499 0234 160E0000 		.word	3606
 6500 0238 1E0E0000 		.word	3614
 6501 023c 260E0000 		.word	3622
 6502 0240 2E0E0000 		.word	3630
 6503 0244 360E0000 		.word	3638
 6504 0248 3E0E0000 		.word	3646
 6505 024c 460E0000 		.word	3654
 6506 0250 4E0E0000 		.word	3662
 6507 0254 550E0000 		.word	3669
 6508 0258 5D0E0000 		.word	3677
 6509 025c 650E0000 		.word	3685
 6510 0260 6C0E0000 		.word	3692
 6511 0264 740E0000 		.word	3700
 6512 0268 7B0E0000 		.word	3707
 6513 026c 820E0000 		.word	3714
 6514 0270 8A0E0000 		.word	3722
 6515 0274 910E0000 		.word	3729
 6516 0278 980E0000 		.word	3736
 6517 027c 9F0E0000 		.word	3743
 6518 0280 A60E0000 		.word	3750
 6519 0284 AD0E0000 		.word	3757
 6520 0288 B40E0000 		.word	3764
 6521 028c BB0E0000 		.word	3771
 6522 0290 C10E0000 		.word	3777
 6523 0294 C80E0000 		.word	3784
 6524 0298 CF0E0000 		.word	3791
 6525 029c D50E0000 		.word	3797
 6526 02a0 DC0E0000 		.word	3804
 6527 02a4 E20E0000 		.word	3810
 6528 02a8 E90E0000 		.word	3817
 6529 02ac EF0E0000 		.word	3823
 6530 02b0 F50E0000 		.word	3829
 6531 02b4 FB0E0000 		.word	3835
 6532 02b8 010F0000 		.word	3841
 6533 02bc 070F0000 		.word	3847
 6534 02c0 0D0F0000 		.word	3853
 6535 02c4 130F0000 		.word	3859
 6536 02c8 190F0000 		.word	3865
 6537 02cc 1F0F0000 		.word	3871
 6538 02d0 240F0000 		.word	3876
 6539 02d4 2A0F0000 		.word	3882
 6540 02d8 300F0000 		.word	3888
 6541 02dc 350F0000 		.word	3893
 6542 02e0 3A0F0000 		.word	3898
 6543 02e4 400F0000 		.word	3904
 6544 02e8 450F0000 		.word	3909
 6545 02ec 4A0F0000 		.word	3914
 6546 02f0 4F0F0000 		.word	3919
 6547 02f4 540F0000 		.word	3924
 6548 02f8 590F0000 		.word	3929
 6549 02fc 5E0F0000 		.word	3934
 6550 0300 630F0000 		.word	3939
ARM GAS  C:\Users\rosto\AppData\Local\Temp\cciuoPym.s 			page 152


 6551 0304 680F0000 		.word	3944
 6552 0308 6D0F0000 		.word	3949
 6553 030c 710F0000 		.word	3953
 6554 0310 760F0000 		.word	3958
 6555 0314 7A0F0000 		.word	3962
 6556 0318 7F0F0000 		.word	3967
 6557 031c 830F0000 		.word	3971
 6558 0320 870F0000 		.word	3975
 6559 0324 8C0F0000 		.word	3980
 6560 0328 900F0000 		.word	3984
 6561 032c 940F0000 		.word	3988
 6562 0330 980F0000 		.word	3992
 6563 0334 9C0F0000 		.word	3996
 6564 0338 9F0F0000 		.word	3999
 6565 033c A30F0000 		.word	4003
 6566 0340 A70F0000 		.word	4007
 6567 0344 AA0F0000 		.word	4010
 6568 0348 AE0F0000 		.word	4014
 6569 034c B10F0000 		.word	4017
 6570 0350 B50F0000 		.word	4021
 6571 0354 B80F0000 		.word	4024
 6572 0358 BB0F0000 		.word	4027
 6573 035c BF0F0000 		.word	4031
 6574 0360 C20F0000 		.word	4034
 6575 0364 C50F0000 		.word	4037
 6576 0368 C80F0000 		.word	4040
 6577 036c CA0F0000 		.word	4042
 6578 0370 CD0F0000 		.word	4045
 6579 0374 D00F0000 		.word	4048
 6580 0378 D30F0000 		.word	4051
 6581 037c D50F0000 		.word	4053
 6582 0380 D80F0000 		.word	4056
 6583 0384 DA0F0000 		.word	4058
 6584 0388 DC0F0000 		.word	4060
 6585 038c DF0F0000 		.word	4063
 6586 0390 E10F0000 		.word	4065
 6587 0394 E30F0000 		.word	4067
 6588 0398 E50F0000 		.word	4069
 6589 039c E70F0000 		.word	4071
 6590 03a0 E90F0000 		.word	4073
 6591 03a4 EB0F0000 		.word	4075
 6592 03a8 EC0F0000 		.word	4076
 6593 03ac EE0F0000 		.word	4078
 6594 03b0 F00F0000 		.word	4080
 6595 03b4 F10F0000 		.word	4081
 6596 03b8 F30F0000 		.word	4083
 6597 03bc F40F0000 		.word	4084
 6598 03c0 F50F0000 		.word	4085
 6599 03c4 F60F0000 		.word	4086
 6600 03c8 F70F0000 		.word	4087
 6601 03cc F80F0000 		.word	4088
 6602 03d0 F90F0000 		.word	4089
 6603 03d4 FA0F0000 		.word	4090
 6604 03d8 FB0F0000 		.word	4091
 6605 03dc FC0F0000 		.word	4092
 6606 03e0 FD0F0000 		.word	4093
 6607 03e4 FD0F0000 		.word	4093
ARM GAS  C:\Users\rosto\AppData\Local\Temp\cciuoPym.s 			page 153


 6608 03e8 FE0F0000 		.word	4094
 6609 03ec FE0F0000 		.word	4094
 6610 03f0 FE0F0000 		.word	4094
 6611 03f4 FF0F0000 		.word	4095
 6612 03f8 FF0F0000 		.word	4095
 6613 03fc FF0F0000 		.word	4095
 6614 0400 FF0F0000 		.word	4095
 6615 0404 FF0F0000 		.word	4095
 6616 0408 FF0F0000 		.word	4095
 6617 040c FF0F0000 		.word	4095
 6618 0410 FE0F0000 		.word	4094
 6619 0414 FE0F0000 		.word	4094
 6620 0418 FE0F0000 		.word	4094
 6621 041c FD0F0000 		.word	4093
 6622 0420 FD0F0000 		.word	4093
 6623 0424 FC0F0000 		.word	4092
 6624 0428 FB0F0000 		.word	4091
 6625 042c FA0F0000 		.word	4090
 6626 0430 F90F0000 		.word	4089
 6627 0434 F80F0000 		.word	4088
 6628 0438 F70F0000 		.word	4087
 6629 043c F60F0000 		.word	4086
 6630 0440 F50F0000 		.word	4085
 6631 0444 F40F0000 		.word	4084
 6632 0448 F30F0000 		.word	4083
 6633 044c F10F0000 		.word	4081
 6634 0450 F00F0000 		.word	4080
 6635 0454 EE0F0000 		.word	4078
 6636 0458 EC0F0000 		.word	4076
 6637 045c EB0F0000 		.word	4075
 6638 0460 E90F0000 		.word	4073
 6639 0464 E70F0000 		.word	4071
 6640 0468 E50F0000 		.word	4069
 6641 046c E30F0000 		.word	4067
 6642 0470 E10F0000 		.word	4065
 6643 0474 DF0F0000 		.word	4063
 6644 0478 DC0F0000 		.word	4060
 6645 047c DA0F0000 		.word	4058
 6646 0480 D80F0000 		.word	4056
 6647 0484 D50F0000 		.word	4053
 6648 0488 D30F0000 		.word	4051
 6649 048c D00F0000 		.word	4048
 6650 0490 CD0F0000 		.word	4045
 6651 0494 CA0F0000 		.word	4042
 6652 0498 C80F0000 		.word	4040
 6653 049c C50F0000 		.word	4037
 6654 04a0 C20F0000 		.word	4034
 6655 04a4 BF0F0000 		.word	4031
 6656 04a8 BB0F0000 		.word	4027
 6657 04ac B80F0000 		.word	4024
 6658 04b0 B50F0000 		.word	4021
 6659 04b4 B10F0000 		.word	4017
 6660 04b8 AE0F0000 		.word	4014
 6661 04bc AA0F0000 		.word	4010
 6662 04c0 A70F0000 		.word	4007
 6663 04c4 A30F0000 		.word	4003
 6664 04c8 9F0F0000 		.word	3999
ARM GAS  C:\Users\rosto\AppData\Local\Temp\cciuoPym.s 			page 154


 6665 04cc 9C0F0000 		.word	3996
 6666 04d0 980F0000 		.word	3992
 6667 04d4 940F0000 		.word	3988
 6668 04d8 900F0000 		.word	3984
 6669 04dc 8C0F0000 		.word	3980
 6670 04e0 870F0000 		.word	3975
 6671 04e4 830F0000 		.word	3971
 6672 04e8 7F0F0000 		.word	3967
 6673 04ec 7A0F0000 		.word	3962
 6674 04f0 760F0000 		.word	3958
 6675 04f4 710F0000 		.word	3953
 6676 04f8 6D0F0000 		.word	3949
 6677 04fc 680F0000 		.word	3944
 6678 0500 630F0000 		.word	3939
 6679 0504 5E0F0000 		.word	3934
 6680 0508 590F0000 		.word	3929
 6681 050c 540F0000 		.word	3924
 6682 0510 4F0F0000 		.word	3919
 6683 0514 4A0F0000 		.word	3914
 6684 0518 450F0000 		.word	3909
 6685 051c 400F0000 		.word	3904
 6686 0520 3A0F0000 		.word	3898
 6687 0524 350F0000 		.word	3893
 6688 0528 300F0000 		.word	3888
 6689 052c 2A0F0000 		.word	3882
 6690 0530 240F0000 		.word	3876
 6691 0534 1F0F0000 		.word	3871
 6692 0538 190F0000 		.word	3865
 6693 053c 130F0000 		.word	3859
 6694 0540 0D0F0000 		.word	3853
 6695 0544 070F0000 		.word	3847
 6696 0548 010F0000 		.word	3841
 6697 054c FB0E0000 		.word	3835
 6698 0550 F50E0000 		.word	3829
 6699 0554 EF0E0000 		.word	3823
 6700 0558 E90E0000 		.word	3817
 6701 055c E20E0000 		.word	3810
 6702 0560 DC0E0000 		.word	3804
 6703 0564 D50E0000 		.word	3797
 6704 0568 CF0E0000 		.word	3791
 6705 056c C80E0000 		.word	3784
 6706 0570 C10E0000 		.word	3777
 6707 0574 BB0E0000 		.word	3771
 6708 0578 B40E0000 		.word	3764
 6709 057c AD0E0000 		.word	3757
 6710 0580 A60E0000 		.word	3750
 6711 0584 9F0E0000 		.word	3743
 6712 0588 980E0000 		.word	3736
 6713 058c 910E0000 		.word	3729
 6714 0590 8A0E0000 		.word	3722
 6715 0594 820E0000 		.word	3714
 6716 0598 7B0E0000 		.word	3707
 6717 059c 740E0000 		.word	3700
 6718 05a0 6C0E0000 		.word	3692
 6719 05a4 650E0000 		.word	3685
 6720 05a8 5D0E0000 		.word	3677
 6721 05ac 550E0000 		.word	3669
ARM GAS  C:\Users\rosto\AppData\Local\Temp\cciuoPym.s 			page 155


 6722 05b0 4E0E0000 		.word	3662
 6723 05b4 460E0000 		.word	3654
 6724 05b8 3E0E0000 		.word	3646
 6725 05bc 360E0000 		.word	3638
 6726 05c0 2E0E0000 		.word	3630
 6727 05c4 260E0000 		.word	3622
 6728 05c8 1E0E0000 		.word	3614
 6729 05cc 160E0000 		.word	3606
 6730 05d0 0E0E0000 		.word	3598
 6731 05d4 060E0000 		.word	3590
 6732 05d8 FD0D0000 		.word	3581
 6733 05dc F50D0000 		.word	3573
 6734 05e0 ED0D0000 		.word	3565
 6735 05e4 E40D0000 		.word	3556
 6736 05e8 DC0D0000 		.word	3548
 6737 05ec D30D0000 		.word	3539
 6738 05f0 CB0D0000 		.word	3531
 6739 05f4 C20D0000 		.word	3522
 6740 05f8 B90D0000 		.word	3513
 6741 05fc B00D0000 		.word	3504
 6742 0600 A70D0000 		.word	3495
 6743 0604 9F0D0000 		.word	3487
 6744 0608 960D0000 		.word	3478
 6745 060c 8D0D0000 		.word	3469
 6746 0610 830D0000 		.word	3459
 6747 0614 7A0D0000 		.word	3450
 6748 0618 710D0000 		.word	3441
 6749 061c 680D0000 		.word	3432
 6750 0620 5F0D0000 		.word	3423
 6751 0624 550D0000 		.word	3413
 6752 0628 4C0D0000 		.word	3404
 6753 062c 430D0000 		.word	3395
 6754 0630 390D0000 		.word	3385
 6755 0634 300D0000 		.word	3376
 6756 0638 260D0000 		.word	3366
 6757 063c 1C0D0000 		.word	3356
 6758 0640 130D0000 		.word	3347
 6759 0644 090D0000 		.word	3337
 6760 0648 FF0C0000 		.word	3327
 6761 064c F50C0000 		.word	3317
 6762 0650 EB0C0000 		.word	3307
 6763 0654 E10C0000 		.word	3297
 6764 0658 D70C0000 		.word	3287
 6765 065c CD0C0000 		.word	3277
 6766 0660 C30C0000 		.word	3267
 6767 0664 B90C0000 		.word	3257
 6768 0668 AF0C0000 		.word	3247
 6769 066c A50C0000 		.word	3237
 6770 0670 9B0C0000 		.word	3227
 6771 0674 900C0000 		.word	3216
 6772 0678 860C0000 		.word	3206
 6773 067c 7C0C0000 		.word	3196
 6774 0680 710C0000 		.word	3185
 6775 0684 670C0000 		.word	3175
 6776 0688 5C0C0000 		.word	3164
 6777 068c 520C0000 		.word	3154
 6778 0690 470C0000 		.word	3143
ARM GAS  C:\Users\rosto\AppData\Local\Temp\cciuoPym.s 			page 156


 6779 0694 3D0C0000 		.word	3133
 6780 0698 320C0000 		.word	3122
 6781 069c 270C0000 		.word	3111
 6782 06a0 1C0C0000 		.word	3100
 6783 06a4 120C0000 		.word	3090
 6784 06a8 070C0000 		.word	3079
 6785 06ac FC0B0000 		.word	3068
 6786 06b0 F10B0000 		.word	3057
 6787 06b4 E60B0000 		.word	3046
 6788 06b8 DB0B0000 		.word	3035
 6789 06bc D00B0000 		.word	3024
 6790 06c0 C50B0000 		.word	3013
 6791 06c4 BA0B0000 		.word	3002
 6792 06c8 AF0B0000 		.word	2991
 6793 06cc A40B0000 		.word	2980
 6794 06d0 980B0000 		.word	2968
 6795 06d4 8D0B0000 		.word	2957
 6796 06d8 820B0000 		.word	2946
 6797 06dc 770B0000 		.word	2935
 6798 06e0 6B0B0000 		.word	2923
 6799 06e4 600B0000 		.word	2912
 6800 06e8 540B0000 		.word	2900
 6801 06ec 490B0000 		.word	2889
 6802 06f0 3E0B0000 		.word	2878
 6803 06f4 320B0000 		.word	2866
 6804 06f8 270B0000 		.word	2855
 6805 06fc 1B0B0000 		.word	2843
 6806 0700 0F0B0000 		.word	2831
 6807 0704 040B0000 		.word	2820
 6808 0708 F80A0000 		.word	2808
 6809 070c EC0A0000 		.word	2796
 6810 0710 E10A0000 		.word	2785
 6811 0714 D50A0000 		.word	2773
 6812 0718 C90A0000 		.word	2761
 6813 071c BD0A0000 		.word	2749
 6814 0720 B20A0000 		.word	2738
 6815 0724 A60A0000 		.word	2726
 6816 0728 9A0A0000 		.word	2714
 6817 072c 8E0A0000 		.word	2702
 6818 0730 820A0000 		.word	2690
 6819 0734 760A0000 		.word	2678
 6820 0738 6A0A0000 		.word	2666
 6821 073c 5E0A0000 		.word	2654
 6822 0740 520A0000 		.word	2642
 6823 0744 460A0000 		.word	2630
 6824 0748 3A0A0000 		.word	2618
 6825 074c 2E0A0000 		.word	2606
 6826 0750 220A0000 		.word	2594
 6827 0754 160A0000 		.word	2582
 6828 0758 0A0A0000 		.word	2570
 6829 075c FE090000 		.word	2558
 6830 0760 F1090000 		.word	2545
 6831 0764 E5090000 		.word	2533
 6832 0768 D9090000 		.word	2521
 6833 076c CD090000 		.word	2509
 6834 0770 C1090000 		.word	2497
 6835 0774 B4090000 		.word	2484
ARM GAS  C:\Users\rosto\AppData\Local\Temp\cciuoPym.s 			page 157


 6836 0778 A8090000 		.word	2472
 6837 077c 9C090000 		.word	2460
 6838 0780 8F090000 		.word	2447
 6839 0784 83090000 		.word	2435
 6840 0788 77090000 		.word	2423
 6841 078c 6A090000 		.word	2410
 6842 0790 5E090000 		.word	2398
 6843 0794 52090000 		.word	2386
 6844 0798 45090000 		.word	2373
 6845 079c 39090000 		.word	2361
 6846 07a0 2C090000 		.word	2348
 6847 07a4 20090000 		.word	2336
 6848 07a8 13090000 		.word	2323
 6849 07ac 07090000 		.word	2311
 6850 07b0 FB080000 		.word	2299
 6851 07b4 EE080000 		.word	2286
 6852 07b8 E2080000 		.word	2274
 6853 07bc D5080000 		.word	2261
 6854 07c0 C9080000 		.word	2249
 6855 07c4 BC080000 		.word	2236
 6856 07c8 B0080000 		.word	2224
 6857 07cc A3080000 		.word	2211
 6858 07d0 97080000 		.word	2199
 6859 07d4 8A080000 		.word	2186
 6860 07d8 7E080000 		.word	2174
 6861 07dc 71080000 		.word	2161
 6862 07e0 64080000 		.word	2148
 6863 07e4 58080000 		.word	2136
 6864 07e8 4B080000 		.word	2123
 6865 07ec 3F080000 		.word	2111
 6866 07f0 32080000 		.word	2098
 6867 07f4 26080000 		.word	2086
 6868 07f8 19080000 		.word	2073
 6869 07fc 0D080000 		.word	2061
 6870 0800 00080000 		.word	2048
 6871 0804 F3070000 		.word	2035
 6872 0808 E7070000 		.word	2023
 6873 080c DA070000 		.word	2010
 6874 0810 CE070000 		.word	1998
 6875 0814 C1070000 		.word	1985
 6876 0818 B5070000 		.word	1973
 6877 081c A8070000 		.word	1960
 6878 0820 9C070000 		.word	1948
 6879 0824 8F070000 		.word	1935
 6880 0828 82070000 		.word	1922
 6881 082c 76070000 		.word	1910
 6882 0830 69070000 		.word	1897
 6883 0834 5D070000 		.word	1885
 6884 0838 50070000 		.word	1872
 6885 083c 44070000 		.word	1860
 6886 0840 37070000 		.word	1847
 6887 0844 2B070000 		.word	1835
 6888 0848 1E070000 		.word	1822
 6889 084c 12070000 		.word	1810
 6890 0850 05070000 		.word	1797
 6891 0854 F9060000 		.word	1785
 6892 0858 ED060000 		.word	1773
ARM GAS  C:\Users\rosto\AppData\Local\Temp\cciuoPym.s 			page 158


 6893 085c E0060000 		.word	1760
 6894 0860 D4060000 		.word	1748
 6895 0864 C7060000 		.word	1735
 6896 0868 BB060000 		.word	1723
 6897 086c AE060000 		.word	1710
 6898 0870 A2060000 		.word	1698
 6899 0874 96060000 		.word	1686
 6900 0878 89060000 		.word	1673
 6901 087c 7D060000 		.word	1661
 6902 0880 71060000 		.word	1649
 6903 0884 64060000 		.word	1636
 6904 0888 58060000 		.word	1624
 6905 088c 4C060000 		.word	1612
 6906 0890 3F060000 		.word	1599
 6907 0894 33060000 		.word	1587
 6908 0898 27060000 		.word	1575
 6909 089c 1B060000 		.word	1563
 6910 08a0 0F060000 		.word	1551
 6911 08a4 02060000 		.word	1538
 6912 08a8 F6050000 		.word	1526
 6913 08ac EA050000 		.word	1514
 6914 08b0 DE050000 		.word	1502
 6915 08b4 D2050000 		.word	1490
 6916 08b8 C6050000 		.word	1478
 6917 08bc BA050000 		.word	1466
 6918 08c0 AE050000 		.word	1454
 6919 08c4 A2050000 		.word	1442
 6920 08c8 96050000 		.word	1430
 6921 08cc 8A050000 		.word	1418
 6922 08d0 7E050000 		.word	1406
 6923 08d4 72050000 		.word	1394
 6924 08d8 66050000 		.word	1382
 6925 08dc 5A050000 		.word	1370
 6926 08e0 4E050000 		.word	1358
 6927 08e4 43050000 		.word	1347
 6928 08e8 37050000 		.word	1335
 6929 08ec 2B050000 		.word	1323
 6930 08f0 1F050000 		.word	1311
 6931 08f4 14050000 		.word	1300
 6932 08f8 08050000 		.word	1288
 6933 08fc FC040000 		.word	1276
 6934 0900 F1040000 		.word	1265
 6935 0904 E5040000 		.word	1253
 6936 0908 D9040000 		.word	1241
 6937 090c CE040000 		.word	1230
 6938 0910 C2040000 		.word	1218
 6939 0914 B7040000 		.word	1207
 6940 0918 AC040000 		.word	1196
 6941 091c A0040000 		.word	1184
 6942 0920 95040000 		.word	1173
 6943 0924 89040000 		.word	1161
 6944 0928 7E040000 		.word	1150
 6945 092c 73040000 		.word	1139
 6946 0930 68040000 		.word	1128
 6947 0934 5C040000 		.word	1116
 6948 0938 51040000 		.word	1105
 6949 093c 46040000 		.word	1094
ARM GAS  C:\Users\rosto\AppData\Local\Temp\cciuoPym.s 			page 159


 6950 0940 3B040000 		.word	1083
 6951 0944 30040000 		.word	1072
 6952 0948 25040000 		.word	1061
 6953 094c 1A040000 		.word	1050
 6954 0950 0F040000 		.word	1039
 6955 0954 04040000 		.word	1028
 6956 0958 F9030000 		.word	1017
 6957 095c EE030000 		.word	1006
 6958 0960 E4030000 		.word	996
 6959 0964 D9030000 		.word	985
 6960 0968 CE030000 		.word	974
 6961 096c C3030000 		.word	963
 6962 0970 B9030000 		.word	953
 6963 0974 AE030000 		.word	942
 6964 0978 A4030000 		.word	932
 6965 097c 99030000 		.word	921
 6966 0980 8F030000 		.word	911
 6967 0984 84030000 		.word	900
 6968 0988 7A030000 		.word	890
 6969 098c 70030000 		.word	880
 6970 0990 65030000 		.word	869
 6971 0994 5B030000 		.word	859
 6972 0998 51030000 		.word	849
 6973 099c 47030000 		.word	839
 6974 09a0 3D030000 		.word	829
 6975 09a4 33030000 		.word	819
 6976 09a8 29030000 		.word	809
 6977 09ac 1F030000 		.word	799
 6978 09b0 15030000 		.word	789
 6979 09b4 0B030000 		.word	779
 6980 09b8 01030000 		.word	769
 6981 09bc F7020000 		.word	759
 6982 09c0 ED020000 		.word	749
 6983 09c4 E4020000 		.word	740
 6984 09c8 DA020000 		.word	730
 6985 09cc D0020000 		.word	720
 6986 09d0 C7020000 		.word	711
 6987 09d4 BD020000 		.word	701
 6988 09d8 B4020000 		.word	692
 6989 09dc AB020000 		.word	683
 6990 09e0 A1020000 		.word	673
 6991 09e4 98020000 		.word	664
 6992 09e8 8F020000 		.word	655
 6993 09ec 86020000 		.word	646
 6994 09f0 7D020000 		.word	637
 6995 09f4 73020000 		.word	627
 6996 09f8 6A020000 		.word	618
 6997 09fc 61020000 		.word	609
 6998 0a00 59020000 		.word	601
 6999 0a04 50020000 		.word	592
 7000 0a08 47020000 		.word	583
 7001 0a0c 3E020000 		.word	574
 7002 0a10 35020000 		.word	565
 7003 0a14 2D020000 		.word	557
 7004 0a18 24020000 		.word	548
 7005 0a1c 1C020000 		.word	540
 7006 0a20 13020000 		.word	531
ARM GAS  C:\Users\rosto\AppData\Local\Temp\cciuoPym.s 			page 160


 7007 0a24 0B020000 		.word	523
 7008 0a28 03020000 		.word	515
 7009 0a2c FA010000 		.word	506
 7010 0a30 F2010000 		.word	498
 7011 0a34 EA010000 		.word	490
 7012 0a38 E2010000 		.word	482
 7013 0a3c DA010000 		.word	474
 7014 0a40 D2010000 		.word	466
 7015 0a44 CA010000 		.word	458
 7016 0a48 C2010000 		.word	450
 7017 0a4c BA010000 		.word	442
 7018 0a50 B2010000 		.word	434
 7019 0a54 AB010000 		.word	427
 7020 0a58 A3010000 		.word	419
 7021 0a5c 9B010000 		.word	411
 7022 0a60 94010000 		.word	404
 7023 0a64 8C010000 		.word	396
 7024 0a68 85010000 		.word	389
 7025 0a6c 7E010000 		.word	382
 7026 0a70 76010000 		.word	374
 7027 0a74 6F010000 		.word	367
 7028 0a78 68010000 		.word	360
 7029 0a7c 61010000 		.word	353
 7030 0a80 5A010000 		.word	346
 7031 0a84 53010000 		.word	339
 7032 0a88 4C010000 		.word	332
 7033 0a8c 45010000 		.word	325
 7034 0a90 3F010000 		.word	319
 7035 0a94 38010000 		.word	312
 7036 0a98 31010000 		.word	305
 7037 0a9c 2B010000 		.word	299
 7038 0aa0 24010000 		.word	292
 7039 0aa4 1E010000 		.word	286
 7040 0aa8 17010000 		.word	279
 7041 0aac 11010000 		.word	273
 7042 0ab0 0B010000 		.word	267
 7043 0ab4 05010000 		.word	261
 7044 0ab8 FF000000 		.word	255
 7045 0abc F9000000 		.word	249
 7046 0ac0 F3000000 		.word	243
 7047 0ac4 ED000000 		.word	237
 7048 0ac8 E7000000 		.word	231
 7049 0acc E1000000 		.word	225
 7050 0ad0 DC000000 		.word	220
 7051 0ad4 D6000000 		.word	214
 7052 0ad8 D0000000 		.word	208
 7053 0adc CB000000 		.word	203
 7054 0ae0 C6000000 		.word	198
 7055 0ae4 C0000000 		.word	192
 7056 0ae8 BB000000 		.word	187
 7057 0aec B6000000 		.word	182
 7058 0af0 B1000000 		.word	177
 7059 0af4 AC000000 		.word	172
 7060 0af8 A7000000 		.word	167
 7061 0afc A2000000 		.word	162
 7062 0b00 9D000000 		.word	157
 7063 0b04 98000000 		.word	152
ARM GAS  C:\Users\rosto\AppData\Local\Temp\cciuoPym.s 			page 161


 7064 0b08 93000000 		.word	147
 7065 0b0c 8F000000 		.word	143
 7066 0b10 8A000000 		.word	138
 7067 0b14 86000000 		.word	134
 7068 0b18 81000000 		.word	129
 7069 0b1c 7D000000 		.word	125
 7070 0b20 79000000 		.word	121
 7071 0b24 74000000 		.word	116
 7072 0b28 70000000 		.word	112
 7073 0b2c 6C000000 		.word	108
 7074 0b30 68000000 		.word	104
 7075 0b34 64000000 		.word	100
 7076 0b38 61000000 		.word	97
 7077 0b3c 5D000000 		.word	93
 7078 0b40 59000000 		.word	89
 7079 0b44 56000000 		.word	86
 7080 0b48 52000000 		.word	82
 7081 0b4c 4F000000 		.word	79
 7082 0b50 4B000000 		.word	75
 7083 0b54 48000000 		.word	72
 7084 0b58 45000000 		.word	69
 7085 0b5c 41000000 		.word	65
 7086 0b60 3E000000 		.word	62
 7087 0b64 3B000000 		.word	59
 7088 0b68 38000000 		.word	56
 7089 0b6c 36000000 		.word	54
 7090 0b70 33000000 		.word	51
 7091 0b74 30000000 		.word	48
 7092 0b78 2D000000 		.word	45
 7093 0b7c 2B000000 		.word	43
 7094 0b80 28000000 		.word	40
 7095 0b84 26000000 		.word	38
 7096 0b88 24000000 		.word	36
 7097 0b8c 21000000 		.word	33
 7098 0b90 1F000000 		.word	31
 7099 0b94 1D000000 		.word	29
 7100 0b98 1B000000 		.word	27
 7101 0b9c 19000000 		.word	25
 7102 0ba0 17000000 		.word	23
 7103 0ba4 15000000 		.word	21
 7104 0ba8 14000000 		.word	20
 7105 0bac 12000000 		.word	18
 7106 0bb0 10000000 		.word	16
 7107 0bb4 0F000000 		.word	15
 7108 0bb8 0D000000 		.word	13
 7109 0bbc 0C000000 		.word	12
 7110 0bc0 0B000000 		.word	11
 7111 0bc4 0A000000 		.word	10
 7112 0bc8 09000000 		.word	9
 7113 0bcc 08000000 		.word	8
 7114 0bd0 07000000 		.word	7
 7115 0bd4 06000000 		.word	6
 7116 0bd8 05000000 		.word	5
 7117 0bdc 04000000 		.word	4
 7118 0be0 03000000 		.word	3
 7119 0be4 03000000 		.word	3
 7120 0be8 02000000 		.word	2
ARM GAS  C:\Users\rosto\AppData\Local\Temp\cciuoPym.s 			page 162


 7121 0bec 02000000 		.word	2
 7122 0bf0 02000000 		.word	2
 7123 0bf4 01000000 		.word	1
 7124 0bf8 01000000 		.word	1
 7125 0bfc 01000000 		.word	1
 7126 0c00 01000000 		.word	1
 7127 0c04 01000000 		.word	1
 7128 0c08 01000000 		.word	1
 7129 0c0c 01000000 		.word	1
 7130 0c10 02000000 		.word	2
 7131 0c14 02000000 		.word	2
 7132 0c18 02000000 		.word	2
 7133 0c1c 03000000 		.word	3
 7134 0c20 03000000 		.word	3
 7135 0c24 04000000 		.word	4
 7136 0c28 05000000 		.word	5
 7137 0c2c 06000000 		.word	6
 7138 0c30 07000000 		.word	7
 7139 0c34 08000000 		.word	8
 7140 0c38 09000000 		.word	9
 7141 0c3c 0A000000 		.word	10
 7142 0c40 0B000000 		.word	11
 7143 0c44 0C000000 		.word	12
 7144 0c48 0D000000 		.word	13
 7145 0c4c 0F000000 		.word	15
 7146 0c50 10000000 		.word	16
 7147 0c54 12000000 		.word	18
 7148 0c58 14000000 		.word	20
 7149 0c5c 15000000 		.word	21
 7150 0c60 17000000 		.word	23
 7151 0c64 19000000 		.word	25
 7152 0c68 1B000000 		.word	27
 7153 0c6c 1D000000 		.word	29
 7154 0c70 1F000000 		.word	31
 7155 0c74 21000000 		.word	33
 7156 0c78 24000000 		.word	36
 7157 0c7c 26000000 		.word	38
 7158 0c80 28000000 		.word	40
 7159 0c84 2B000000 		.word	43
 7160 0c88 2D000000 		.word	45
 7161 0c8c 30000000 		.word	48
 7162 0c90 33000000 		.word	51
 7163 0c94 36000000 		.word	54
 7164 0c98 38000000 		.word	56
 7165 0c9c 3B000000 		.word	59
 7166 0ca0 3E000000 		.word	62
 7167 0ca4 41000000 		.word	65
 7168 0ca8 45000000 		.word	69
 7169 0cac 48000000 		.word	72
 7170 0cb0 4B000000 		.word	75
 7171 0cb4 4F000000 		.word	79
 7172 0cb8 52000000 		.word	82
 7173 0cbc 56000000 		.word	86
 7174 0cc0 59000000 		.word	89
 7175 0cc4 5D000000 		.word	93
 7176 0cc8 61000000 		.word	97
 7177 0ccc 64000000 		.word	100
ARM GAS  C:\Users\rosto\AppData\Local\Temp\cciuoPym.s 			page 163


 7178 0cd0 68000000 		.word	104
 7179 0cd4 6C000000 		.word	108
 7180 0cd8 70000000 		.word	112
 7181 0cdc 74000000 		.word	116
 7182 0ce0 79000000 		.word	121
 7183 0ce4 7D000000 		.word	125
 7184 0ce8 81000000 		.word	129
 7185 0cec 86000000 		.word	134
 7186 0cf0 8A000000 		.word	138
 7187 0cf4 8F000000 		.word	143
 7188 0cf8 93000000 		.word	147
 7189 0cfc 98000000 		.word	152
 7190 0d00 9D000000 		.word	157
 7191 0d04 A2000000 		.word	162
 7192 0d08 A7000000 		.word	167
 7193 0d0c AC000000 		.word	172
 7194 0d10 B1000000 		.word	177
 7195 0d14 B6000000 		.word	182
 7196 0d18 BB000000 		.word	187
 7197 0d1c C0000000 		.word	192
 7198 0d20 C6000000 		.word	198
 7199 0d24 CB000000 		.word	203
 7200 0d28 D0000000 		.word	208
 7201 0d2c D6000000 		.word	214
 7202 0d30 DC000000 		.word	220
 7203 0d34 E1000000 		.word	225
 7204 0d38 E7000000 		.word	231
 7205 0d3c ED000000 		.word	237
 7206 0d40 F3000000 		.word	243
 7207 0d44 F9000000 		.word	249
 7208 0d48 FF000000 		.word	255
 7209 0d4c 05010000 		.word	261
 7210 0d50 0B010000 		.word	267
 7211 0d54 11010000 		.word	273
 7212 0d58 17010000 		.word	279
 7213 0d5c 1E010000 		.word	286
 7214 0d60 24010000 		.word	292
 7215 0d64 2B010000 		.word	299
 7216 0d68 31010000 		.word	305
 7217 0d6c 38010000 		.word	312
 7218 0d70 3F010000 		.word	319
 7219 0d74 45010000 		.word	325
 7220 0d78 4C010000 		.word	332
 7221 0d7c 53010000 		.word	339
 7222 0d80 5A010000 		.word	346
 7223 0d84 61010000 		.word	353
 7224 0d88 68010000 		.word	360
 7225 0d8c 6F010000 		.word	367
 7226 0d90 76010000 		.word	374
 7227 0d94 7E010000 		.word	382
 7228 0d98 85010000 		.word	389
 7229 0d9c 8C010000 		.word	396
 7230 0da0 94010000 		.word	404
 7231 0da4 9B010000 		.word	411
 7232 0da8 A3010000 		.word	419
 7233 0dac AB010000 		.word	427
 7234 0db0 B2010000 		.word	434
ARM GAS  C:\Users\rosto\AppData\Local\Temp\cciuoPym.s 			page 164


 7235 0db4 BA010000 		.word	442
 7236 0db8 C2010000 		.word	450
 7237 0dbc CA010000 		.word	458
 7238 0dc0 D2010000 		.word	466
 7239 0dc4 DA010000 		.word	474
 7240 0dc8 E2010000 		.word	482
 7241 0dcc EA010000 		.word	490
 7242 0dd0 F2010000 		.word	498
 7243 0dd4 FA010000 		.word	506
 7244 0dd8 03020000 		.word	515
 7245 0ddc 0B020000 		.word	523
 7246 0de0 13020000 		.word	531
 7247 0de4 1C020000 		.word	540
 7248 0de8 24020000 		.word	548
 7249 0dec 2D020000 		.word	557
 7250 0df0 35020000 		.word	565
 7251 0df4 3E020000 		.word	574
 7252 0df8 47020000 		.word	583
 7253 0dfc 50020000 		.word	592
 7254 0e00 59020000 		.word	601
 7255 0e04 61020000 		.word	609
 7256 0e08 6A020000 		.word	618
 7257 0e0c 73020000 		.word	627
 7258 0e10 7D020000 		.word	637
 7259 0e14 86020000 		.word	646
 7260 0e18 8F020000 		.word	655
 7261 0e1c 98020000 		.word	664
 7262 0e20 A1020000 		.word	673
 7263 0e24 AB020000 		.word	683
 7264 0e28 B4020000 		.word	692
 7265 0e2c BD020000 		.word	701
 7266 0e30 C7020000 		.word	711
 7267 0e34 D0020000 		.word	720
 7268 0e38 DA020000 		.word	730
 7269 0e3c E4020000 		.word	740
 7270 0e40 ED020000 		.word	749
 7271 0e44 F7020000 		.word	759
 7272 0e48 01030000 		.word	769
 7273 0e4c 0B030000 		.word	779
 7274 0e50 15030000 		.word	789
 7275 0e54 1F030000 		.word	799
 7276 0e58 29030000 		.word	809
 7277 0e5c 33030000 		.word	819
 7278 0e60 3D030000 		.word	829
 7279 0e64 47030000 		.word	839
 7280 0e68 51030000 		.word	849
 7281 0e6c 5B030000 		.word	859
 7282 0e70 65030000 		.word	869
 7283 0e74 70030000 		.word	880
 7284 0e78 7A030000 		.word	890
 7285 0e7c 84030000 		.word	900
 7286 0e80 8F030000 		.word	911
 7287 0e84 99030000 		.word	921
 7288 0e88 A4030000 		.word	932
 7289 0e8c AE030000 		.word	942
 7290 0e90 B9030000 		.word	953
 7291 0e94 C3030000 		.word	963
ARM GAS  C:\Users\rosto\AppData\Local\Temp\cciuoPym.s 			page 165


 7292 0e98 CE030000 		.word	974
 7293 0e9c D9030000 		.word	985
 7294 0ea0 E4030000 		.word	996
 7295 0ea4 EE030000 		.word	1006
 7296 0ea8 F9030000 		.word	1017
 7297 0eac 04040000 		.word	1028
 7298 0eb0 0F040000 		.word	1039
 7299 0eb4 1A040000 		.word	1050
 7300 0eb8 25040000 		.word	1061
 7301 0ebc 30040000 		.word	1072
 7302 0ec0 3B040000 		.word	1083
 7303 0ec4 46040000 		.word	1094
 7304 0ec8 51040000 		.word	1105
 7305 0ecc 5C040000 		.word	1116
 7306 0ed0 68040000 		.word	1128
 7307 0ed4 73040000 		.word	1139
 7308 0ed8 7E040000 		.word	1150
 7309 0edc 89040000 		.word	1161
 7310 0ee0 95040000 		.word	1173
 7311 0ee4 A0040000 		.word	1184
 7312 0ee8 AC040000 		.word	1196
 7313 0eec B7040000 		.word	1207
 7314 0ef0 C2040000 		.word	1218
 7315 0ef4 CE040000 		.word	1230
 7316 0ef8 D9040000 		.word	1241
 7317 0efc E5040000 		.word	1253
 7318 0f00 F1040000 		.word	1265
 7319 0f04 FC040000 		.word	1276
 7320 0f08 08050000 		.word	1288
 7321 0f0c 14050000 		.word	1300
 7322 0f10 1F050000 		.word	1311
 7323 0f14 2B050000 		.word	1323
 7324 0f18 37050000 		.word	1335
 7325 0f1c 43050000 		.word	1347
 7326 0f20 4E050000 		.word	1358
 7327 0f24 5A050000 		.word	1370
 7328 0f28 66050000 		.word	1382
 7329 0f2c 72050000 		.word	1394
 7330 0f30 7E050000 		.word	1406
 7331 0f34 8A050000 		.word	1418
 7332 0f38 96050000 		.word	1430
 7333 0f3c A2050000 		.word	1442
 7334 0f40 AE050000 		.word	1454
 7335 0f44 BA050000 		.word	1466
 7336 0f48 C6050000 		.word	1478
 7337 0f4c D2050000 		.word	1490
 7338 0f50 DE050000 		.word	1502
 7339 0f54 EA050000 		.word	1514
 7340 0f58 F6050000 		.word	1526
 7341 0f5c 02060000 		.word	1538
 7342 0f60 0F060000 		.word	1551
 7343 0f64 1B060000 		.word	1563
 7344 0f68 27060000 		.word	1575
 7345 0f6c 33060000 		.word	1587
 7346 0f70 3F060000 		.word	1599
 7347 0f74 4C060000 		.word	1612
 7348 0f78 58060000 		.word	1624
ARM GAS  C:\Users\rosto\AppData\Local\Temp\cciuoPym.s 			page 166


 7349 0f7c 64060000 		.word	1636
 7350 0f80 71060000 		.word	1649
 7351 0f84 7D060000 		.word	1661
 7352 0f88 89060000 		.word	1673
 7353 0f8c 96060000 		.word	1686
 7354 0f90 A2060000 		.word	1698
 7355 0f94 AE060000 		.word	1710
 7356 0f98 BB060000 		.word	1723
 7357 0f9c C7060000 		.word	1735
 7358 0fa0 D4060000 		.word	1748
 7359 0fa4 E0060000 		.word	1760
 7360 0fa8 ED060000 		.word	1773
 7361 0fac F9060000 		.word	1785
 7362 0fb0 05070000 		.word	1797
 7363 0fb4 12070000 		.word	1810
 7364 0fb8 1E070000 		.word	1822
 7365 0fbc 2B070000 		.word	1835
 7366 0fc0 37070000 		.word	1847
 7367 0fc4 44070000 		.word	1860
 7368 0fc8 50070000 		.word	1872
 7369 0fcc 5D070000 		.word	1885
 7370 0fd0 69070000 		.word	1897
 7371 0fd4 76070000 		.word	1910
 7372 0fd8 82070000 		.word	1922
 7373 0fdc 8F070000 		.word	1935
 7374 0fe0 9C070000 		.word	1948
 7375 0fe4 A8070000 		.word	1960
 7376 0fe8 B5070000 		.word	1973
 7377 0fec C1070000 		.word	1985
 7378 0ff0 CE070000 		.word	1998
 7379 0ff4 DA070000 		.word	2010
 7380 0ff8 E7070000 		.word	2023
 7381 0ffc F3070000 		.word	2035
 7382              		.global	current_waveform
 7383              		.section	.bss.current_waveform,"aw",%nobits
 7386              	current_waveform:
 7387 0000 00       		.space	1
 7388              		.global	last_button_press
 7389              		.section	.bss.last_button_press,"aw",%nobits
 7390              		.align	2
 7393              	last_button_press:
 7394 0000 00000000 		.space	4
 7395              		.global	current_tick
 7396              		.section	.bss.current_tick,"aw",%nobits
 7397              		.align	2
 7400              	current_tick:
 7401 0000 00000000 		.space	4
 7402              		.global	hdma_tim2_ch1
 7403              		.section	.bss.hdma_tim2_ch1,"aw",%nobits
 7404              		.align	2
 7407              	hdma_tim2_ch1:
 7408 0000 00000000 		.space	96
 7408      00000000 
 7408      00000000 
 7408      00000000 
 7408      00000000 
 7409              		.global	htim3
ARM GAS  C:\Users\rosto\AppData\Local\Temp\cciuoPym.s 			page 167


 7410              		.section	.bss.htim3,"aw",%nobits
 7411              		.align	2
 7414              	htim3:
 7415 0000 00000000 		.space	72
 7415      00000000 
 7415      00000000 
 7415      00000000 
 7415      00000000 
 7416              		.global	htim2
 7417              		.section	.bss.htim2,"aw",%nobits
 7418              		.align	2
 7421              	htim2:
 7422 0000 00000000 		.space	72
 7422      00000000 
 7422      00000000 
 7422      00000000 
 7422      00000000 
 7423              		.text
 7424              	.Letext0:
 7425              		.file 3 "Drivers/CMSIS/Device/ST/STM32F4xx/Include/stm32f446xx.h"
 7426              		.file 4 "C:\\ST\\STM32CubeIDE_1.19.0\\STM32CubeIDE\\plugins\\com.st.stm32cube.ide.mcu.externaltool
 7427              		.file 5 "C:\\ST\\STM32CubeIDE_1.19.0\\STM32CubeIDE\\plugins\\com.st.stm32cube.ide.mcu.externaltool
 7428              		.file 6 "Drivers/STM32F4xx_HAL_Driver/Inc/stm32f4xx_hal_def.h"
 7429              		.file 7 "Drivers/STM32F4xx_HAL_Driver/Inc/stm32f4xx_hal_rcc_ex.h"
 7430              		.file 8 "Drivers/STM32F4xx_HAL_Driver/Inc/stm32f4xx_hal_rcc.h"
 7431              		.file 9 "Drivers/STM32F4xx_HAL_Driver/Inc/stm32f4xx_hal_gpio.h"
 7432              		.file 10 "Drivers/STM32F4xx_HAL_Driver/Inc/stm32f4xx_hal_dma.h"
 7433              		.file 11 "Drivers/STM32F4xx_HAL_Driver/Inc/stm32f4xx_hal_tim.h"
 7434              		.file 12 "Core/Inc/main.h"
 7435              		.file 13 "Drivers/STM32F4xx_HAL_Driver/Inc/stm32f4xx_hal_tim_ex.h"
 7436              		.file 14 "Drivers/STM32F4xx_HAL_Driver/Inc/stm32f4xx_hal_cortex.h"
 7437              		.file 15 "Core/Inc/lcd_stm32f4.h"
 7438              		.file 16 "Drivers/STM32F4xx_HAL_Driver/Inc/stm32f4xx_hal.h"
 7439              		.file 17 "<built-in>"
ARM GAS  C:\Users\rosto\AppData\Local\Temp\cciuoPym.s 			page 168


DEFINED SYMBOLS
                            *ABS*:00000000 main.c
C:\Users\rosto\AppData\Local\Temp\cciuoPym.s:21     .text.MX_GPIO_Init:00000000 $t
C:\Users\rosto\AppData\Local\Temp\cciuoPym.s:26     .text.MX_GPIO_Init:00000000 MX_GPIO_Init
C:\Users\rosto\AppData\Local\Temp\cciuoPym.s:192    .text.MX_GPIO_Init:000000d4 $d
C:\Users\rosto\AppData\Local\Temp\cciuoPym.s:200    .text.MX_DMA_Init:00000000 $t
C:\Users\rosto\AppData\Local\Temp\cciuoPym.s:205    .text.MX_DMA_Init:00000000 MX_DMA_Init
C:\Users\rosto\AppData\Local\Temp\cciuoPym.s:254    .text.MX_DMA_Init:00000030 $d
C:\Users\rosto\AppData\Local\Temp\cciuoPym.s:259    .rodata.EXTI0_IRQHandler.str1.4:00000000 $d
C:\Users\rosto\AppData\Local\Temp\cciuoPym.s:278    .text.EXTI0_IRQHandler:00000000 $t
C:\Users\rosto\AppData\Local\Temp\cciuoPym.s:284    .text.EXTI0_IRQHandler:00000000 EXTI0_IRQHandler
C:\Users\rosto\AppData\Local\Temp\cciuoPym.s:348    .text.EXTI0_IRQHandler:0000004c $d
C:\Users\rosto\AppData\Local\Temp\cciuoPym.s:484    .text.EXTI0_IRQHandler:000000dc $d
C:\Users\rosto\AppData\Local\Temp\cciuoPym.s:7400   .bss.current_tick:00000000 current_tick
C:\Users\rosto\AppData\Local\Temp\cciuoPym.s:7393   .bss.last_button_press:00000000 last_button_press
C:\Users\rosto\AppData\Local\Temp\cciuoPym.s:7421   .bss.htim2:00000000 htim2
C:\Users\rosto\AppData\Local\Temp\cciuoPym.s:7407   .bss.hdma_tim2_ch1:00000000 hdma_tim2_ch1
C:\Users\rosto\AppData\Local\Temp\cciuoPym.s:7386   .bss.current_waveform:00000000 current_waveform
C:\Users\rosto\AppData\Local\Temp\cciuoPym.s:6357   .data.Sin_LUT:00000000 Sin_LUT
C:\Users\rosto\AppData\Local\Temp\cciuoPym.s:4297   .data.Triangle_LUT:00000000 Triangle_LUT
C:\Users\rosto\AppData\Local\Temp\cciuoPym.s:3267   .data.Piano_LUT:00000000 Piano_LUT
C:\Users\rosto\AppData\Local\Temp\cciuoPym.s:2237   .data.Guitar_LUT:00000000 Guitar_LUT
C:\Users\rosto\AppData\Local\Temp\cciuoPym.s:1207   .data.Drum_LUT:00000000 Drum_LUT
C:\Users\rosto\AppData\Local\Temp\cciuoPym.s:5327   .data.Saw_LUT:00000000 Saw_LUT
C:\Users\rosto\AppData\Local\Temp\cciuoPym.s:1200   .data.TIM2_Ticks:00000000 TIM2_Ticks
C:\Users\rosto\AppData\Local\Temp\cciuoPym.s:1193   .data.DestAddress:00000000 DestAddress
C:\Users\rosto\AppData\Local\Temp\cciuoPym.s:509    .text.Error_Handler:00000000 $t
C:\Users\rosto\AppData\Local\Temp\cciuoPym.s:515    .text.Error_Handler:00000000 Error_Handler
C:\Users\rosto\AppData\Local\Temp\cciuoPym.s:547    .text.MX_TIM2_Init:00000000 $t
C:\Users\rosto\AppData\Local\Temp\cciuoPym.s:552    .text.MX_TIM2_Init:00000000 MX_TIM2_Init
C:\Users\rosto\AppData\Local\Temp\cciuoPym.s:782    .text.MX_TIM2_Init:000000fc $d
C:\Users\rosto\AppData\Local\Temp\cciuoPym.s:791    .text.MX_TIM3_Init:00000000 $t
C:\Users\rosto\AppData\Local\Temp\cciuoPym.s:796    .text.MX_TIM3_Init:00000000 MX_TIM3_Init
C:\Users\rosto\AppData\Local\Temp\cciuoPym.s:949    .text.MX_TIM3_Init:0000009c $d
C:\Users\rosto\AppData\Local\Temp\cciuoPym.s:7414   .bss.htim3:00000000 htim3
C:\Users\rosto\AppData\Local\Temp\cciuoPym.s:955    .text.SystemClock_Config:00000000 $t
C:\Users\rosto\AppData\Local\Temp\cciuoPym.s:961    .text.SystemClock_Config:00000000 SystemClock_Config
C:\Users\rosto\AppData\Local\Temp\cciuoPym.s:1090   .text.SystemClock_Config:00000084 $d
C:\Users\rosto\AppData\Local\Temp\cciuoPym.s:1096   .text.main:00000000 $t
C:\Users\rosto\AppData\Local\Temp\cciuoPym.s:1102   .text.main:00000000 main
C:\Users\rosto\AppData\Local\Temp\cciuoPym.s:1179   .text.main:00000060 $d
C:\Users\rosto\AppData\Local\Temp\cciuoPym.s:1190   .data.DestAddress:00000000 $d
C:\Users\rosto\AppData\Local\Temp\cciuoPym.s:1197   .data.TIM2_Ticks:00000000 $d
C:\Users\rosto\AppData\Local\Temp\cciuoPym.s:1204   .data.Drum_LUT:00000000 $d
C:\Users\rosto\AppData\Local\Temp\cciuoPym.s:2234   .data.Guitar_LUT:00000000 $d
C:\Users\rosto\AppData\Local\Temp\cciuoPym.s:3264   .data.Piano_LUT:00000000 $d
C:\Users\rosto\AppData\Local\Temp\cciuoPym.s:4294   .data.Triangle_LUT:00000000 $d
C:\Users\rosto\AppData\Local\Temp\cciuoPym.s:5324   .data.Saw_LUT:00000000 $d
C:\Users\rosto\AppData\Local\Temp\cciuoPym.s:6354   .data.Sin_LUT:00000000 $d
C:\Users\rosto\AppData\Local\Temp\cciuoPym.s:7387   .bss.current_waveform:00000000 $d
C:\Users\rosto\AppData\Local\Temp\cciuoPym.s:7390   .bss.last_button_press:00000000 $d
C:\Users\rosto\AppData\Local\Temp\cciuoPym.s:7397   .bss.current_tick:00000000 $d
C:\Users\rosto\AppData\Local\Temp\cciuoPym.s:7404   .bss.hdma_tim2_ch1:00000000 $d
C:\Users\rosto\AppData\Local\Temp\cciuoPym.s:7411   .bss.htim3:00000000 $d
C:\Users\rosto\AppData\Local\Temp\cciuoPym.s:7418   .bss.htim2:00000000 $d
C:\Users\rosto\AppData\Local\Temp\cciuoPym.s:353    .text.EXTI0_IRQHandler:00000051 $d
C:\Users\rosto\AppData\Local\Temp\cciuoPym.s:353    .text.EXTI0_IRQHandler:00000052 $t
ARM GAS  C:\Users\rosto\AppData\Local\Temp\cciuoPym.s 			page 169



UNDEFINED SYMBOLS
HAL_GPIO_Init
HAL_GPIO_WritePin
HAL_NVIC_SetPriority
HAL_NVIC_EnableIRQ
HAL_GetTick
HAL_DMA_Abort_IT
HAL_GPIO_EXTI_IRQHandler
HAL_TIM_Base_Init
lcd_command
lcd_putstring
HAL_DMA_Start_IT
HAL_TIM_ConfigClockSource
HAL_TIM_OC_Init
HAL_TIMEx_MasterConfigSynchronization
HAL_TIM_OC_ConfigChannel
HAL_DMA_Init
HAL_TIM_PWM_Init
HAL_TIM_PWM_ConfigChannel
HAL_TIM_MspPostInit
memset
HAL_RCC_OscConfig
HAL_RCC_ClockConfig
HAL_Init
init_LCD
HAL_Delay
HAL_TIM_PWM_Start
HAL_TIM_OC_Start
