ARM GAS  C:\Users\rosto\AppData\Local\Temp\cc9r4Yso.s 			page 1


   1              		.cpu cortex-m4
   2              		.arch armv7e-m
   3              		.fpu fpv4-sp-d16
   4              		.eabi_attribute 27, 1
   5              		.eabi_attribute 28, 1
   6              		.eabi_attribute 20, 1
   7              		.eabi_attribute 21, 1
   8              		.eabi_attribute 23, 3
   9              		.eabi_attribute 24, 1
  10              		.eabi_attribute 25, 1
  11              		.eabi_attribute 26, 1
  12              		.eabi_attribute 30, 1
  13              		.eabi_attribute 34, 1
  14              		.eabi_attribute 18, 4
  15              		.file	"main.c"
  16              		.text
  17              	.Ltext0:
  18              		.cfi_sections	.debug_frame
  19              		.file 1 "Core/Src/main.c"
  20              		.section	.text.MX_GPIO_Init,"ax",%progbits
  21              		.align	1
  22              		.syntax unified
  23              		.thumb
  24              		.thumb_func
  26              	MX_GPIO_Init:
  27              	.LFB136:
   1:Core/Src/main.c **** /* USER CODE BEGIN Header */
   2:Core/Src/main.c **** /**
   3:Core/Src/main.c ****   ******************************************************************************
   4:Core/Src/main.c ****   * @file           : main.c
   5:Core/Src/main.c ****   * @brief          : Main program body
   6:Core/Src/main.c ****   ******************************************************************************
   7:Core/Src/main.c ****   * @attention
   8:Core/Src/main.c ****   *
   9:Core/Src/main.c ****   * Copyright (c) 2025 STMicroelectronics.
  10:Core/Src/main.c ****   * All rights reserved.
  11:Core/Src/main.c ****   *
  12:Core/Src/main.c ****   * This software is licensed under terms that can be found in the LICENSE file
  13:Core/Src/main.c ****   * in the root directory of this software component.
  14:Core/Src/main.c ****   * If no LICENSE file comes with this software, it is provided AS-IS.
  15:Core/Src/main.c ****   *
  16:Core/Src/main.c ****   ******************************************************************************
  17:Core/Src/main.c ****   */
  18:Core/Src/main.c **** /* USER CODE END Header */
  19:Core/Src/main.c **** /* Includes ------------------------------------------------------------------*/
  20:Core/Src/main.c **** #include "main.h"
  21:Core/Src/main.c **** 
  22:Core/Src/main.c **** /* Private includes ----------------------------------------------------------*/
  23:Core/Src/main.c **** /* USER CODE BEGIN Includes */
  24:Core/Src/main.c **** #include <stdint.h>
  25:Core/Src/main.c **** #include <stdbool.h>
  26:Core/Src/main.c **** #include "stm32f4xx.h"
  27:Core/Src/main.c **** /* USER CODE END Includes */
  28:Core/Src/main.c **** 
  29:Core/Src/main.c **** /* Private typedef -----------------------------------------------------------*/
  30:Core/Src/main.c **** /* USER CODE BEGIN PTD */
  31:Core/Src/main.c **** 
ARM GAS  C:\Users\rosto\AppData\Local\Temp\cc9r4Yso.s 			page 2


  32:Core/Src/main.c **** /* USER CODE END PTD */
  33:Core/Src/main.c **** 
  34:Core/Src/main.c **** /* Private define ------------------------------------------------------------*/
  35:Core/Src/main.c **** /* USER CODE BEGIN PD */
  36:Core/Src/main.c **** #define MAX_ITER 100
  37:Core/Src/main.c **** #define SCALE 1000000  // fixed-point scale factor (1e6)
  38:Core/Src/main.c **** 
  39:Core/Src/main.c **** // Clock frequency for STM32F4 (120MHz)
  40:Core/Src/main.c **** #define SYSTEM_CLOCK_FREQ 120000000
  41:Core/Src/main.c **** /* USER CODE END PD */
  42:Core/Src/main.c **** 
  43:Core/Src/main.c **** /* Private macro -------------------------------------------------------------*/
  44:Core/Src/main.c **** /* USER CODE BEGIN PM */
  45:Core/Src/main.c **** 
  46:Core/Src/main.c **** /* USER CODE END PM */
  47:Core/Src/main.c **** 
  48:Core/Src/main.c **** /* Private variables ---------------------------------------------------------*/
  49:Core/Src/main.c **** 
  50:Core/Src/main.c **** /* USER CODE BEGIN PV */
  51:Core/Src/main.c **** // Timing variables
  52:Core/Src/main.c **** volatile uint32_t start_time = 0;
  53:Core/Src/main.c **** volatile uint32_t end_time = 0;
  54:Core/Src/main.c **** volatile uint32_t execution_time_ms = 0;
  55:Core/Src/main.c **** 
  56:Core/Src/main.c **** // New variables for Task 3
  57:Core/Src/main.c **** volatile uint32_t start_cycles = 0;
  58:Core/Src/main.c **** volatile uint32_t end_cycles = 0;
  59:Core/Src/main.c **** volatile uint32_t cpu_cycles = 0;
  60:Core/Src/main.c **** volatile float throughput_pixels_per_sec = 0.0f;
  61:Core/Src/main.c **** 
  62:Core/Src/main.c **** // Results
  63:Core/Src/main.c **** volatile uint64_t checksum = 0;
  64:Core/Src/main.c **** volatile uint64_t checksum_results[5];       // [test_sizes]
  65:Core/Src/main.c **** volatile uint32_t execution_time_results[5]; // [test_sizes]
  66:Core/Src/main.c **** volatile uint32_t cpu_cycles_results[5];     // [test_sizes] - New for Task 3
  67:Core/Src/main.c **** volatile float throughput_results[5];        // [test_sizes] - New for Task 3
  68:Core/Src/main.c **** 
  69:Core/Src/main.c **** // Constants for iteration
  70:Core/Src/main.c **** const int test_sizes[5] = {128, 160, 192, 224, 256};
  71:Core/Src/main.c **** 
  72:Core/Src/main.c **** /* USER CODE END PV */
  73:Core/Src/main.c **** 
  74:Core/Src/main.c **** /* Private function prototypes -----------------------------------------------*/
  75:Core/Src/main.c **** void SystemClock_Config(void);
  76:Core/Src/main.c **** static void MX_GPIO_Init(void);
  77:Core/Src/main.c **** /* USER CODE BEGIN PFP */
  78:Core/Src/main.c **** uint64_t calculate_mandelbrot_fixed_point_arithmetic(int width, int height, int max_iterations);
  79:Core/Src/main.c **** uint64_t calculate_mandelbrot_float(int width, int height, int max_iterations);
  80:Core/Src/main.c **** uint64_t calculate_mandelbrot_double(int width, int height, int max_iterations);
  81:Core/Src/main.c **** 
  82:Core/Src/main.c **** // New functions for Task 3
  83:Core/Src/main.c **** void init_timing_system(void);
  84:Core/Src/main.c **** void start_precise_timing(void);
  85:Core/Src/main.c **** void stop_precise_timing(void);
  86:Core/Src/main.c **** void calculate_throughput(int width, int height);
  87:Core/Src/main.c **** 
  88:Core/Src/main.c **** /* USER CODE END PFP */
ARM GAS  C:\Users\rosto\AppData\Local\Temp\cc9r4Yso.s 			page 3


  89:Core/Src/main.c **** 
  90:Core/Src/main.c **** /* Private user code ---------------------------------------------------------*/
  91:Core/Src/main.c **** /* USER CODE BEGIN 0 */
  92:Core/Src/main.c **** 
  93:Core/Src/main.c **** /* USER CODE END 0 */
  94:Core/Src/main.c **** 
  95:Core/Src/main.c **** /**
  96:Core/Src/main.c ****   * @brief  The application entry point.
  97:Core/Src/main.c ****   * @retval int
  98:Core/Src/main.c ****   */
  99:Core/Src/main.c **** int main(void)
 100:Core/Src/main.c **** {
 101:Core/Src/main.c **** 
 102:Core/Src/main.c ****   /* USER CODE BEGIN 1 */
 103:Core/Src/main.c **** 
 104:Core/Src/main.c ****   /* USER CODE END 1 */
 105:Core/Src/main.c **** 
 106:Core/Src/main.c ****   /* MCU Configuration--------------------------------------------------------*/
 107:Core/Src/main.c **** 
 108:Core/Src/main.c ****   /* Reset of all peripherals, Initializes the Flash interface and the Systick. */
 109:Core/Src/main.c ****   HAL_Init();
 110:Core/Src/main.c **** 
 111:Core/Src/main.c ****   /* USER CODE BEGIN Init */
 112:Core/Src/main.c **** 
 113:Core/Src/main.c ****   /* USER CODE END Init */
 114:Core/Src/main.c **** 
 115:Core/Src/main.c ****   /* Configure the system clock */
 116:Core/Src/main.c ****   SystemClock_Config();
 117:Core/Src/main.c **** 
 118:Core/Src/main.c ****   /* USER CODE BEGIN SysInit */
 119:Core/Src/main.c **** 
 120:Core/Src/main.c ****   /* USER CODE END SysInit */
 121:Core/Src/main.c **** 
 122:Core/Src/main.c ****   /* Initialize all configured peripherals */
 123:Core/Src/main.c ****   MX_GPIO_Init();
 124:Core/Src/main.c ****   /* USER CODE BEGIN 2 */
 125:Core/Src/main.c ****   // Initialize timing system for Task 3
 126:Core/Src/main.c ****   init_timing_system();
 127:Core/Src/main.c ****   /* USER CODE END 2 */
 128:Core/Src/main.c **** 
 129:Core/Src/main.c ****   /* Infinite loop */
 130:Core/Src/main.c ****   /* USER CODE BEGIN WHILE */
 131:Core/Src/main.c ****   while (1)
 132:Core/Src/main.c ****   {
 133:Core/Src/main.c ****     /* USER CODE END WHILE */
 134:Core/Src/main.c **** 
 135:Core/Src/main.c ****     /* USER CODE BEGIN 3 */
 136:Core/Src/main.c ****     // Visual indicator: Turn on LED0 to signal processing start
 137:Core/Src/main.c ****     HAL_GPIO_WritePin(GPIOB, GPIO_PIN_0, GPIO_PIN_SET);
 138:Core/Src/main.c **** 
 139:Core/Src/main.c ****     // Loop through all test sizes
 140:Core/Src/main.c ****     for (int i = 0; i < 5; i++) {
 141:Core/Src/main.c ****       int width = test_sizes[i];
 142:Core/Src/main.c ****       int height = test_sizes[i];
 143:Core/Src/main.c **** 
 144:Core/Src/main.c ****       // Start precise timing for Mandelbrot function only
 145:Core/Src/main.c ****       start_precise_timing();
ARM GAS  C:\Users\rosto\AppData\Local\Temp\cc9r4Yso.s 			page 4


 146:Core/Src/main.c **** 
 147:Core/Src/main.c ****       // Run Mandelbrot calculation
 148:Core/Src/main.c ****       checksum = calculate_mandelbrot_fixed_point_arithmetic(width, height, MAX_ITER);
 149:Core/Src/main.c ****       // checksum = calculate_mandelbrot_float(width, height, MAX_ITER);
 150:Core/Src/main.c ****       // checksum = calculate_mandelbrot_double(width, height, MAX_ITER);
 151:Core/Src/main.c **** 
 152:Core/Src/main.c ****       // Stop precise timing
 153:Core/Src/main.c ****       stop_precise_timing();
 154:Core/Src/main.c **** 
 155:Core/Src/main.c ****       // Calculate throughput
 156:Core/Src/main.c ****       calculate_throughput(width, height);
 157:Core/Src/main.c **** 
 158:Core/Src/main.c ****       // Store results
 159:Core/Src/main.c ****       checksum_results[i] = checksum;
 160:Core/Src/main.c ****       execution_time_results[i] = execution_time_ms;
 161:Core/Src/main.c ****       cpu_cycles_results[i] = cpu_cycles;
 162:Core/Src/main.c ****       throughput_results[i] = throughput_pixels_per_sec;
 163:Core/Src/main.c **** 
 164:Core/Src/main.c ****       // Visual indicator: Turn on LED1 to signal processing active
 165:Core/Src/main.c ****       HAL_GPIO_WritePin(GPIOB, GPIO_PIN_1, GPIO_PIN_SET);
 166:Core/Src/main.c **** 
 167:Core/Src/main.c ****       // Keep LEDs ON for 2s after completing each test
 168:Core/Src/main.c ****       HAL_Delay(2000);
 169:Core/Src/main.c **** 
 170:Core/Src/main.c ****       // Turn OFF LED1
 171:Core/Src/main.c ****       HAL_GPIO_WritePin(GPIOB, GPIO_PIN_1, GPIO_PIN_RESET);
 172:Core/Src/main.c ****     }
 173:Core/Src/main.c **** 
 174:Core/Src/main.c ****     // Turn OFF all LEDs
 175:Core/Src/main.c ****     HAL_GPIO_WritePin(GPIOB, GPIO_PIN_0|GPIO_PIN_1, GPIO_PIN_RESET);
 176:Core/Src/main.c **** 
 177:Core/Src/main.c ****   }
 178:Core/Src/main.c ****   /* USER CODE END 3 */
 179:Core/Src/main.c **** }
 180:Core/Src/main.c **** 
 181:Core/Src/main.c **** /**
 182:Core/Src/main.c ****   * @brief System Clock Configuration
 183:Core/Src/main.c ****   * @retval None
 184:Core/Src/main.c ****   */
 185:Core/Src/main.c **** void SystemClock_Config(void)
 186:Core/Src/main.c **** {
 187:Core/Src/main.c ****   RCC_OscInitTypeDef RCC_OscInitStruct = {0};
 188:Core/Src/main.c ****   RCC_ClkInitTypeDef RCC_ClkInitStruct = {0};
 189:Core/Src/main.c **** 
 190:Core/Src/main.c ****   /** Configure the main internal regulator output voltage
 191:Core/Src/main.c ****   */
 192:Core/Src/main.c ****   __HAL_RCC_PWR_CLK_ENABLE();
 193:Core/Src/main.c ****   __HAL_PWR_VOLTAGESCALING_CONFIG(PWR_REGULATOR_VOLTAGE_SCALE3);
 194:Core/Src/main.c **** 
 195:Core/Src/main.c ****   /** Initializes the RCC Oscillators according to the specified parameters
 196:Core/Src/main.c ****   * in the RCC_OscInitTypeDef structure.
 197:Core/Src/main.c ****   */
 198:Core/Src/main.c ****   RCC_OscInitStruct.OscillatorType = RCC_OSCILLATORTYPE_HSE;
 199:Core/Src/main.c ****   RCC_OscInitStruct.HSEState = RCC_HSE_ON;
 200:Core/Src/main.c ****   RCC_OscInitStruct.PLL.PLLState = RCC_PLL_ON;
 201:Core/Src/main.c ****   RCC_OscInitStruct.PLL.PLLSource = RCC_PLLSOURCE_HSE;
 202:Core/Src/main.c ****   RCC_OscInitStruct.PLL.PLLM = 15;
ARM GAS  C:\Users\rosto\AppData\Local\Temp\cc9r4Yso.s 			page 5


 203:Core/Src/main.c ****   RCC_OscInitStruct.PLL.PLLN = 144;
 204:Core/Src/main.c ****   RCC_OscInitStruct.PLL.PLLP = RCC_PLLP_DIV2;
 205:Core/Src/main.c ****   RCC_OscInitStruct.PLL.PLLQ = 2;
 206:Core/Src/main.c ****   RCC_OscInitStruct.PLL.PLLR = 2;
 207:Core/Src/main.c ****   if (HAL_RCC_OscConfig(&RCC_OscInitStruct) != HAL_OK)
 208:Core/Src/main.c ****   {
 209:Core/Src/main.c ****     Error_Handler();
 210:Core/Src/main.c ****   }
 211:Core/Src/main.c **** 
 212:Core/Src/main.c ****   /** Initializes the CPU, AHB and APB buses clocks
 213:Core/Src/main.c ****   */
 214:Core/Src/main.c ****   RCC_ClkInitStruct.ClockType = RCC_CLOCKTYPE_HCLK|RCC_CLOCKTYPE_SYSCLK
 215:Core/Src/main.c ****                               |RCC_CLOCKTYPE_PCLK1|RCC_CLOCKTYPE_PCLK2;
 216:Core/Src/main.c ****   RCC_ClkInitStruct.SYSCLKSource = RCC_SYSCLKSOURCE_PLLCLK;
 217:Core/Src/main.c ****   RCC_ClkInitStruct.AHBCLKDivider = RCC_SYSCLK_DIV1;
 218:Core/Src/main.c ****   RCC_ClkInitStruct.APB1CLKDivider = RCC_HCLK_DIV4;
 219:Core/Src/main.c ****   RCC_ClkInitStruct.APB2CLKDivider = RCC_HCLK_DIV2;
 220:Core/Src/main.c **** 
 221:Core/Src/main.c ****   if (HAL_RCC_ClockConfig(&RCC_ClkInitStruct, FLASH_LATENCY_3) != HAL_OK)
 222:Core/Src/main.c ****   {
 223:Core/Src/main.c ****     Error_Handler();
 224:Core/Src/main.c ****   }
 225:Core/Src/main.c **** }
 226:Core/Src/main.c **** 
 227:Core/Src/main.c **** /**
 228:Core/Src/main.c ****   * @brief GPIO Initialization Function
 229:Core/Src/main.c ****   * @param None
 230:Core/Src/main.c ****   * @retval None
 231:Core/Src/main.c ****   */
 232:Core/Src/main.c **** static void MX_GPIO_Init(void)
 233:Core/Src/main.c **** {
  28              		.loc 1 233 1 view -0
  29              		.cfi_startproc
  30              		@ args = 0, pretend = 0, frame = 32
  31              		@ frame_needed = 0, uses_anonymous_args = 0
  32 0000 30B5     		push	{r4, r5, lr}
  33              	.LCFI0:
  34              		.cfi_def_cfa_offset 12
  35              		.cfi_offset 4, -12
  36              		.cfi_offset 5, -8
  37              		.cfi_offset 14, -4
  38 0002 89B0     		sub	sp, sp, #36
  39              	.LCFI1:
  40              		.cfi_def_cfa_offset 48
 234:Core/Src/main.c ****   GPIO_InitTypeDef GPIO_InitStruct = {0};
  41              		.loc 1 234 3 view .LVU1
  42              		.loc 1 234 20 is_stmt 0 view .LVU2
  43 0004 0024     		movs	r4, #0
  44 0006 0394     		str	r4, [sp, #12]
  45 0008 0494     		str	r4, [sp, #16]
  46 000a 0594     		str	r4, [sp, #20]
  47 000c 0694     		str	r4, [sp, #24]
  48 000e 0794     		str	r4, [sp, #28]
 235:Core/Src/main.c ****   /* USER CODE BEGIN MX_GPIO_Init_1 */
 236:Core/Src/main.c **** 
 237:Core/Src/main.c **** /* USER CODE END MX_GPIO_Init_1 */
 238:Core/Src/main.c **** 
ARM GAS  C:\Users\rosto\AppData\Local\Temp\cc9r4Yso.s 			page 6


 239:Core/Src/main.c ****   /* GPIO Ports Clock Enable */
 240:Core/Src/main.c ****   __HAL_RCC_GPIOC_CLK_ENABLE();
  49              		.loc 1 240 3 is_stmt 1 view .LVU3
  50              	.LBB4:
  51              		.loc 1 240 3 view .LVU4
  52 0010 0094     		str	r4, [sp]
  53              		.loc 1 240 3 view .LVU5
  54 0012 184B     		ldr	r3, .L3
  55 0014 1A6B     		ldr	r2, [r3, #48]
  56 0016 42F00402 		orr	r2, r2, #4
  57 001a 1A63     		str	r2, [r3, #48]
  58              		.loc 1 240 3 view .LVU6
  59 001c 1A6B     		ldr	r2, [r3, #48]
  60 001e 02F00402 		and	r2, r2, #4
  61 0022 0092     		str	r2, [sp]
  62              		.loc 1 240 3 view .LVU7
  63 0024 009A     		ldr	r2, [sp]
  64              	.LBE4:
  65              		.loc 1 240 3 view .LVU8
 241:Core/Src/main.c ****   __HAL_RCC_GPIOH_CLK_ENABLE();
  66              		.loc 1 241 3 view .LVU9
  67              	.LBB5:
  68              		.loc 1 241 3 view .LVU10
  69 0026 0194     		str	r4, [sp, #4]
  70              		.loc 1 241 3 view .LVU11
  71 0028 1A6B     		ldr	r2, [r3, #48]
  72 002a 42F08002 		orr	r2, r2, #128
  73 002e 1A63     		str	r2, [r3, #48]
  74              		.loc 1 241 3 view .LVU12
  75 0030 1A6B     		ldr	r2, [r3, #48]
  76 0032 02F08002 		and	r2, r2, #128
  77 0036 0192     		str	r2, [sp, #4]
  78              		.loc 1 241 3 view .LVU13
  79 0038 019A     		ldr	r2, [sp, #4]
  80              	.LBE5:
  81              		.loc 1 241 3 view .LVU14
 242:Core/Src/main.c ****   __HAL_RCC_GPIOB_CLK_ENABLE();
  82              		.loc 1 242 3 view .LVU15
  83              	.LBB6:
  84              		.loc 1 242 3 view .LVU16
  85 003a 0294     		str	r4, [sp, #8]
  86              		.loc 1 242 3 view .LVU17
  87 003c 1A6B     		ldr	r2, [r3, #48]
  88 003e 42F00202 		orr	r2, r2, #2
  89 0042 1A63     		str	r2, [r3, #48]
  90              		.loc 1 242 3 view .LVU18
  91 0044 1B6B     		ldr	r3, [r3, #48]
  92 0046 03F00203 		and	r3, r3, #2
  93 004a 0293     		str	r3, [sp, #8]
  94              		.loc 1 242 3 view .LVU19
  95 004c 029B     		ldr	r3, [sp, #8]
  96              	.LBE6:
  97              		.loc 1 242 3 view .LVU20
 243:Core/Src/main.c **** 
 244:Core/Src/main.c ****   /*Configure GPIO pin Output Level */
 245:Core/Src/main.c ****   HAL_GPIO_WritePin(GPIOB, GPIO_PIN_0|GPIO_PIN_1|GPIO_PIN_2|GPIO_PIN_3
  98              		.loc 1 245 3 view .LVU21
ARM GAS  C:\Users\rosto\AppData\Local\Temp\cc9r4Yso.s 			page 7


  99 004e 0A4D     		ldr	r5, .L3+4
 100 0050 2246     		mov	r2, r4
 101 0052 FF21     		movs	r1, #255
 102 0054 2846     		mov	r0, r5
 103 0056 FFF7FEFF 		bl	HAL_GPIO_WritePin
 104              	.LVL0:
 246:Core/Src/main.c ****                           |GPIO_PIN_4|GPIO_PIN_5|GPIO_PIN_6|GPIO_PIN_7, GPIO_PIN_RESET);
 247:Core/Src/main.c **** 
 248:Core/Src/main.c ****   /*Configure GPIO pins : PB0 PB1 PB2 PB3
 249:Core/Src/main.c ****                            PB4 PB5 PB6 PB7 */
 250:Core/Src/main.c ****   GPIO_InitStruct.Pin = GPIO_PIN_0|GPIO_PIN_1|GPIO_PIN_2|GPIO_PIN_3
 105              		.loc 1 250 3 view .LVU22
 106              		.loc 1 250 23 is_stmt 0 view .LVU23
 107 005a FF23     		movs	r3, #255
 108 005c 0393     		str	r3, [sp, #12]
 251:Core/Src/main.c ****                           |GPIO_PIN_4|GPIO_PIN_5|GPIO_PIN_6|GPIO_PIN_7;
 252:Core/Src/main.c ****   GPIO_InitStruct.Mode = GPIO_MODE_OUTPUT_PP;
 109              		.loc 1 252 3 is_stmt 1 view .LVU24
 110              		.loc 1 252 24 is_stmt 0 view .LVU25
 111 005e 0123     		movs	r3, #1
 112 0060 0493     		str	r3, [sp, #16]
 253:Core/Src/main.c ****   GPIO_InitStruct.Pull = GPIO_NOPULL;
 113              		.loc 1 253 3 is_stmt 1 view .LVU26
 114              		.loc 1 253 24 is_stmt 0 view .LVU27
 115 0062 0594     		str	r4, [sp, #20]
 254:Core/Src/main.c ****   GPIO_InitStruct.Speed = GPIO_SPEED_FREQ_LOW;
 116              		.loc 1 254 3 is_stmt 1 view .LVU28
 117              		.loc 1 254 25 is_stmt 0 view .LVU29
 118 0064 0694     		str	r4, [sp, #24]
 255:Core/Src/main.c ****   HAL_GPIO_Init(GPIOB, &GPIO_InitStruct);
 119              		.loc 1 255 3 is_stmt 1 view .LVU30
 120 0066 03A9     		add	r1, sp, #12
 121 0068 2846     		mov	r0, r5
 122 006a FFF7FEFF 		bl	HAL_GPIO_Init
 123              	.LVL1:
 256:Core/Src/main.c **** 
 257:Core/Src/main.c **** /* USER CODE BEGIN MX_GPIO_Init_2 */
 258:Core/Src/main.c **** 
 259:Core/Src/main.c **** /* USER CODE END MX_GPIO_Init_2 */
 260:Core/Src/main.c **** }
 124              		.loc 1 260 1 is_stmt 0 view .LVU31
 125 006e 09B0     		add	sp, sp, #36
 126              	.LCFI2:
 127              		.cfi_def_cfa_offset 12
 128              		@ sp needed
 129 0070 30BD     		pop	{r4, r5, pc}
 130              	.L4:
 131 0072 00BF     		.align	2
 132              	.L3:
 133 0074 00380240 		.word	1073887232
 134 0078 00040240 		.word	1073873920
 135              		.cfi_endproc
 136              	.LFE136:
 138              		.section	.text.init_timing_system,"ax",%progbits
 139              		.align	1
 140              		.global	init_timing_system
 141              		.syntax unified
ARM GAS  C:\Users\rosto\AppData\Local\Temp\cc9r4Yso.s 			page 8


 142              		.thumb
 143              		.thumb_func
 145              	init_timing_system:
 146              	.LFB137:
 261:Core/Src/main.c **** 
 262:Core/Src/main.c **** /* USER CODE BEGIN 4 */
 263:Core/Src/main.c **** 
 264:Core/Src/main.c **** // Task 3: Initialize DWT cycle counter for precise timing
 265:Core/Src/main.c **** void init_timing_system(void) {
 147              		.loc 1 265 31 is_stmt 1 view -0
 148              		.cfi_startproc
 149              		@ args = 0, pretend = 0, frame = 0
 150              		@ frame_needed = 0, uses_anonymous_args = 0
 151              		@ link register save eliminated.
 266:Core/Src/main.c ****   // Enable DWT (Data Watchpoint and Trace) unit
 267:Core/Src/main.c ****   CoreDebug->DEMCR |= CoreDebug_DEMCR_TRCENA_Msk;
 152              		.loc 1 267 3 view .LVU33
 153              		.loc 1 267 12 is_stmt 0 view .LVU34
 154 0000 074A     		ldr	r2, .L6
 155 0002 D2F8FC30 		ldr	r3, [r2, #252]
 156              		.loc 1 267 20 view .LVU35
 157 0006 43F08073 		orr	r3, r3, #16777216
 158 000a C2F8FC30 		str	r3, [r2, #252]
 268:Core/Src/main.c **** 
 269:Core/Src/main.c ****   // Enable cycle counter
 270:Core/Src/main.c ****   DWT->CTRL |= DWT_CTRL_CYCCNTENA_Msk;
 159              		.loc 1 270 3 is_stmt 1 view .LVU36
 160              		.loc 1 270 6 is_stmt 0 view .LVU37
 161 000e 054B     		ldr	r3, .L6+4
 162 0010 1A68     		ldr	r2, [r3]
 163              		.loc 1 270 13 view .LVU38
 164 0012 42F00102 		orr	r2, r2, #1
 165 0016 1A60     		str	r2, [r3]
 271:Core/Src/main.c **** 
 272:Core/Src/main.c ****   // Reset cycle counter
 273:Core/Src/main.c ****   DWT->CYCCNT = 0;
 166              		.loc 1 273 3 is_stmt 1 view .LVU39
 167              		.loc 1 273 15 is_stmt 0 view .LVU40
 168 0018 0022     		movs	r2, #0
 169 001a 5A60     		str	r2, [r3, #4]
 274:Core/Src/main.c **** }
 170              		.loc 1 274 1 view .LVU41
 171 001c 7047     		bx	lr
 172              	.L7:
 173 001e 00BF     		.align	2
 174              	.L6:
 175 0020 00ED00E0 		.word	-536810240
 176 0024 001000E0 		.word	-536866816
 177              		.cfi_endproc
 178              	.LFE137:
 180              		.section	.text.start_precise_timing,"ax",%progbits
 181              		.align	1
 182              		.global	start_precise_timing
 183              		.syntax unified
 184              		.thumb
 185              		.thumb_func
 187              	start_precise_timing:
ARM GAS  C:\Users\rosto\AppData\Local\Temp\cc9r4Yso.s 			page 9


 188              	.LFB138:
 275:Core/Src/main.c **** 
 276:Core/Src/main.c **** // Task 3: Start precise timing measurement
 277:Core/Src/main.c **** void start_precise_timing(void) {
 189              		.loc 1 277 33 is_stmt 1 view -0
 190              		.cfi_startproc
 191              		@ args = 0, pretend = 0, frame = 0
 192              		@ frame_needed = 0, uses_anonymous_args = 0
 193 0000 08B5     		push	{r3, lr}
 194              	.LCFI3:
 195              		.cfi_def_cfa_offset 8
 196              		.cfi_offset 3, -8
 197              		.cfi_offset 14, -4
 278:Core/Src/main.c ****   // Reset and start DWT cycle counter
 279:Core/Src/main.c ****   DWT->CYCCNT = 0;
 198              		.loc 1 279 3 view .LVU43
 199              		.loc 1 279 15 is_stmt 0 view .LVU44
 200 0002 054B     		ldr	r3, .L10
 201 0004 0022     		movs	r2, #0
 202 0006 5A60     		str	r2, [r3, #4]
 280:Core/Src/main.c ****   start_cycles = DWT->CYCCNT;
 203              		.loc 1 280 3 is_stmt 1 view .LVU45
 204              		.loc 1 280 21 is_stmt 0 view .LVU46
 205 0008 5A68     		ldr	r2, [r3, #4]
 206              		.loc 1 280 16 view .LVU47
 207 000a 044B     		ldr	r3, .L10+4
 208 000c 1A60     		str	r2, [r3]
 281:Core/Src/main.c **** 
 282:Core/Src/main.c ****   // Also start millisecond timer for backup/validation
 283:Core/Src/main.c ****   start_time = HAL_GetTick();
 209              		.loc 1 283 3 is_stmt 1 view .LVU48
 210              		.loc 1 283 16 is_stmt 0 view .LVU49
 211 000e FFF7FEFF 		bl	HAL_GetTick
 212              	.LVL2:
 213              		.loc 1 283 14 discriminator 1 view .LVU50
 214 0012 034B     		ldr	r3, .L10+8
 215 0014 1860     		str	r0, [r3]
 284:Core/Src/main.c **** }
 216              		.loc 1 284 1 view .LVU51
 217 0016 08BD     		pop	{r3, pc}
 218              	.L11:
 219              		.align	2
 220              	.L10:
 221 0018 001000E0 		.word	-536866816
 222 001c 00000000 		.word	start_cycles
 223 0020 00000000 		.word	start_time
 224              		.cfi_endproc
 225              	.LFE138:
 227              		.section	.text.stop_precise_timing,"ax",%progbits
 228              		.align	1
 229              		.global	stop_precise_timing
 230              		.syntax unified
 231              		.thumb
 232              		.thumb_func
 234              	stop_precise_timing:
 235              	.LFB139:
 285:Core/Src/main.c **** 
ARM GAS  C:\Users\rosto\AppData\Local\Temp\cc9r4Yso.s 			page 10


 286:Core/Src/main.c **** // Task 3: Stop precise timing measurement
 287:Core/Src/main.c **** void stop_precise_timing(void) {
 236              		.loc 1 287 32 is_stmt 1 view -0
 237              		.cfi_startproc
 238              		@ args = 0, pretend = 0, frame = 0
 239              		@ frame_needed = 0, uses_anonymous_args = 0
 240 0000 08B5     		push	{r3, lr}
 241              	.LCFI4:
 242              		.cfi_def_cfa_offset 8
 243              		.cfi_offset 3, -8
 244              		.cfi_offset 14, -4
 288:Core/Src/main.c ****   // Stop cycle counter first (most precise)
 289:Core/Src/main.c ****   end_cycles = DWT->CYCCNT;
 245              		.loc 1 289 3 view .LVU53
 246              		.loc 1 289 19 is_stmt 0 view .LVU54
 247 0002 164B     		ldr	r3, .L15
 248 0004 5A68     		ldr	r2, [r3, #4]
 249              		.loc 1 289 14 view .LVU55
 250 0006 164B     		ldr	r3, .L15+4
 251 0008 1A60     		str	r2, [r3]
 290:Core/Src/main.c ****   cpu_cycles = end_cycles - start_cycles;
 252              		.loc 1 290 3 is_stmt 1 view .LVU56
 253              		.loc 1 290 27 is_stmt 0 view .LVU57
 254 000a 1B68     		ldr	r3, [r3]
 255 000c 154A     		ldr	r2, .L15+8
 256 000e 1268     		ldr	r2, [r2]
 257 0010 9B1A     		subs	r3, r3, r2
 258              		.loc 1 290 14 view .LVU58
 259 0012 154A     		ldr	r2, .L15+12
 260 0014 1360     		str	r3, [r2]
 291:Core/Src/main.c **** 
 292:Core/Src/main.c ****   // Stop millisecond timer
 293:Core/Src/main.c ****   end_time = HAL_GetTick();
 261              		.loc 1 293 3 is_stmt 1 view .LVU59
 262              		.loc 1 293 14 is_stmt 0 view .LVU60
 263 0016 FFF7FEFF 		bl	HAL_GetTick
 264              	.LVL3:
 265              		.loc 1 293 12 discriminator 1 view .LVU61
 266 001a 144B     		ldr	r3, .L15+16
 267 001c 1860     		str	r0, [r3]
 294:Core/Src/main.c ****   execution_time_ms = end_time - start_time;
 268              		.loc 1 294 3 is_stmt 1 view .LVU62
 269              		.loc 1 294 32 is_stmt 0 view .LVU63
 270 001e 1B68     		ldr	r3, [r3]
 271 0020 134A     		ldr	r2, .L15+20
 272 0022 1268     		ldr	r2, [r2]
 273 0024 9B1A     		subs	r3, r3, r2
 274              		.loc 1 294 21 view .LVU64
 275 0026 134A     		ldr	r2, .L15+24
 276 0028 1360     		str	r3, [r2]
 295:Core/Src/main.c **** 
 296:Core/Src/main.c ****   // If execution time is 0ms but we have cycles, calculate more precise time
 297:Core/Src/main.c ****   if (execution_time_ms == 0 && cpu_cycles > 0) {
 277              		.loc 1 297 3 is_stmt 1 view .LVU65
 278              		.loc 1 297 25 is_stmt 0 view .LVU66
 279 002a 1368     		ldr	r3, [r2]
 280              		.loc 1 297 6 view .LVU67
ARM GAS  C:\Users\rosto\AppData\Local\Temp\cc9r4Yso.s 			page 11


 281 002c A3B9     		cbnz	r3, .L12
 282              		.loc 1 297 44 discriminator 1 view .LVU68
 283 002e 0E4B     		ldr	r3, .L15+12
 284 0030 1B68     		ldr	r3, [r3]
 285              		.loc 1 297 30 discriminator 1 view .LVU69
 286 0032 8BB1     		cbz	r3, .L12
 287              	.LBB7:
 298:Core/Src/main.c ****     // Calculate execution time in microseconds from cycle count
 299:Core/Src/main.c ****     // execution_time_us = (cpu_cycles * 1000000) / SYSTEM_CLOCK_FREQ
 300:Core/Src/main.c ****     // Convert to milliseconds: / 1000
 301:Core/Src/main.c ****     uint32_t execution_time_us = (cpu_cycles * 1000) / (SYSTEM_CLOCK_FREQ / 1000);
 288              		.loc 1 301 5 is_stmt 1 view .LVU70
 289              		.loc 1 301 46 is_stmt 0 view .LVU71
 290 0034 0C4B     		ldr	r3, .L15+12
 291 0036 1B68     		ldr	r3, [r3]
 292 0038 4FF47A72 		mov	r2, #1000
 293 003c 02FB03F3 		mul	r3, r2, r3
 294              		.loc 1 301 14 view .LVU72
 295 0040 0D4A     		ldr	r2, .L15+28
 296 0042 A2FB0323 		umull	r2, r3, r2, r3
 297 0046 DB0B     		lsrs	r3, r3, #15
 298              	.LVL4:
 302:Core/Src/main.c ****     execution_time_ms = (execution_time_us + 500) / 1000; // Round to nearest ms
 299              		.loc 1 302 5 is_stmt 1 view .LVU73
 300              		.loc 1 302 44 is_stmt 0 view .LVU74
 301 0048 03F5FA73 		add	r3, r3, #500
 302              	.LVL5:
 303              		.loc 1 302 51 view .LVU75
 304 004c 0B4A     		ldr	r2, .L15+32
 305 004e A2FB0323 		umull	r2, r3, r2, r3
 306              	.LVL6:
 307              		.loc 1 302 51 view .LVU76
 308 0052 9B09     		lsrs	r3, r3, #6
 309              		.loc 1 302 23 view .LVU77
 310 0054 074A     		ldr	r2, .L15+24
 311 0056 1360     		str	r3, [r2]
 312              	.LVL7:
 313              	.L12:
 314              		.loc 1 302 23 view .LVU78
 315              	.LBE7:
 303:Core/Src/main.c ****   }
 304:Core/Src/main.c **** }
 316              		.loc 1 304 1 view .LVU79
 317 0058 08BD     		pop	{r3, pc}
 318              	.L16:
 319 005a 00BF     		.align	2
 320              	.L15:
 321 005c 001000E0 		.word	-536866816
 322 0060 00000000 		.word	end_cycles
 323 0064 00000000 		.word	start_cycles
 324 0068 00000000 		.word	cpu_cycles
 325 006c 00000000 		.word	end_time
 326 0070 00000000 		.word	start_time
 327 0074 00000000 		.word	execution_time_ms
 328 0078 73B2E745 		.word	1172812403
 329 007c D34D6210 		.word	274877907
 330              		.cfi_endproc
ARM GAS  C:\Users\rosto\AppData\Local\Temp\cc9r4Yso.s 			page 12


 331              	.LFE139:
 333              		.section	.text.calculate_throughput,"ax",%progbits
 334              		.align	1
 335              		.global	calculate_throughput
 336              		.syntax unified
 337              		.thumb
 338              		.thumb_func
 340              	calculate_throughput:
 341              	.LVL8:
 342              	.LFB140:
 305:Core/Src/main.c **** 
 306:Core/Src/main.c **** // Task 3: Calculate throughput in pixels per second
 307:Core/Src/main.c **** void calculate_throughput(int width, int height) {
 343              		.loc 1 307 50 is_stmt 1 view -0
 344              		.cfi_startproc
 345              		@ args = 0, pretend = 0, frame = 0
 346              		@ frame_needed = 0, uses_anonymous_args = 0
 347              		@ link register save eliminated.
 308:Core/Src/main.c ****   uint32_t total_pixels = width * height;
 348              		.loc 1 308 3 view .LVU81
 349              		.loc 1 308 33 is_stmt 0 view .LVU82
 350 0000 01FB00F0 		mul	r0, r1, r0
 351              	.LVL9:
 309:Core/Src/main.c **** 
 310:Core/Src/main.c ****   if (cpu_cycles > 0) {
 352              		.loc 1 310 3 is_stmt 1 view .LVU83
 353              		.loc 1 310 18 is_stmt 0 view .LVU84
 354 0004 174B     		ldr	r3, .L21
 355 0006 1B68     		ldr	r3, [r3]
 356              		.loc 1 310 6 view .LVU85
 357 0008 93B1     		cbz	r3, .L18
 358              	.LBB8:
 311:Core/Src/main.c ****     // Use cycle-accurate timing for most precise calculation
 312:Core/Src/main.c ****     float execution_time_seconds = (float)cpu_cycles / (float)SYSTEM_CLOCK_FREQ;
 359              		.loc 1 312 5 is_stmt 1 view .LVU86
 360              		.loc 1 312 36 is_stmt 0 view .LVU87
 361 000a 164B     		ldr	r3, .L21
 362 000c D3ED007A 		vldr.32	s15, [r3]	@ int
 363 0010 F8EE677A 		vcvt.f32.u32	s15, s15
 364              		.loc 1 312 11 view .LVU88
 365 0014 9FED147A 		vldr.32	s14, .L21+4
 366 0018 C7EE876A 		vdiv.f32	s13, s15, s14
 367              	.LVL10:
 313:Core/Src/main.c ****     throughput_pixels_per_sec = (float)total_pixels / execution_time_seconds;
 368              		.loc 1 313 5 is_stmt 1 view .LVU89
 369              		.loc 1 313 33 is_stmt 0 view .LVU90
 370 001c 07EE900A 		vmov	s15, r0	@ int
 371 0020 F8EE677A 		vcvt.f32.u32	s15, s15
 372              		.loc 1 313 53 view .LVU91
 373 0024 87EEA67A 		vdiv.f32	s14, s15, s13
 374              		.loc 1 313 31 view .LVU92
 375 0028 104B     		ldr	r3, .L21+8
 376 002a 83ED007A 		vstr.32	s14, [r3]
 377              	.LBE8:
 378 002e 7047     		bx	lr
 379              	.LVL11:
 380              	.L18:
ARM GAS  C:\Users\rosto\AppData\Local\Temp\cc9r4Yso.s 			page 13


 314:Core/Src/main.c ****   } else if (execution_time_ms > 0) {
 381              		.loc 1 314 10 is_stmt 1 view .LVU93
 382              		.loc 1 314 32 is_stmt 0 view .LVU94
 383 0030 0F4B     		ldr	r3, .L21+12
 384 0032 1B68     		ldr	r3, [r3]
 385              		.loc 1 314 13 view .LVU95
 386 0034 93B1     		cbz	r3, .L20
 315:Core/Src/main.c ****     // Fallback to millisecond timing
 316:Core/Src/main.c ****     throughput_pixels_per_sec = (float)total_pixels * 1000.0f / (float)execution_time_ms;
 387              		.loc 1 316 5 is_stmt 1 view .LVU96
 388              		.loc 1 316 33 is_stmt 0 view .LVU97
 389 0036 07EE900A 		vmov	s15, r0	@ int
 390 003a F8EE677A 		vcvt.f32.u32	s15, s15
 391              		.loc 1 316 53 view .LVU98
 392 003e 9FED0D7A 		vldr.32	s14, .L21+16
 393 0042 67EE877A 		vmul.f32	s15, s15, s14
 394              		.loc 1 316 65 view .LVU99
 395 0046 0A4B     		ldr	r3, .L21+12
 396 0048 93ED007A 		vldr.32	s14, [r3]	@ int
 397 004c B8EE477A 		vcvt.f32.u32	s14, s14
 398              		.loc 1 316 63 view .LVU100
 399 0050 C7EE876A 		vdiv.f32	s13, s15, s14
 400              		.loc 1 316 31 view .LVU101
 401 0054 054B     		ldr	r3, .L21+8
 402 0056 C3ED006A 		vstr.32	s13, [r3]
 403 005a 7047     		bx	lr
 404              	.L20:
 317:Core/Src/main.c ****   } else {
 318:Core/Src/main.c ****     throughput_pixels_per_sec = 0.0f;
 405              		.loc 1 318 5 is_stmt 1 view .LVU102
 406              		.loc 1 318 31 is_stmt 0 view .LVU103
 407 005c 034B     		ldr	r3, .L21+8
 408 005e 0022     		movs	r2, #0
 409 0060 1A60     		str	r2, [r3]	@ float
 319:Core/Src/main.c ****   }
 320:Core/Src/main.c **** }
 410              		.loc 1 320 1 view .LVU104
 411 0062 7047     		bx	lr
 412              	.L22:
 413              		.align	2
 414              	.L21:
 415 0064 00000000 		.word	cpu_cycles
 416 0068 C0E1E44C 		.word	1290068416
 417 006c 00000000 		.word	throughput_pixels_per_sec
 418 0070 00000000 		.word	execution_time_ms
 419 0074 00007A44 		.word	1148846080
 420              		.cfi_endproc
 421              	.LFE140:
 423              		.global	__aeabi_ldivmod
 424              		.section	.text.calculate_mandelbrot_fixed_point_arithmetic,"ax",%progbits
 425              		.align	1
 426              		.global	calculate_mandelbrot_fixed_point_arithmetic
 427              		.syntax unified
 428              		.thumb
 429              		.thumb_func
 431              	calculate_mandelbrot_fixed_point_arithmetic:
 432              	.LVL12:
ARM GAS  C:\Users\rosto\AppData\Local\Temp\cc9r4Yso.s 			page 14


 433              	.LFB141:
 321:Core/Src/main.c **** 
 322:Core/Src/main.c **** // Mandelbrot using fixed-point integers
 323:Core/Src/main.c **** uint64_t calculate_mandelbrot_fixed_point_arithmetic(int width, int height, int max_iterations){
 434              		.loc 1 323 96 is_stmt 1 view -0
 435              		.cfi_startproc
 436              		@ args = 0, pretend = 0, frame = 40
 437              		@ frame_needed = 0, uses_anonymous_args = 0
 438              		.loc 1 323 96 is_stmt 0 view .LVU106
 439 0000 2DE9F04F 		push	{r4, r5, r6, r7, r8, r9, r10, fp, lr}
 440              	.LCFI5:
 441              		.cfi_def_cfa_offset 36
 442              		.cfi_offset 4, -36
 443              		.cfi_offset 5, -32
 444              		.cfi_offset 6, -28
 445              		.cfi_offset 7, -24
 446              		.cfi_offset 8, -20
 447              		.cfi_offset 9, -16
 448              		.cfi_offset 10, -12
 449              		.cfi_offset 11, -8
 450              		.cfi_offset 14, -4
 451 0004 8BB0     		sub	sp, sp, #44
 452              	.LCFI6:
 453              		.cfi_def_cfa_offset 80
 454 0006 0490     		str	r0, [sp, #16]
 455 0008 8A46     		mov	r10, r1
 456 000a 0092     		str	r2, [sp]
 324:Core/Src/main.c ****     uint64_t mandelbrot_sum = 0;
 457              		.loc 1 324 5 is_stmt 1 view .LVU107
 458              	.LVL13:
 325:Core/Src/main.c **** 
 326:Core/Src/main.c ****     for (int y = 0; y < height; y++) {
 459              		.loc 1 326 5 view .LVU108
 460              	.LBB9:
 461              		.loc 1 326 10 view .LVU109
 462              		.loc 1 326 14 is_stmt 0 view .LVU110
 463 000c 0025     		movs	r5, #0
 464              	.LBE9:
 324:Core/Src/main.c ****     uint64_t mandelbrot_sum = 0;
 465              		.loc 1 324 14 view .LVU111
 466 000e 0595     		str	r5, [sp, #20]
 467 0010 0695     		str	r5, [sp, #24]
 468              	.LBB18:
 469              		.loc 1 326 5 view .LVU112
 470 0012 66E0     		b	.L24
 471              	.LVL14:
 472              	.L32:
 473              	.LBB10:
 474              	.LBB11:
 475              	.LBB12:
 476              	.LBB13:
 327:Core/Src/main.c ****         // y0 = (y/height)*2.0 - 1.0  (scaled)
 328:Core/Src/main.c ****         int64_t y0 = ((int64_t)y * 2000000 / height) - 1000000;
 329:Core/Src/main.c **** 
 330:Core/Src/main.c ****         for (int x = 0; x < width; x++) {
 331:Core/Src/main.c ****             // x0 = (x/width)*3.5 - 2.5  (scaled)
 332:Core/Src/main.c ****             int64_t x0 = ((int64_t)x * 3500000 / width) - 2500000;
ARM GAS  C:\Users\rosto\AppData\Local\Temp\cc9r4Yso.s 			page 15


 333:Core/Src/main.c **** 
 334:Core/Src/main.c ****             int64_t xi = 0, yi = 0;
 335:Core/Src/main.c ****             int iteration = 0;
 336:Core/Src/main.c **** 
 337:Core/Src/main.c ****             while (iteration < max_iterations) {
 338:Core/Src/main.c ****                 // xi*xi + yi*yi <= 4
 339:Core/Src/main.c ****                 int64_t xi2 = (xi * xi) / SCALE;
 340:Core/Src/main.c ****                 int64_t yi2 = (yi * yi) / SCALE;
 341:Core/Src/main.c ****                 if (xi2 + yi2 > 4000000) break;
 342:Core/Src/main.c **** 
 343:Core/Src/main.c ****                 int64_t tmp = xi2 - yi2 + x0;
 477              		.loc 1 343 17 is_stmt 1 view .LVU113
 478              		.loc 1 343 35 is_stmt 0 view .LVU114
 479 0014 241A     		subs	r4, r4, r0
 480              	.LVL15:
 481              		.loc 1 343 35 view .LVU115
 482 0016 69EB0209 		sbc	r9, r9, r2
 483              		.loc 1 343 25 view .LVU116
 484 001a 019B     		ldr	r3, [sp, #4]
 485 001c E418     		adds	r4, r4, r3
 486 001e 49EB0A09 		adc	r9, r9, r10
 487              	.LVL16:
 344:Core/Src/main.c ****                 yi = (2 * xi * yi) / SCALE + y0;
 488              		.loc 1 344 17 is_stmt 1 view .LVU117
 489              		.loc 1 344 30 is_stmt 0 view .LVU118
 490 0022 06FB08F8 		mul	r8, r6, r8
 491              	.LVL17:
 492              		.loc 1 344 30 view .LVU119
 493 0026 05FB0788 		mla	r8, r5, r7, r8
 494 002a A6FB0501 		umull	r0, r1, r6, r5
 495              	.LVL18:
 496              		.loc 1 344 36 view .LVU120
 497 002e 464A     		ldr	r2, .L35
 498 0030 0023     		movs	r3, #0
 499 0032 4144     		add	r1, r1, r8
 500 0034 FFF7FEFF 		bl	__aeabi_ldivmod
 501              	.LVL19:
 502              		.loc 1 344 20 view .LVU121
 503 0038 029B     		ldr	r3, [sp, #8]
 504 003a 1D18     		adds	r5, r3, r0
 505              		.loc 1 344 20 view .LVU122
 506 003c 039B     		ldr	r3, [sp, #12]
 507 003e 43EB0108 		adc	r8, r3, r1
 508              	.LVL20:
 345:Core/Src/main.c ****                 xi = tmp;
 509              		.loc 1 345 17 is_stmt 1 view .LVU123
 346:Core/Src/main.c ****                 iteration++;
 510              		.loc 1 346 17 view .LVU124
 511              		.loc 1 346 26 is_stmt 0 view .LVU125
 512 0042 0BF1010B 		add	fp, fp, #1
 513              	.LVL21:
 345:Core/Src/main.c ****                 xi = tmp;
 514              		.loc 1 345 20 view .LVU126
 515 0046 2646     		mov	r6, r4
 516 0048 4F46     		mov	r7, r9
 517              	.LVL22:
 518              	.L26:
ARM GAS  C:\Users\rosto\AppData\Local\Temp\cc9r4Yso.s 			page 16


 345:Core/Src/main.c ****                 xi = tmp;
 519              		.loc 1 345 20 view .LVU127
 520              	.LBE13:
 337:Core/Src/main.c ****                 // xi*xi + yi*yi <= 4
 521              		.loc 1 337 30 is_stmt 1 view .LVU128
 522 004a 009B     		ldr	r3, [sp]
 523 004c 9B45     		cmp	fp, r3
 524 004e 20DA     		bge	.L27
 525              	.LBB14:
 339:Core/Src/main.c ****                 int64_t yi2 = (yi * yi) / SCALE;
 526              		.loc 1 339 17 view .LVU129
 339:Core/Src/main.c ****                 int64_t yi2 = (yi * yi) / SCALE;
 527              		.loc 1 339 35 is_stmt 0 view .LVU130
 528 0050 06FB07F1 		mul	r1, r6, r7
 529 0054 A6FB0604 		umull	r0, r4, r6, r6
 339:Core/Src/main.c ****                 int64_t yi2 = (yi * yi) / SCALE;
 530              		.loc 1 339 25 view .LVU131
 531 0058 3C4A     		ldr	r2, .L35+4
 532 005a 0023     		movs	r3, #0
 533 005c 04EB4101 		add	r1, r4, r1, lsl #1
 534 0060 FFF7FEFF 		bl	__aeabi_ldivmod
 535              	.LVL23:
 536 0064 8946     		mov	r9, r1
 537 0066 0446     		mov	r4, r0
 538              	.LVL24:
 340:Core/Src/main.c ****                 if (xi2 + yi2 > 4000000) break;
 539              		.loc 1 340 17 is_stmt 1 view .LVU132
 340:Core/Src/main.c ****                 if (xi2 + yi2 > 4000000) break;
 540              		.loc 1 340 35 is_stmt 0 view .LVU133
 541 0068 05FB08F1 		mul	r1, r5, r8
 542              	.LVL25:
 340:Core/Src/main.c ****                 if (xi2 + yi2 > 4000000) break;
 543              		.loc 1 340 35 view .LVU134
 544 006c A5FB050C 		umull	r0, ip, r5, r5
 545              	.LVL26:
 340:Core/Src/main.c ****                 if (xi2 + yi2 > 4000000) break;
 546              		.loc 1 340 25 view .LVU135
 547 0070 364A     		ldr	r2, .L35+4
 548 0072 0023     		movs	r3, #0
 549 0074 0CEB4101 		add	r1, ip, r1, lsl #1
 550 0078 FFF7FEFF 		bl	__aeabi_ldivmod
 551              	.LVL27:
 552 007c 0A46     		mov	r2, r1
 553              	.LVL28:
 341:Core/Src/main.c **** 
 554              		.loc 1 341 17 is_stmt 1 view .LVU136
 341:Core/Src/main.c **** 
 555              		.loc 1 341 25 is_stmt 0 view .LVU137
 556 007e 2318     		adds	r3, r4, r0
 557 0080 49EB0101 		adc	r1, r9, r1
 558              	.LVL29:
 341:Core/Src/main.c **** 
 559              		.loc 1 341 20 view .LVU138
 560 0084 DFF8D4C0 		ldr	ip, .L35+20
 561 0088 9C45     		cmp	ip, r3
 562 008a 4FF00003 		mov	r3, #0
 563 008e 8B41     		sbcs	r3, r3, r1
ARM GAS  C:\Users\rosto\AppData\Local\Temp\cc9r4Yso.s 			page 17


 564 0090 C0DA     		bge	.L32
 565              	.LVL30:
 566              	.L27:
 341:Core/Src/main.c **** 
 567              		.loc 1 341 20 view .LVU139
 568              	.LBE14:
 347:Core/Src/main.c ****             }
 348:Core/Src/main.c ****             mandelbrot_sum += iteration;
 569              		.loc 1 348 28 view .LVU140
 570 0092 079C     		ldr	r4, [sp, #28]
 571              		.loc 1 348 13 is_stmt 1 view .LVU141
 572              		.loc 1 348 28 is_stmt 0 view .LVU142
 573 0094 059B     		ldr	r3, [sp, #20]
 574 0096 1BEB0302 		adds	r2, fp, r3
 575 009a 0592     		str	r2, [sp, #20]
 576              	.LVL31:
 577              		.loc 1 348 28 view .LVU143
 578 009c 069B     		ldr	r3, [sp, #24]
 579 009e 43EBEB73 		adc	r3, r3, fp, asr #31
 580 00a2 0693     		str	r3, [sp, #24]
 581              	.LVL32:
 582              		.loc 1 348 28 view .LVU144
 583              	.LBE12:
 330:Core/Src/main.c ****             // x0 = (x/width)*3.5 - 2.5  (scaled)
 584              		.loc 1 330 37 is_stmt 1 discriminator 2 view .LVU145
 585 00a4 0134     		adds	r4, r4, #1
 586              	.LVL33:
 587              	.L25:
 330:Core/Src/main.c ****             // x0 = (x/width)*3.5 - 2.5  (scaled)
 588              		.loc 1 330 27 discriminator 1 view .LVU146
 589 00a6 049B     		ldr	r3, [sp, #16]
 590 00a8 9C42     		cmp	r4, r3
 591 00aa 16DA     		bge	.L33
 592              	.LBB15:
 332:Core/Src/main.c **** 
 593              		.loc 1 332 13 view .LVU147
 332:Core/Src/main.c **** 
 594              		.loc 1 332 27 is_stmt 0 view .LVU148
 595 00ac E517     		asrs	r5, r4, #31
 332:Core/Src/main.c **** 
 596              		.loc 1 332 38 view .LVU149
 597 00ae 284E     		ldr	r6, .L35+8
 598 00b0 0027     		movs	r7, #0
 599 00b2 A4FB0601 		umull	r0, r1, r4, r6
 332:Core/Src/main.c **** 
 600              		.loc 1 332 48 view .LVU150
 601 00b6 049B     		ldr	r3, [sp, #16]
 602 00b8 1A46     		mov	r2, r3
 603 00ba DB17     		asrs	r3, r3, #31
 604 00bc 06FB0511 		mla	r1, r6, r5, r1
 605 00c0 FFF7FEFF 		bl	__aeabi_ldivmod
 606              	.LVL34:
 332:Core/Src/main.c **** 
 607              		.loc 1 332 21 view .LVU151
 608 00c4 234B     		ldr	r3, .L35+12
 609 00c6 1B18     		adds	r3, r3, r0
 610 00c8 0193     		str	r3, [sp, #4]
ARM GAS  C:\Users\rosto\AppData\Local\Temp\cc9r4Yso.s 			page 18


 611 00ca 61F1000A 		sbc	r10, r1, #0
 612              	.LVL35:
 334:Core/Src/main.c ****             int iteration = 0;
 613              		.loc 1 334 13 is_stmt 1 view .LVU152
 335:Core/Src/main.c **** 
 614              		.loc 1 335 13 view .LVU153
 337:Core/Src/main.c ****                 // xi*xi + yi*yi <= 4
 615              		.loc 1 337 13 view .LVU154
 335:Core/Src/main.c **** 
 616              		.loc 1 335 17 is_stmt 0 view .LVU155
 617 00ce BB46     		mov	fp, r7
 334:Core/Src/main.c ****             int iteration = 0;
 618              		.loc 1 334 29 view .LVU156
 619 00d0 3D46     		mov	r5, r7
 620 00d2 B846     		mov	r8, r7
 334:Core/Src/main.c ****             int iteration = 0;
 621              		.loc 1 334 21 view .LVU157
 622 00d4 3E46     		mov	r6, r7
 623 00d6 0794     		str	r4, [sp, #28]
 337:Core/Src/main.c ****                 // xi*xi + yi*yi <= 4
 624              		.loc 1 337 19 view .LVU158
 625 00d8 B7E7     		b	.L26
 626              	.LVL36:
 627              	.L33:
 337:Core/Src/main.c ****                 // xi*xi + yi*yi <= 4
 628              		.loc 1 337 19 view .LVU159
 629              	.LBE15:
 630              	.LBE11:
 631              	.LBE10:
 326:Core/Src/main.c ****         // y0 = (y/height)*2.0 - 1.0  (scaled)
 632              		.loc 1 326 34 discriminator 2 view .LVU160
 633 00da 089D     		ldr	r5, [sp, #32]
 634 00dc DDF824A0 		ldr	r10, [sp, #36]
 326:Core/Src/main.c ****         // y0 = (y/height)*2.0 - 1.0  (scaled)
 635              		.loc 1 326 34 is_stmt 1 discriminator 2 view .LVU161
 636 00e0 0135     		adds	r5, r5, #1
 637              	.LVL37:
 638              	.L24:
 326:Core/Src/main.c ****         // y0 = (y/height)*2.0 - 1.0  (scaled)
 639              		.loc 1 326 23 discriminator 1 view .LVU162
 640 00e2 5545     		cmp	r5, r10
 641 00e4 29DA     		bge	.L34
 642              	.LBB17:
 328:Core/Src/main.c **** 
 643              		.loc 1 328 9 view .LVU163
 328:Core/Src/main.c **** 
 644              		.loc 1 328 23 is_stmt 0 view .LVU164
 645 00e6 E817     		asrs	r0, r5, #31
 328:Core/Src/main.c **** 
 646              		.loc 1 328 34 view .LVU165
 647 00e8 4301     		lsls	r3, r0, #5
 648 00ea 43EAD563 		orr	r3, r3, r5, lsr #27
 649 00ee 6901     		lsls	r1, r5, #5
 650 00f0 491B     		subs	r1, r1, r5
 651 00f2 63EB0004 		sbc	r4, r3, r0
 652 00f6 A201     		lsls	r2, r4, #6
 653 00f8 42EA9162 		orr	r2, r2, r1, lsr #26
ARM GAS  C:\Users\rosto\AppData\Local\Temp\cc9r4Yso.s 			page 19


 654 00fc 8B01     		lsls	r3, r1, #6
 655 00fe 5B1A     		subs	r3, r3, r1
 656 0100 62EB0402 		sbc	r2, r2, r4
 657 0104 D200     		lsls	r2, r2, #3
 658 0106 42EA5372 		orr	r2, r2, r3, lsr #29
 659 010a DB00     		lsls	r3, r3, #3
 660 010c 5919     		adds	r1, r3, r5
 661 010e 40EB0200 		adc	r0, r0, r2
 662 0112 C401     		lsls	r4, r0, #7
 328:Core/Src/main.c **** 
 663              		.loc 1 328 44 view .LVU166
 664 0114 5246     		mov	r2, r10
 665 0116 4FEAEA73 		asr	r3, r10, #31
 666 011a C801     		lsls	r0, r1, #7
 667 011c 44EA5161 		orr	r1, r4, r1, lsr #25
 668 0120 FFF7FEFF 		bl	__aeabi_ldivmod
 669              	.LVL38:
 328:Core/Src/main.c **** 
 670              		.loc 1 328 17 view .LVU167
 671 0124 0C4B     		ldr	r3, .L35+16
 672 0126 1B18     		adds	r3, r3, r0
 673 0128 0293     		str	r3, [sp, #8]
 674 012a 61F10003 		sbc	r3, r1, #0
 675 012e 0393     		str	r3, [sp, #12]
 676              	.LVL39:
 330:Core/Src/main.c ****             // x0 = (x/width)*3.5 - 2.5  (scaled)
 677              		.loc 1 330 9 is_stmt 1 view .LVU168
 678              	.LBB16:
 330:Core/Src/main.c ****             // x0 = (x/width)*3.5 - 2.5  (scaled)
 679              		.loc 1 330 14 view .LVU169
 330:Core/Src/main.c ****             // x0 = (x/width)*3.5 - 2.5  (scaled)
 680              		.loc 1 330 18 is_stmt 0 view .LVU170
 681 0130 0024     		movs	r4, #0
 682 0132 0895     		str	r5, [sp, #32]
 683 0134 CDF824A0 		str	r10, [sp, #36]
 330:Core/Src/main.c ****             // x0 = (x/width)*3.5 - 2.5  (scaled)
 684              		.loc 1 330 9 view .LVU171
 685 0138 B5E7     		b	.L25
 686              	.LVL40:
 687              	.L34:
 330:Core/Src/main.c ****             // x0 = (x/width)*3.5 - 2.5  (scaled)
 688              		.loc 1 330 9 view .LVU172
 689              	.LBE16:
 690              	.LBE17:
 691              	.LBE18:
 349:Core/Src/main.c ****         }
 350:Core/Src/main.c ****     }
 351:Core/Src/main.c ****     return mandelbrot_sum;
 352:Core/Src/main.c **** }
 692              		.loc 1 352 1 view .LVU173
 693 013a DDF81890 		ldr	r9, [sp, #24]
 351:Core/Src/main.c **** }
 694              		.loc 1 351 5 is_stmt 1 view .LVU174
 695              		.loc 1 352 1 is_stmt 0 view .LVU175
 696 013e 0598     		ldr	r0, [sp, #20]
 697 0140 4946     		mov	r1, r9
 698 0142 0BB0     		add	sp, sp, #44
ARM GAS  C:\Users\rosto\AppData\Local\Temp\cc9r4Yso.s 			page 20


 699              	.LCFI7:
 700              		.cfi_def_cfa_offset 36
 701              	.LVL41:
 702              		.loc 1 352 1 view .LVU176
 703              		@ sp needed
 704 0144 BDE8F08F 		pop	{r4, r5, r6, r7, r8, r9, r10, fp, pc}
 705              	.LVL42:
 706              	.L36:
 707              		.loc 1 352 1 view .LVU177
 708              		.align	2
 709              	.L35:
 710 0148 20A10700 		.word	500000
 711 014c 40420F00 		.word	1000000
 712 0150 E0673500 		.word	3500000
 713 0154 60DAD9FF 		.word	-2500000
 714 0158 C0BDF0FF 		.word	-1000000
 715 015c 00093D00 		.word	4000000
 716              		.cfi_endproc
 717              	.LFE141:
 719              		.section	.text.calculate_mandelbrot_float,"ax",%progbits
 720              		.align	1
 721              		.global	calculate_mandelbrot_float
 722              		.syntax unified
 723              		.thumb
 724              		.thumb_func
 726              	calculate_mandelbrot_float:
 727              	.LVL43:
 728              	.LFB142:
 353:Core/Src/main.c **** 
 354:Core/Src/main.c **** // Mandelbrot using single-precision floats
 355:Core/Src/main.c **** uint64_t calculate_mandelbrot_float(int width, int height, int max_iterations) {
 729              		.loc 1 355 80 is_stmt 1 view -0
 730              		.cfi_startproc
 731              		@ args = 0, pretend = 0, frame = 0
 732              		@ frame_needed = 0, uses_anonymous_args = 0
 733              		.loc 1 355 80 is_stmt 0 view .LVU179
 734 0000 30B5     		push	{r4, r5, lr}
 735              	.LCFI8:
 736              		.cfi_def_cfa_offset 12
 737              		.cfi_offset 4, -12
 738              		.cfi_offset 5, -8
 739              		.cfi_offset 14, -4
 740 0002 8646     		mov	lr, r0
 741 0004 0D46     		mov	r5, r1
 356:Core/Src/main.c ****     uint64_t mandelbrot_sum = 0;
 742              		.loc 1 356 5 is_stmt 1 view .LVU180
 743              	.LVL44:
 357:Core/Src/main.c **** 
 358:Core/Src/main.c ****     for (int y = 0; y < height; y++) {
 744              		.loc 1 358 5 view .LVU181
 745              	.LBB19:
 746              		.loc 1 358 10 view .LVU182
 747              		.loc 1 358 14 is_stmt 0 view .LVU183
 748 0006 0024     		movs	r4, #0
 749              	.LBE19:
 356:Core/Src/main.c ****     uint64_t mandelbrot_sum = 0;
 750              		.loc 1 356 14 view .LVU184
ARM GAS  C:\Users\rosto\AppData\Local\Temp\cc9r4Yso.s 			page 21


 751 0008 2046     		mov	r0, r4
 752              	.LVL45:
 356:Core/Src/main.c ****     uint64_t mandelbrot_sum = 0;
 753              		.loc 1 356 14 view .LVU185
 754 000a 2146     		mov	r1, r4
 755              	.LVL46:
 756              	.LBB27:
 757              		.loc 1 358 5 view .LVU186
 758 000c 39E0     		b	.L38
 759              	.LVL47:
 760              	.L42:
 761              	.LBB20:
 762              	.LBB21:
 763              	.LBB22:
 764              	.LBB23:
 359:Core/Src/main.c ****         float y0 = ((float)y / (float)height) * 2.0f - 1.0f;
 360:Core/Src/main.c **** 
 361:Core/Src/main.c ****         for (int x = 0; x < width; x++) {
 362:Core/Src/main.c ****             float x0 = ((float)x / (float)width) * 3.5f - 2.5f;
 363:Core/Src/main.c **** 
 364:Core/Src/main.c ****             float xi = 0.0f, yi = 0.0f;
 365:Core/Src/main.c ****             int iteration = 0;
 366:Core/Src/main.c **** 
 367:Core/Src/main.c ****             while (iteration < max_iterations && (xi*xi + yi*yi) <= 4.0f) {
 368:Core/Src/main.c ****                 float tmp = xi*xi - yi*yi + x0;
 765              		.loc 1 368 17 is_stmt 1 view .LVU187
 766              		.loc 1 368 35 is_stmt 0 view .LVU188
 767 000e 76EEC66A 		vsub.f32	s13, s13, s12
 768              	.LVL48:
 369:Core/Src/main.c ****                 yi = 2.0f*xi*yi + y0;
 769              		.loc 1 369 17 is_stmt 1 view .LVU189
 770              		.loc 1 369 26 is_stmt 0 view .LVU190
 771 0012 77EEA77A 		vadd.f32	s15, s15, s15
 772              	.LVL49:
 773              		.loc 1 369 29 view .LVU191
 774 0016 27EE877A 		vmul.f32	s14, s15, s14
 775              	.LVL50:
 776              		.loc 1 369 20 view .LVU192
 777 001a 37EE047A 		vadd.f32	s14, s14, s8
 778              	.LVL51:
 370:Core/Src/main.c ****                 xi = tmp;
 779              		.loc 1 370 17 is_stmt 1 view .LVU193
 371:Core/Src/main.c ****                 iteration++;
 780              		.loc 1 371 17 view .LVU194
 781              		.loc 1 371 26 is_stmt 0 view .LVU195
 782 001e 0133     		adds	r3, r3, #1
 783              	.LVL52:
 370:Core/Src/main.c ****                 xi = tmp;
 784              		.loc 1 370 20 view .LVU196
 785 0020 76EEA47A 		vadd.f32	s15, s13, s9
 786              	.LVL53:
 787              	.L40:
 370:Core/Src/main.c ****                 xi = tmp;
 788              		.loc 1 370 20 view .LVU197
 789              	.LBE23:
 367:Core/Src/main.c ****                 float tmp = xi*xi - yi*yi + x0;
 790              		.loc 1 367 47 is_stmt 1 view .LVU198
ARM GAS  C:\Users\rosto\AppData\Local\Temp\cc9r4Yso.s 			page 22


 791 0024 9342     		cmp	r3, r2
 792 0026 0CDA     		bge	.L41
 367:Core/Src/main.c ****                 float tmp = xi*xi - yi*yi + x0;
 793              		.loc 1 367 53 is_stmt 0 discriminator 1 view .LVU199
 794 0028 67EEA76A 		vmul.f32	s13, s15, s15
 367:Core/Src/main.c ****                 float tmp = xi*xi - yi*yi + x0;
 795              		.loc 1 367 61 discriminator 1 view .LVU200
 796 002c 27EE076A 		vmul.f32	s12, s14, s14
 367:Core/Src/main.c ****                 float tmp = xi*xi - yi*yi + x0;
 797              		.loc 1 367 57 discriminator 1 view .LVU201
 798 0030 36EE865A 		vadd.f32	s10, s13, s12
 367:Core/Src/main.c ****                 float tmp = xi*xi - yi*yi + x0;
 799              		.loc 1 367 47 discriminator 1 view .LVU202
 800 0034 F1EE005A 		vmov.f32	s11, #4.0e+0
 801 0038 B4EEE55A 		vcmpe.f32	s10, s11
 802 003c F1EE10FA 		vmrs	APSR_nzcv, FPSCR
 803 0040 E5D9     		bls	.L42
 804              	.L41:
 372:Core/Src/main.c ****             }
 373:Core/Src/main.c **** 
 374:Core/Src/main.c ****             mandelbrot_sum += iteration;
 805              		.loc 1 374 13 is_stmt 1 view .LVU203
 806              		.loc 1 374 28 is_stmt 0 view .LVU204
 807 0042 1818     		adds	r0, r3, r0
 808              	.LVL54:
 809              		.loc 1 374 28 view .LVU205
 810 0044 41EBE371 		adc	r1, r1, r3, asr #31
 811              	.LVL55:
 812              		.loc 1 374 28 view .LVU206
 813              	.LBE22:
 361:Core/Src/main.c ****             float x0 = ((float)x / (float)width) * 3.5f - 2.5f;
 814              		.loc 1 361 37 is_stmt 1 discriminator 2 view .LVU207
 815 0048 0CF1010C 		add	ip, ip, #1
 816              	.LVL56:
 817              	.L39:
 361:Core/Src/main.c ****             float x0 = ((float)x / (float)width) * 3.5f - 2.5f;
 818              		.loc 1 361 27 discriminator 1 view .LVU208
 819 004c F445     		cmp	ip, lr
 820 004e 17DA     		bge	.L46
 821              	.LBB24:
 362:Core/Src/main.c **** 
 822              		.loc 1 362 13 view .LVU209
 362:Core/Src/main.c **** 
 823              		.loc 1 362 25 is_stmt 0 view .LVU210
 824 0050 07EE90CA 		vmov	s15, ip	@ int
 825 0054 F8EEE77A 		vcvt.f32.s32	s15, s15
 362:Core/Src/main.c **** 
 826              		.loc 1 362 36 view .LVU211
 827 0058 07EE10EA 		vmov	s14, lr	@ int
 828 005c B8EEC77A 		vcvt.f32.s32	s14, s14
 362:Core/Src/main.c **** 
 829              		.loc 1 362 34 view .LVU212
 830 0060 C7EE874A 		vdiv.f32	s9, s15, s14
 362:Core/Src/main.c **** 
 831              		.loc 1 362 50 view .LVU213
 832 0064 F0EE0C7A 		vmov.f32	s15, #3.5e+0
 833 0068 64EEA74A 		vmul.f32	s9, s9, s15
ARM GAS  C:\Users\rosto\AppData\Local\Temp\cc9r4Yso.s 			page 23


 362:Core/Src/main.c **** 
 834              		.loc 1 362 19 view .LVU214
 835 006c F0EE047A 		vmov.f32	s15, #2.5e+0
 836 0070 74EEE74A 		vsub.f32	s9, s9, s15
 837              	.LVL57:
 364:Core/Src/main.c ****             int iteration = 0;
 838              		.loc 1 364 13 is_stmt 1 view .LVU215
 365:Core/Src/main.c **** 
 839              		.loc 1 365 13 view .LVU216
 367:Core/Src/main.c ****                 float tmp = xi*xi - yi*yi + x0;
 840              		.loc 1 367 13 view .LVU217
 365:Core/Src/main.c **** 
 841              		.loc 1 365 17 is_stmt 0 view .LVU218
 842 0074 0023     		movs	r3, #0
 364:Core/Src/main.c ****             int iteration = 0;
 843              		.loc 1 364 30 view .LVU219
 844 0076 9FED0E7A 		vldr.32	s14, .L48
 364:Core/Src/main.c ****             int iteration = 0;
 845              		.loc 1 364 19 view .LVU220
 846 007a F0EE477A 		vmov.f32	s15, s14
 367:Core/Src/main.c ****                 float tmp = xi*xi - yi*yi + x0;
 847              		.loc 1 367 19 view .LVU221
 848 007e D1E7     		b	.L40
 849              	.LVL58:
 850              	.L46:
 367:Core/Src/main.c ****                 float tmp = xi*xi - yi*yi + x0;
 851              		.loc 1 367 19 view .LVU222
 852              	.LBE24:
 853              	.LBE21:
 854              	.LBE20:
 358:Core/Src/main.c ****         float y0 = ((float)y / (float)height) * 2.0f - 1.0f;
 855              		.loc 1 358 34 is_stmt 1 discriminator 2 view .LVU223
 856 0080 0134     		adds	r4, r4, #1
 857              	.LVL59:
 858              	.L38:
 358:Core/Src/main.c ****         float y0 = ((float)y / (float)height) * 2.0f - 1.0f;
 859              		.loc 1 358 23 discriminator 1 view .LVU224
 860 0082 AC42     		cmp	r4, r5
 861 0084 12DA     		bge	.L47
 862              	.LBB26:
 359:Core/Src/main.c **** 
 863              		.loc 1 359 9 view .LVU225
 359:Core/Src/main.c **** 
 864              		.loc 1 359 21 is_stmt 0 view .LVU226
 865 0086 07EE904A 		vmov	s15, r4	@ int
 866 008a F8EEE77A 		vcvt.f32.s32	s15, s15
 359:Core/Src/main.c **** 
 867              		.loc 1 359 32 view .LVU227
 868 008e 07EE105A 		vmov	s14, r5	@ int
 869 0092 B8EEC77A 		vcvt.f32.s32	s14, s14
 359:Core/Src/main.c **** 
 870              		.loc 1 359 30 view .LVU228
 871 0096 87EE874A 		vdiv.f32	s8, s15, s14
 359:Core/Src/main.c **** 
 872              		.loc 1 359 47 view .LVU229
 873 009a 34EE044A 		vadd.f32	s8, s8, s8
 359:Core/Src/main.c **** 
ARM GAS  C:\Users\rosto\AppData\Local\Temp\cc9r4Yso.s 			page 24


 874              		.loc 1 359 15 view .LVU230
 875 009e F7EE007A 		vmov.f32	s15, #1.0e+0
 876 00a2 34EE674A 		vsub.f32	s8, s8, s15
 877              	.LVL60:
 361:Core/Src/main.c ****             float x0 = ((float)x / (float)width) * 3.5f - 2.5f;
 878              		.loc 1 361 9 is_stmt 1 view .LVU231
 879              	.LBB25:
 361:Core/Src/main.c ****             float x0 = ((float)x / (float)width) * 3.5f - 2.5f;
 880              		.loc 1 361 14 view .LVU232
 361:Core/Src/main.c ****             float x0 = ((float)x / (float)width) * 3.5f - 2.5f;
 881              		.loc 1 361 18 is_stmt 0 view .LVU233
 882 00a6 4FF0000C 		mov	ip, #0
 361:Core/Src/main.c ****             float x0 = ((float)x / (float)width) * 3.5f - 2.5f;
 883              		.loc 1 361 9 view .LVU234
 884 00aa CFE7     		b	.L39
 885              	.LVL61:
 886              	.L47:
 361:Core/Src/main.c ****             float x0 = ((float)x / (float)width) * 3.5f - 2.5f;
 887              		.loc 1 361 9 view .LVU235
 888              	.LBE25:
 889              	.LBE26:
 890              	.LBE27:
 375:Core/Src/main.c ****         }
 376:Core/Src/main.c ****     }
 377:Core/Src/main.c ****     return mandelbrot_sum;
 891              		.loc 1 377 5 is_stmt 1 view .LVU236
 378:Core/Src/main.c **** }
 892              		.loc 1 378 1 is_stmt 0 view .LVU237
 893 00ac 30BD     		pop	{r4, r5, pc}
 894              	.LVL62:
 895              	.L49:
 896              		.loc 1 378 1 view .LVU238
 897 00ae 00BF     		.align	2
 898              	.L48:
 899 00b0 00000000 		.word	0
 900              		.cfi_endproc
 901              	.LFE142:
 903              		.global	__aeabi_i2d
 904              		.global	__aeabi_ddiv
 905              		.global	__aeabi_dadd
 906              		.global	__aeabi_dsub
 907              		.global	__aeabi_dmul
 908              		.global	__aeabi_dcmple
 909              		.section	.text.calculate_mandelbrot_double,"ax",%progbits
 910              		.align	1
 911              		.global	calculate_mandelbrot_double
 912              		.syntax unified
 913              		.thumb
 914              		.thumb_func
 916              	calculate_mandelbrot_double:
 917              	.LVL63:
 918              	.LFB143:
 379:Core/Src/main.c **** 
 380:Core/Src/main.c **** // Mandelbrot using doubles
 381:Core/Src/main.c **** uint64_t calculate_mandelbrot_double(int width, int height, int max_iterations){
 919              		.loc 1 381 80 is_stmt 1 view -0
 920              		.cfi_startproc
ARM GAS  C:\Users\rosto\AppData\Local\Temp\cc9r4Yso.s 			page 25


 921              		@ args = 0, pretend = 0, frame = 56
 922              		@ frame_needed = 0, uses_anonymous_args = 0
 923              		.loc 1 381 80 is_stmt 0 view .LVU240
 924 0000 2DE9F04F 		push	{r4, r5, r6, r7, r8, r9, r10, fp, lr}
 925              	.LCFI9:
 926              		.cfi_def_cfa_offset 36
 927              		.cfi_offset 4, -36
 928              		.cfi_offset 5, -32
 929              		.cfi_offset 6, -28
 930              		.cfi_offset 7, -24
 931              		.cfi_offset 8, -20
 932              		.cfi_offset 9, -16
 933              		.cfi_offset 10, -12
 934              		.cfi_offset 11, -8
 935              		.cfi_offset 14, -4
 936 0004 8FB0     		sub	sp, sp, #60
 937              	.LCFI10:
 938              		.cfi_def_cfa_offset 96
 939 0006 0790     		str	r0, [sp, #28]
 940 0008 0F46     		mov	r7, r1
 941 000a 0B92     		str	r2, [sp, #44]
 382:Core/Src/main.c ****     uint64_t mandelbrot_sum = 0;
 942              		.loc 1 382 5 is_stmt 1 view .LVU241
 943              	.LVL64:
 383:Core/Src/main.c **** 
 384:Core/Src/main.c ****     for (int y = 0; y < height; y++) {
 944              		.loc 1 384 5 view .LVU242
 945              	.LBB28:
 946              		.loc 1 384 10 view .LVU243
 947              		.loc 1 384 14 is_stmt 0 view .LVU244
 948 000c 4FF00008 		mov	r8, #0
 949              	.LBE28:
 382:Core/Src/main.c ****     uint64_t mandelbrot_sum = 0;
 950              		.loc 1 382 14 view .LVU245
 951 0010 CDF82080 		str	r8, [sp, #32]
 952 0014 C346     		mov	fp, r8
 953 0016 C146     		mov	r9, r8
 954              	.LBB36:
 955              		.loc 1 384 5 view .LVU246
 956 0018 79E0     		b	.L51
 957              	.LVL65:
 958              	.L55:
 959              	.LBB29:
 960              	.LBB30:
 961              	.LBB31:
 962              	.LBB32:
 385:Core/Src/main.c ****         double y0 = ((double)y / height) * 2.0 - 1.0;
 386:Core/Src/main.c ****         for (int x = 0; x < width; x++) {
 387:Core/Src/main.c ****             double x0 = ((double)x / width) * 3.5 - 2.5;
 388:Core/Src/main.c **** 
 389:Core/Src/main.c ****             double xi = 0.0, yi = 0.0;
 390:Core/Src/main.c ****             int iteration = 0;
 391:Core/Src/main.c **** 
 392:Core/Src/main.c ****             while (iteration < max_iterations && (xi*xi + yi*yi) <= 4.0) {
 393:Core/Src/main.c ****                 double tmp = xi*xi - yi*yi + x0;
 963              		.loc 1 393 17 is_stmt 1 view .LVU247
 964              		.loc 1 393 36 is_stmt 0 view .LVU248
ARM GAS  C:\Users\rosto\AppData\Local\Temp\cc9r4Yso.s 			page 26


 965 001a 4246     		mov	r2, r8
 966 001c 4B46     		mov	r3, r9
 967 001e DDE90001 		ldrd	r0, [sp]
 968 0022 FFF7FEFF 		bl	__aeabi_dsub
 969              	.LVL66:
 970              		.loc 1 393 24 view .LVU249
 971 0026 DDE90223 		ldrd	r2, [sp, #8]
 972 002a FFF7FEFF 		bl	__aeabi_dadd
 973              	.LVL67:
 974 002e 8046     		mov	r8, r0
 975 0030 8946     		mov	r9, r1
 976              	.LVL68:
 394:Core/Src/main.c ****                 yi = 2*xi*yi + y0;
 977              		.loc 1 394 17 is_stmt 1 view .LVU250
 978              		.loc 1 394 23 is_stmt 0 view .LVU251
 979 0032 2246     		mov	r2, r4
 980 0034 2B46     		mov	r3, r5
 981 0036 2046     		mov	r0, r4
 982 0038 2946     		mov	r1, r5
 983 003a FFF7FEFF 		bl	__aeabi_dadd
 984              	.LVL69:
 985              		.loc 1 394 26 view .LVU252
 986 003e 3246     		mov	r2, r6
 987 0040 3B46     		mov	r3, r7
 988 0042 FFF7FEFF 		bl	__aeabi_dmul
 989              	.LVL70:
 990              		.loc 1 394 20 view .LVU253
 991 0046 DDE90423 		ldrd	r2, [sp, #16]
 992 004a FFF7FEFF 		bl	__aeabi_dadd
 993              	.LVL71:
 994 004e 0646     		mov	r6, r0
 995              	.LVL72:
 996              		.loc 1 394 20 view .LVU254
 997 0050 0F46     		mov	r7, r1
 998              	.LVL73:
 395:Core/Src/main.c ****                 xi = tmp;
 999              		.loc 1 395 17 is_stmt 1 view .LVU255
 396:Core/Src/main.c ****                 iteration++;
 1000              		.loc 1 396 17 view .LVU256
 1001              		.loc 1 396 26 is_stmt 0 view .LVU257
 1002 0052 0AF1010A 		add	r10, r10, #1
 1003              	.LVL74:
 395:Core/Src/main.c ****                 xi = tmp;
 1004              		.loc 1 395 20 view .LVU258
 1005 0056 4446     		mov	r4, r8
 1006 0058 4D46     		mov	r5, r9
 1007              	.LVL75:
 1008              	.L53:
 395:Core/Src/main.c ****                 xi = tmp;
 1009              		.loc 1 395 20 view .LVU259
 1010              	.LBE32:
 392:Core/Src/main.c ****                 double tmp = xi*xi - yi*yi + x0;
 1011              		.loc 1 392 47 is_stmt 1 view .LVU260
 1012 005a DA45     		cmp	r10, fp
 1013 005c 1BDA     		bge	.L54
 392:Core/Src/main.c ****                 double tmp = xi*xi - yi*yi + x0;
 1014              		.loc 1 392 53 is_stmt 0 discriminator 1 view .LVU261
ARM GAS  C:\Users\rosto\AppData\Local\Temp\cc9r4Yso.s 			page 27


 1015 005e 2246     		mov	r2, r4
 1016 0060 2B46     		mov	r3, r5
 1017 0062 2046     		mov	r0, r4
 1018 0064 2946     		mov	r1, r5
 1019 0066 FFF7FEFF 		bl	__aeabi_dmul
 1020              	.LVL76:
 1021 006a CDE90001 		strd	r0, [sp]
 392:Core/Src/main.c ****                 double tmp = xi*xi - yi*yi + x0;
 1022              		.loc 1 392 61 discriminator 1 view .LVU262
 1023 006e 3246     		mov	r2, r6
 1024 0070 3B46     		mov	r3, r7
 1025 0072 3046     		mov	r0, r6
 1026 0074 3946     		mov	r1, r7
 1027 0076 FFF7FEFF 		bl	__aeabi_dmul
 1028              	.LVL77:
 1029 007a 8046     		mov	r8, r0
 1030 007c 8946     		mov	r9, r1
 392:Core/Src/main.c ****                 double tmp = xi*xi - yi*yi + x0;
 1031              		.loc 1 392 57 discriminator 1 view .LVU263
 1032 007e 0246     		mov	r2, r0
 1033 0080 0B46     		mov	r3, r1
 1034 0082 DDE90001 		ldrd	r0, [sp]
 1035 0086 FFF7FEFF 		bl	__aeabi_dadd
 1036              	.LVL78:
 392:Core/Src/main.c ****                 double tmp = xi*xi - yi*yi + x0;
 1037              		.loc 1 392 47 discriminator 1 view .LVU264
 1038 008a 0022     		movs	r2, #0
 1039 008c 334B     		ldr	r3, .L61
 1040 008e FFF7FEFF 		bl	__aeabi_dcmple
 1041              	.LVL79:
 1042 0092 0028     		cmp	r0, #0
 1043 0094 C1D1     		bne	.L55
 1044              	.L54:
 397:Core/Src/main.c ****             }
 398:Core/Src/main.c ****             mandelbrot_sum += iteration;
 1045              		.loc 1 398 28 view .LVU265
 1046 0096 D146     		mov	r9, r10
 1047 0098 DDF824A0 		ldr	r10, [sp, #36]
 1048              	.LVL80:
 1049              		.loc 1 398 28 view .LVU266
 1050 009c DDF82880 		ldr	r8, [sp, #40]
 1051              		.loc 1 398 13 is_stmt 1 view .LVU267
 1052              		.loc 1 398 28 is_stmt 0 view .LVU268
 1053 00a0 089B     		ldr	r3, [sp, #32]
 1054 00a2 19EB0302 		adds	r2, r9, r3
 1055 00a6 0892     		str	r2, [sp, #32]
 1056              	.LVL81:
 1057              		.loc 1 398 28 view .LVU269
 1058 00a8 48EBE978 		adc	r8, r8, r9, asr #31
 1059              	.LVL82:
 1060              		.loc 1 398 28 view .LVU270
 1061              	.LBE31:
 386:Core/Src/main.c ****             double x0 = ((double)x / width) * 3.5 - 2.5;
 1062              		.loc 1 386 37 is_stmt 1 discriminator 2 view .LVU271
 1063 00ac 0AF1010A 		add	r10, r10, #1
 1064              	.LVL83:
 1065              	.L52:
ARM GAS  C:\Users\rosto\AppData\Local\Temp\cc9r4Yso.s 			page 28


 386:Core/Src/main.c ****             double x0 = ((double)x / width) * 3.5 - 2.5;
 1066              		.loc 1 386 27 discriminator 1 view .LVU272
 1067 00b0 079B     		ldr	r3, [sp, #28]
 1068 00b2 9A45     		cmp	r10, r3
 1069 00b4 25DA     		bge	.L59
 1070              	.LBB33:
 387:Core/Src/main.c **** 
 1071              		.loc 1 387 13 view .LVU273
 387:Core/Src/main.c **** 
 1072              		.loc 1 387 26 is_stmt 0 view .LVU274
 1073 00b6 5046     		mov	r0, r10
 1074 00b8 FFF7FEFF 		bl	__aeabi_i2d
 1075              	.LVL84:
 1076 00bc 0446     		mov	r4, r0
 1077 00be 0D46     		mov	r5, r1
 387:Core/Src/main.c **** 
 1078              		.loc 1 387 36 view .LVU275
 1079 00c0 0798     		ldr	r0, [sp, #28]
 1080 00c2 FFF7FEFF 		bl	__aeabi_i2d
 1081              	.LVL85:
 1082 00c6 0246     		mov	r2, r0
 1083 00c8 0B46     		mov	r3, r1
 1084 00ca 2046     		mov	r0, r4
 1085 00cc 2946     		mov	r1, r5
 1086 00ce FFF7FEFF 		bl	__aeabi_ddiv
 1087              	.LVL86:
 387:Core/Src/main.c **** 
 1088              		.loc 1 387 45 view .LVU276
 1089 00d2 0022     		movs	r2, #0
 1090 00d4 224B     		ldr	r3, .L61+4
 1091 00d6 FFF7FEFF 		bl	__aeabi_dmul
 1092              	.LVL87:
 387:Core/Src/main.c **** 
 1093              		.loc 1 387 20 view .LVU277
 1094 00da 0022     		movs	r2, #0
 1095 00dc 214B     		ldr	r3, .L61+8
 1096 00de FFF7FEFF 		bl	__aeabi_dsub
 1097              	.LVL88:
 1098 00e2 CDE90201 		strd	r0, [sp, #8]
 1099              	.LVL89:
 389:Core/Src/main.c ****             int iteration = 0;
 1100              		.loc 1 389 13 is_stmt 1 view .LVU278
 390:Core/Src/main.c **** 
 1101              		.loc 1 390 13 view .LVU279
 392:Core/Src/main.c ****                 double tmp = xi*xi - yi*yi + x0;
 1102              		.loc 1 392 13 view .LVU280
 390:Core/Src/main.c **** 
 1103              		.loc 1 390 17 is_stmt 0 view .LVU281
 1104 00e6 4FF00009 		mov	r9, #0
 389:Core/Src/main.c ****             int iteration = 0;
 1105              		.loc 1 389 30 view .LVU282
 1106 00ea 0026     		movs	r6, #0
 1107 00ec 0027     		movs	r7, #0
 389:Core/Src/main.c ****             int iteration = 0;
 1108              		.loc 1 389 20 view .LVU283
 1109 00ee 3446     		mov	r4, r6
 1110 00f0 3D46     		mov	r5, r7
ARM GAS  C:\Users\rosto\AppData\Local\Temp\cc9r4Yso.s 			page 29


 1111 00f2 CDF824A0 		str	r10, [sp, #36]
 1112 00f6 CA46     		mov	r10, r9
 1113              	.LVL90:
 389:Core/Src/main.c ****             int iteration = 0;
 1114              		.loc 1 389 20 view .LVU284
 1115 00f8 DDF82CB0 		ldr	fp, [sp, #44]
 1116 00fc CDF82880 		str	r8, [sp, #40]
 392:Core/Src/main.c ****                 double tmp = xi*xi - yi*yi + x0;
 1117              		.loc 1 392 19 view .LVU285
 1118 0100 ABE7     		b	.L53
 1119              	.LVL91:
 1120              	.L59:
 392:Core/Src/main.c ****                 double tmp = xi*xi - yi*yi + x0;
 1121              		.loc 1 392 19 view .LVU286
 1122              	.LBE33:
 1123              	.LBE30:
 1124              	.LBE29:
 384:Core/Src/main.c ****         double y0 = ((double)y / height) * 2.0 - 1.0;
 1125              		.loc 1 384 34 discriminator 2 view .LVU287
 1126 0102 DDF83090 		ldr	r9, [sp, #48]
 1127 0106 0D9F     		ldr	r7, [sp, #52]
 1128 0108 C346     		mov	fp, r8
 384:Core/Src/main.c ****         double y0 = ((double)y / height) * 2.0 - 1.0;
 1129              		.loc 1 384 34 is_stmt 1 discriminator 2 view .LVU288
 1130 010a 09F10109 		add	r9, r9, #1
 1131              	.LVL92:
 1132              	.L51:
 384:Core/Src/main.c ****         double y0 = ((double)y / height) * 2.0 - 1.0;
 1133              		.loc 1 384 23 discriminator 1 view .LVU289
 1134 010e B945     		cmp	r9, r7
 1135 0110 1EDA     		bge	.L60
 1136              	.LBB35:
 385:Core/Src/main.c ****         for (int x = 0; x < width; x++) {
 1137              		.loc 1 385 9 view .LVU290
 385:Core/Src/main.c ****         for (int x = 0; x < width; x++) {
 1138              		.loc 1 385 22 is_stmt 0 view .LVU291
 1139 0112 4846     		mov	r0, r9
 1140 0114 FFF7FEFF 		bl	__aeabi_i2d
 1141              	.LVL93:
 1142 0118 0446     		mov	r4, r0
 1143 011a 0D46     		mov	r5, r1
 385:Core/Src/main.c ****         for (int x = 0; x < width; x++) {
 1144              		.loc 1 385 32 view .LVU292
 1145 011c 3846     		mov	r0, r7
 1146 011e FFF7FEFF 		bl	__aeabi_i2d
 1147              	.LVL94:
 1148 0122 0246     		mov	r2, r0
 1149 0124 0B46     		mov	r3, r1
 1150 0126 2046     		mov	r0, r4
 1151 0128 2946     		mov	r1, r5
 1152 012a FFF7FEFF 		bl	__aeabi_ddiv
 1153              	.LVL95:
 1154 012e 0246     		mov	r2, r0
 1155 0130 0B46     		mov	r3, r1
 385:Core/Src/main.c ****         for (int x = 0; x < width; x++) {
 1156              		.loc 1 385 42 view .LVU293
 1157 0132 FFF7FEFF 		bl	__aeabi_dadd
ARM GAS  C:\Users\rosto\AppData\Local\Temp\cc9r4Yso.s 			page 30


 1158              	.LVL96:
 385:Core/Src/main.c ****         for (int x = 0; x < width; x++) {
 1159              		.loc 1 385 16 view .LVU294
 1160 0136 0022     		movs	r2, #0
 1161 0138 0B4B     		ldr	r3, .L61+12
 1162 013a FFF7FEFF 		bl	__aeabi_dsub
 1163              	.LVL97:
 1164 013e CDE90401 		strd	r0, [sp, #16]
 1165              	.LVL98:
 386:Core/Src/main.c ****             double x0 = ((double)x / width) * 3.5 - 2.5;
 1166              		.loc 1 386 9 is_stmt 1 view .LVU295
 1167              	.LBB34:
 386:Core/Src/main.c ****             double x0 = ((double)x / width) * 3.5 - 2.5;
 1168              		.loc 1 386 14 view .LVU296
 386:Core/Src/main.c ****             double x0 = ((double)x / width) * 3.5 - 2.5;
 1169              		.loc 1 386 18 is_stmt 0 view .LVU297
 1170 0142 4FF0000A 		mov	r10, #0
 1171 0146 CDF83090 		str	r9, [sp, #48]
 1172 014a 0D97     		str	r7, [sp, #52]
 1173 014c D846     		mov	r8, fp
 386:Core/Src/main.c ****             double x0 = ((double)x / width) * 3.5 - 2.5;
 1174              		.loc 1 386 9 view .LVU298
 1175 014e AFE7     		b	.L52
 1176              	.LVL99:
 1177              	.L60:
 386:Core/Src/main.c ****             double x0 = ((double)x / width) * 3.5 - 2.5;
 1178              		.loc 1 386 9 view .LVU299
 1179              	.LBE34:
 1180              	.LBE35:
 1181              	.LBE36:
 399:Core/Src/main.c ****         }
 400:Core/Src/main.c ****     }
 401:Core/Src/main.c ****     return mandelbrot_sum;
 1182              		.loc 1 401 5 is_stmt 1 view .LVU300
 402:Core/Src/main.c **** }
 1183              		.loc 1 402 1 is_stmt 0 view .LVU301
 1184 0150 0898     		ldr	r0, [sp, #32]
 1185 0152 5946     		mov	r1, fp
 1186 0154 0FB0     		add	sp, sp, #60
 1187              	.LCFI11:
 1188              		.cfi_def_cfa_offset 36
 1189              		@ sp needed
 1190 0156 BDE8F08F 		pop	{r4, r5, r6, r7, r8, r9, r10, fp, pc}
 1191              	.LVL100:
 1192              	.L62:
 1193              		.loc 1 402 1 view .LVU302
 1194 015a 00BF     		.align	2
 1195              	.L61:
 1196 015c 00001040 		.word	1074790400
 1197 0160 00000C40 		.word	1074528256
 1198 0164 00000440 		.word	1074003968
 1199 0168 0000F03F 		.word	1072693248
 1200              		.cfi_endproc
 1201              	.LFE143:
 1203              		.section	.text.Error_Handler,"ax",%progbits
 1204              		.align	1
 1205              		.global	Error_Handler
ARM GAS  C:\Users\rosto\AppData\Local\Temp\cc9r4Yso.s 			page 31


 1206              		.syntax unified
 1207              		.thumb
 1208              		.thumb_func
 1210              	Error_Handler:
 1211              	.LFB144:
 403:Core/Src/main.c **** 
 404:Core/Src/main.c **** /* USER CODE END 4 */
 405:Core/Src/main.c **** 
 406:Core/Src/main.c **** /**
 407:Core/Src/main.c ****   * @brief  This function is executed in case of error occurrence.
 408:Core/Src/main.c ****   * @retval None
 409:Core/Src/main.c ****   */
 410:Core/Src/main.c **** void Error_Handler(void)
 411:Core/Src/main.c **** {
 1212              		.loc 1 411 1 is_stmt 1 view -0
 1213              		.cfi_startproc
 1214              		@ Volatile: function does not return.
 1215              		@ args = 0, pretend = 0, frame = 0
 1216              		@ frame_needed = 0, uses_anonymous_args = 0
 1217              		@ link register save eliminated.
 412:Core/Src/main.c ****   /* USER CODE BEGIN Error_Handler_Debug */
 413:Core/Src/main.c ****   /* User can add his own implementation to report the HAL error return state */
 414:Core/Src/main.c ****   __disable_irq();
 1218              		.loc 1 414 3 view .LVU304
 1219              	.LBB37:
 1220              	.LBI37:
 1221              		.file 2 "Drivers/CMSIS/Include/cmsis_gcc.h"
   1:Drivers/CMSIS/Include/cmsis_gcc.h **** /**************************************************************************//**
   2:Drivers/CMSIS/Include/cmsis_gcc.h ****  * @file     cmsis_gcc.h
   3:Drivers/CMSIS/Include/cmsis_gcc.h ****  * @brief    CMSIS compiler GCC header file
   4:Drivers/CMSIS/Include/cmsis_gcc.h ****  * @version  V5.4.1
   5:Drivers/CMSIS/Include/cmsis_gcc.h ****  * @date     27. May 2021
   6:Drivers/CMSIS/Include/cmsis_gcc.h ****  ******************************************************************************/
   7:Drivers/CMSIS/Include/cmsis_gcc.h **** /*
   8:Drivers/CMSIS/Include/cmsis_gcc.h ****  * Copyright (c) 2009-2021 Arm Limited. All rights reserved.
   9:Drivers/CMSIS/Include/cmsis_gcc.h ****  *
  10:Drivers/CMSIS/Include/cmsis_gcc.h ****  * SPDX-License-Identifier: Apache-2.0
  11:Drivers/CMSIS/Include/cmsis_gcc.h ****  *
  12:Drivers/CMSIS/Include/cmsis_gcc.h ****  * Licensed under the Apache License, Version 2.0 (the License); you may
  13:Drivers/CMSIS/Include/cmsis_gcc.h ****  * not use this file except in compliance with the License.
  14:Drivers/CMSIS/Include/cmsis_gcc.h ****  * You may obtain a copy of the License at
  15:Drivers/CMSIS/Include/cmsis_gcc.h ****  *
  16:Drivers/CMSIS/Include/cmsis_gcc.h ****  * www.apache.org/licenses/LICENSE-2.0
  17:Drivers/CMSIS/Include/cmsis_gcc.h ****  *
  18:Drivers/CMSIS/Include/cmsis_gcc.h ****  * Unless required by applicable law or agreed to in writing, software
  19:Drivers/CMSIS/Include/cmsis_gcc.h ****  * distributed under the License is distributed on an AS IS BASIS, WITHOUT
  20:Drivers/CMSIS/Include/cmsis_gcc.h ****  * WARRANTIES OR CONDITIONS OF ANY KIND, either express or implied.
  21:Drivers/CMSIS/Include/cmsis_gcc.h ****  * See the License for the specific language governing permissions and
  22:Drivers/CMSIS/Include/cmsis_gcc.h ****  * limitations under the License.
  23:Drivers/CMSIS/Include/cmsis_gcc.h ****  */
  24:Drivers/CMSIS/Include/cmsis_gcc.h **** 
  25:Drivers/CMSIS/Include/cmsis_gcc.h **** #ifndef __CMSIS_GCC_H
  26:Drivers/CMSIS/Include/cmsis_gcc.h **** #define __CMSIS_GCC_H
  27:Drivers/CMSIS/Include/cmsis_gcc.h **** 
  28:Drivers/CMSIS/Include/cmsis_gcc.h **** /* ignore some GCC warnings */
  29:Drivers/CMSIS/Include/cmsis_gcc.h **** #pragma GCC diagnostic push
  30:Drivers/CMSIS/Include/cmsis_gcc.h **** #pragma GCC diagnostic ignored "-Wsign-conversion"
ARM GAS  C:\Users\rosto\AppData\Local\Temp\cc9r4Yso.s 			page 32


  31:Drivers/CMSIS/Include/cmsis_gcc.h **** #pragma GCC diagnostic ignored "-Wconversion"
  32:Drivers/CMSIS/Include/cmsis_gcc.h **** #pragma GCC diagnostic ignored "-Wunused-parameter"
  33:Drivers/CMSIS/Include/cmsis_gcc.h **** 
  34:Drivers/CMSIS/Include/cmsis_gcc.h **** /* Fallback for __has_builtin */
  35:Drivers/CMSIS/Include/cmsis_gcc.h **** #ifndef __has_builtin
  36:Drivers/CMSIS/Include/cmsis_gcc.h ****   #define __has_builtin(x) (0)
  37:Drivers/CMSIS/Include/cmsis_gcc.h **** #endif
  38:Drivers/CMSIS/Include/cmsis_gcc.h **** 
  39:Drivers/CMSIS/Include/cmsis_gcc.h **** /* CMSIS compiler specific defines */
  40:Drivers/CMSIS/Include/cmsis_gcc.h **** #ifndef   __ASM
  41:Drivers/CMSIS/Include/cmsis_gcc.h ****   #define __ASM                                  __asm
  42:Drivers/CMSIS/Include/cmsis_gcc.h **** #endif
  43:Drivers/CMSIS/Include/cmsis_gcc.h **** #ifndef   __INLINE
  44:Drivers/CMSIS/Include/cmsis_gcc.h ****   #define __INLINE                               inline
  45:Drivers/CMSIS/Include/cmsis_gcc.h **** #endif
  46:Drivers/CMSIS/Include/cmsis_gcc.h **** #ifndef   __STATIC_INLINE
  47:Drivers/CMSIS/Include/cmsis_gcc.h ****   #define __STATIC_INLINE                        static inline
  48:Drivers/CMSIS/Include/cmsis_gcc.h **** #endif
  49:Drivers/CMSIS/Include/cmsis_gcc.h **** #ifndef   __STATIC_FORCEINLINE
  50:Drivers/CMSIS/Include/cmsis_gcc.h ****   #define __STATIC_FORCEINLINE                   __attribute__((always_inline)) static inline
  51:Drivers/CMSIS/Include/cmsis_gcc.h **** #endif
  52:Drivers/CMSIS/Include/cmsis_gcc.h **** #ifndef   __NO_RETURN
  53:Drivers/CMSIS/Include/cmsis_gcc.h ****   #define __NO_RETURN                            __attribute__((__noreturn__))
  54:Drivers/CMSIS/Include/cmsis_gcc.h **** #endif
  55:Drivers/CMSIS/Include/cmsis_gcc.h **** #ifndef   __USED
  56:Drivers/CMSIS/Include/cmsis_gcc.h ****   #define __USED                                 __attribute__((used))
  57:Drivers/CMSIS/Include/cmsis_gcc.h **** #endif
  58:Drivers/CMSIS/Include/cmsis_gcc.h **** #ifndef   __WEAK
  59:Drivers/CMSIS/Include/cmsis_gcc.h ****   #define __WEAK                                 __attribute__((weak))
  60:Drivers/CMSIS/Include/cmsis_gcc.h **** #endif
  61:Drivers/CMSIS/Include/cmsis_gcc.h **** #ifndef   __PACKED
  62:Drivers/CMSIS/Include/cmsis_gcc.h ****   #define __PACKED                               __attribute__((packed, aligned(1)))
  63:Drivers/CMSIS/Include/cmsis_gcc.h **** #endif
  64:Drivers/CMSIS/Include/cmsis_gcc.h **** #ifndef   __PACKED_STRUCT
  65:Drivers/CMSIS/Include/cmsis_gcc.h ****   #define __PACKED_STRUCT                        struct __attribute__((packed, aligned(1)))
  66:Drivers/CMSIS/Include/cmsis_gcc.h **** #endif
  67:Drivers/CMSIS/Include/cmsis_gcc.h **** #ifndef   __PACKED_UNION
  68:Drivers/CMSIS/Include/cmsis_gcc.h ****   #define __PACKED_UNION                         union __attribute__((packed, aligned(1)))
  69:Drivers/CMSIS/Include/cmsis_gcc.h **** #endif
  70:Drivers/CMSIS/Include/cmsis_gcc.h **** #ifndef   __UNALIGNED_UINT32        /* deprecated */
  71:Drivers/CMSIS/Include/cmsis_gcc.h ****   #pragma GCC diagnostic push
  72:Drivers/CMSIS/Include/cmsis_gcc.h ****   #pragma GCC diagnostic ignored "-Wpacked"
  73:Drivers/CMSIS/Include/cmsis_gcc.h ****   #pragma GCC diagnostic ignored "-Wattributes"
  74:Drivers/CMSIS/Include/cmsis_gcc.h ****   struct __attribute__((packed)) T_UINT32 { uint32_t v; };
  75:Drivers/CMSIS/Include/cmsis_gcc.h ****   #pragma GCC diagnostic pop
  76:Drivers/CMSIS/Include/cmsis_gcc.h ****   #define __UNALIGNED_UINT32(x)                  (((struct T_UINT32 *)(x))->v)
  77:Drivers/CMSIS/Include/cmsis_gcc.h **** #endif
  78:Drivers/CMSIS/Include/cmsis_gcc.h **** #ifndef   __UNALIGNED_UINT16_WRITE
  79:Drivers/CMSIS/Include/cmsis_gcc.h ****   #pragma GCC diagnostic push
  80:Drivers/CMSIS/Include/cmsis_gcc.h ****   #pragma GCC diagnostic ignored "-Wpacked"
  81:Drivers/CMSIS/Include/cmsis_gcc.h ****   #pragma GCC diagnostic ignored "-Wattributes"
  82:Drivers/CMSIS/Include/cmsis_gcc.h ****   __PACKED_STRUCT T_UINT16_WRITE { uint16_t v; };
  83:Drivers/CMSIS/Include/cmsis_gcc.h ****   #pragma GCC diagnostic pop
  84:Drivers/CMSIS/Include/cmsis_gcc.h ****   #define __UNALIGNED_UINT16_WRITE(addr, val)    (void)((((struct T_UINT16_WRITE *)(void *)(addr))-
  85:Drivers/CMSIS/Include/cmsis_gcc.h **** #endif
  86:Drivers/CMSIS/Include/cmsis_gcc.h **** #ifndef   __UNALIGNED_UINT16_READ
  87:Drivers/CMSIS/Include/cmsis_gcc.h ****   #pragma GCC diagnostic push
ARM GAS  C:\Users\rosto\AppData\Local\Temp\cc9r4Yso.s 			page 33


  88:Drivers/CMSIS/Include/cmsis_gcc.h ****   #pragma GCC diagnostic ignored "-Wpacked"
  89:Drivers/CMSIS/Include/cmsis_gcc.h ****   #pragma GCC diagnostic ignored "-Wattributes"
  90:Drivers/CMSIS/Include/cmsis_gcc.h ****   __PACKED_STRUCT T_UINT16_READ { uint16_t v; };
  91:Drivers/CMSIS/Include/cmsis_gcc.h ****   #pragma GCC diagnostic pop
  92:Drivers/CMSIS/Include/cmsis_gcc.h ****   #define __UNALIGNED_UINT16_READ(addr)          (((const struct T_UINT16_READ *)(const void *)(add
  93:Drivers/CMSIS/Include/cmsis_gcc.h **** #endif
  94:Drivers/CMSIS/Include/cmsis_gcc.h **** #ifndef   __UNALIGNED_UINT32_WRITE
  95:Drivers/CMSIS/Include/cmsis_gcc.h ****   #pragma GCC diagnostic push
  96:Drivers/CMSIS/Include/cmsis_gcc.h ****   #pragma GCC diagnostic ignored "-Wpacked"
  97:Drivers/CMSIS/Include/cmsis_gcc.h ****   #pragma GCC diagnostic ignored "-Wattributes"
  98:Drivers/CMSIS/Include/cmsis_gcc.h ****   __PACKED_STRUCT T_UINT32_WRITE { uint32_t v; };
  99:Drivers/CMSIS/Include/cmsis_gcc.h ****   #pragma GCC diagnostic pop
 100:Drivers/CMSIS/Include/cmsis_gcc.h ****   #define __UNALIGNED_UINT32_WRITE(addr, val)    (void)((((struct T_UINT32_WRITE *)(void *)(addr))-
 101:Drivers/CMSIS/Include/cmsis_gcc.h **** #endif
 102:Drivers/CMSIS/Include/cmsis_gcc.h **** #ifndef   __UNALIGNED_UINT32_READ
 103:Drivers/CMSIS/Include/cmsis_gcc.h ****   #pragma GCC diagnostic push
 104:Drivers/CMSIS/Include/cmsis_gcc.h ****   #pragma GCC diagnostic ignored "-Wpacked"
 105:Drivers/CMSIS/Include/cmsis_gcc.h ****   #pragma GCC diagnostic ignored "-Wattributes"
 106:Drivers/CMSIS/Include/cmsis_gcc.h ****   __PACKED_STRUCT T_UINT32_READ { uint32_t v; };
 107:Drivers/CMSIS/Include/cmsis_gcc.h ****   #pragma GCC diagnostic pop
 108:Drivers/CMSIS/Include/cmsis_gcc.h ****   #define __UNALIGNED_UINT32_READ(addr)          (((const struct T_UINT32_READ *)(const void *)(add
 109:Drivers/CMSIS/Include/cmsis_gcc.h **** #endif
 110:Drivers/CMSIS/Include/cmsis_gcc.h **** #ifndef   __ALIGNED
 111:Drivers/CMSIS/Include/cmsis_gcc.h ****   #define __ALIGNED(x)                           __attribute__((aligned(x)))
 112:Drivers/CMSIS/Include/cmsis_gcc.h **** #endif
 113:Drivers/CMSIS/Include/cmsis_gcc.h **** #ifndef   __RESTRICT
 114:Drivers/CMSIS/Include/cmsis_gcc.h ****   #define __RESTRICT                             __restrict
 115:Drivers/CMSIS/Include/cmsis_gcc.h **** #endif
 116:Drivers/CMSIS/Include/cmsis_gcc.h **** #ifndef   __COMPILER_BARRIER
 117:Drivers/CMSIS/Include/cmsis_gcc.h ****   #define __COMPILER_BARRIER()                   __ASM volatile("":::"memory")
 118:Drivers/CMSIS/Include/cmsis_gcc.h **** #endif
 119:Drivers/CMSIS/Include/cmsis_gcc.h **** 
 120:Drivers/CMSIS/Include/cmsis_gcc.h **** /* #########################  Startup and Lowlevel Init  ######################## */
 121:Drivers/CMSIS/Include/cmsis_gcc.h **** 
 122:Drivers/CMSIS/Include/cmsis_gcc.h **** #ifndef __PROGRAM_START
 123:Drivers/CMSIS/Include/cmsis_gcc.h **** 
 124:Drivers/CMSIS/Include/cmsis_gcc.h **** /**
 125:Drivers/CMSIS/Include/cmsis_gcc.h ****   \brief   Initializes data and bss sections
 126:Drivers/CMSIS/Include/cmsis_gcc.h ****   \details This default implementations initialized all data and additional bss
 127:Drivers/CMSIS/Include/cmsis_gcc.h ****            sections relying on .copy.table and .zero.table specified properly
 128:Drivers/CMSIS/Include/cmsis_gcc.h ****            in the used linker script.
 129:Drivers/CMSIS/Include/cmsis_gcc.h **** 
 130:Drivers/CMSIS/Include/cmsis_gcc.h ****  */
 131:Drivers/CMSIS/Include/cmsis_gcc.h **** __STATIC_FORCEINLINE __NO_RETURN void __cmsis_start(void)
 132:Drivers/CMSIS/Include/cmsis_gcc.h **** {
 133:Drivers/CMSIS/Include/cmsis_gcc.h ****   extern void _start(void) __NO_RETURN;
 134:Drivers/CMSIS/Include/cmsis_gcc.h **** 
 135:Drivers/CMSIS/Include/cmsis_gcc.h ****   typedef struct {
 136:Drivers/CMSIS/Include/cmsis_gcc.h ****     uint32_t const* src;
 137:Drivers/CMSIS/Include/cmsis_gcc.h ****     uint32_t* dest;
 138:Drivers/CMSIS/Include/cmsis_gcc.h ****     uint32_t  wlen;
 139:Drivers/CMSIS/Include/cmsis_gcc.h ****   } __copy_table_t;
 140:Drivers/CMSIS/Include/cmsis_gcc.h **** 
 141:Drivers/CMSIS/Include/cmsis_gcc.h ****   typedef struct {
 142:Drivers/CMSIS/Include/cmsis_gcc.h ****     uint32_t* dest;
 143:Drivers/CMSIS/Include/cmsis_gcc.h ****     uint32_t  wlen;
 144:Drivers/CMSIS/Include/cmsis_gcc.h ****   } __zero_table_t;
ARM GAS  C:\Users\rosto\AppData\Local\Temp\cc9r4Yso.s 			page 34


 145:Drivers/CMSIS/Include/cmsis_gcc.h **** 
 146:Drivers/CMSIS/Include/cmsis_gcc.h ****   extern const __copy_table_t __copy_table_start__;
 147:Drivers/CMSIS/Include/cmsis_gcc.h ****   extern const __copy_table_t __copy_table_end__;
 148:Drivers/CMSIS/Include/cmsis_gcc.h ****   extern const __zero_table_t __zero_table_start__;
 149:Drivers/CMSIS/Include/cmsis_gcc.h ****   extern const __zero_table_t __zero_table_end__;
 150:Drivers/CMSIS/Include/cmsis_gcc.h **** 
 151:Drivers/CMSIS/Include/cmsis_gcc.h ****   for (__copy_table_t const* pTable = &__copy_table_start__; pTable < &__copy_table_end__; ++pTable
 152:Drivers/CMSIS/Include/cmsis_gcc.h ****     for(uint32_t i=0u; i<pTable->wlen; ++i) {
 153:Drivers/CMSIS/Include/cmsis_gcc.h ****       pTable->dest[i] = pTable->src[i];
 154:Drivers/CMSIS/Include/cmsis_gcc.h ****     }
 155:Drivers/CMSIS/Include/cmsis_gcc.h ****   }
 156:Drivers/CMSIS/Include/cmsis_gcc.h **** 
 157:Drivers/CMSIS/Include/cmsis_gcc.h ****   for (__zero_table_t const* pTable = &__zero_table_start__; pTable < &__zero_table_end__; ++pTable
 158:Drivers/CMSIS/Include/cmsis_gcc.h ****     for(uint32_t i=0u; i<pTable->wlen; ++i) {
 159:Drivers/CMSIS/Include/cmsis_gcc.h ****       pTable->dest[i] = 0u;
 160:Drivers/CMSIS/Include/cmsis_gcc.h ****     }
 161:Drivers/CMSIS/Include/cmsis_gcc.h ****   }
 162:Drivers/CMSIS/Include/cmsis_gcc.h **** 
 163:Drivers/CMSIS/Include/cmsis_gcc.h ****   _start();
 164:Drivers/CMSIS/Include/cmsis_gcc.h **** }
 165:Drivers/CMSIS/Include/cmsis_gcc.h **** 
 166:Drivers/CMSIS/Include/cmsis_gcc.h **** #define __PROGRAM_START           __cmsis_start
 167:Drivers/CMSIS/Include/cmsis_gcc.h **** #endif
 168:Drivers/CMSIS/Include/cmsis_gcc.h **** 
 169:Drivers/CMSIS/Include/cmsis_gcc.h **** #ifndef __INITIAL_SP
 170:Drivers/CMSIS/Include/cmsis_gcc.h **** #define __INITIAL_SP              __StackTop
 171:Drivers/CMSIS/Include/cmsis_gcc.h **** #endif
 172:Drivers/CMSIS/Include/cmsis_gcc.h **** 
 173:Drivers/CMSIS/Include/cmsis_gcc.h **** #ifndef __STACK_LIMIT
 174:Drivers/CMSIS/Include/cmsis_gcc.h **** #define __STACK_LIMIT             __StackLimit
 175:Drivers/CMSIS/Include/cmsis_gcc.h **** #endif
 176:Drivers/CMSIS/Include/cmsis_gcc.h **** 
 177:Drivers/CMSIS/Include/cmsis_gcc.h **** #ifndef __VECTOR_TABLE
 178:Drivers/CMSIS/Include/cmsis_gcc.h **** #define __VECTOR_TABLE            __Vectors
 179:Drivers/CMSIS/Include/cmsis_gcc.h **** #endif
 180:Drivers/CMSIS/Include/cmsis_gcc.h **** 
 181:Drivers/CMSIS/Include/cmsis_gcc.h **** #ifndef __VECTOR_TABLE_ATTRIBUTE
 182:Drivers/CMSIS/Include/cmsis_gcc.h **** #define __VECTOR_TABLE_ATTRIBUTE  __attribute__((used, section(".vectors")))
 183:Drivers/CMSIS/Include/cmsis_gcc.h **** #endif
 184:Drivers/CMSIS/Include/cmsis_gcc.h **** 
 185:Drivers/CMSIS/Include/cmsis_gcc.h **** #if defined (__ARM_FEATURE_CMSE) && (__ARM_FEATURE_CMSE == 3U)
 186:Drivers/CMSIS/Include/cmsis_gcc.h **** #ifndef __STACK_SEAL
 187:Drivers/CMSIS/Include/cmsis_gcc.h **** #define __STACK_SEAL              __StackSeal
 188:Drivers/CMSIS/Include/cmsis_gcc.h **** #endif
 189:Drivers/CMSIS/Include/cmsis_gcc.h **** 
 190:Drivers/CMSIS/Include/cmsis_gcc.h **** #ifndef __TZ_STACK_SEAL_SIZE
 191:Drivers/CMSIS/Include/cmsis_gcc.h **** #define __TZ_STACK_SEAL_SIZE      8U
 192:Drivers/CMSIS/Include/cmsis_gcc.h **** #endif
 193:Drivers/CMSIS/Include/cmsis_gcc.h **** 
 194:Drivers/CMSIS/Include/cmsis_gcc.h **** #ifndef __TZ_STACK_SEAL_VALUE
 195:Drivers/CMSIS/Include/cmsis_gcc.h **** #define __TZ_STACK_SEAL_VALUE     0xFEF5EDA5FEF5EDA5ULL
 196:Drivers/CMSIS/Include/cmsis_gcc.h **** #endif
 197:Drivers/CMSIS/Include/cmsis_gcc.h **** 
 198:Drivers/CMSIS/Include/cmsis_gcc.h **** 
 199:Drivers/CMSIS/Include/cmsis_gcc.h **** __STATIC_FORCEINLINE void __TZ_set_STACKSEAL_S (uint32_t* stackTop) {
 200:Drivers/CMSIS/Include/cmsis_gcc.h ****   *((uint64_t *)stackTop) = __TZ_STACK_SEAL_VALUE;
 201:Drivers/CMSIS/Include/cmsis_gcc.h **** }
ARM GAS  C:\Users\rosto\AppData\Local\Temp\cc9r4Yso.s 			page 35


 202:Drivers/CMSIS/Include/cmsis_gcc.h **** #endif
 203:Drivers/CMSIS/Include/cmsis_gcc.h **** 
 204:Drivers/CMSIS/Include/cmsis_gcc.h **** 
 205:Drivers/CMSIS/Include/cmsis_gcc.h **** /* ##########################  Core Instruction Access  ######################### */
 206:Drivers/CMSIS/Include/cmsis_gcc.h **** /** \defgroup CMSIS_Core_InstructionInterface CMSIS Core Instruction Interface
 207:Drivers/CMSIS/Include/cmsis_gcc.h ****   Access to dedicated instructions
 208:Drivers/CMSIS/Include/cmsis_gcc.h ****   @{
 209:Drivers/CMSIS/Include/cmsis_gcc.h **** */
 210:Drivers/CMSIS/Include/cmsis_gcc.h **** 
 211:Drivers/CMSIS/Include/cmsis_gcc.h **** /* Define macros for porting to both thumb1 and thumb2.
 212:Drivers/CMSIS/Include/cmsis_gcc.h ****  * For thumb1, use low register (r0-r7), specified by constraint "l"
 213:Drivers/CMSIS/Include/cmsis_gcc.h ****  * Otherwise, use general registers, specified by constraint "r" */
 214:Drivers/CMSIS/Include/cmsis_gcc.h **** #if defined (__thumb__) && !defined (__thumb2__)
 215:Drivers/CMSIS/Include/cmsis_gcc.h **** #define __CMSIS_GCC_OUT_REG(r) "=l" (r)
 216:Drivers/CMSIS/Include/cmsis_gcc.h **** #define __CMSIS_GCC_RW_REG(r) "+l" (r)
 217:Drivers/CMSIS/Include/cmsis_gcc.h **** #define __CMSIS_GCC_USE_REG(r) "l" (r)
 218:Drivers/CMSIS/Include/cmsis_gcc.h **** #else
 219:Drivers/CMSIS/Include/cmsis_gcc.h **** #define __CMSIS_GCC_OUT_REG(r) "=r" (r)
 220:Drivers/CMSIS/Include/cmsis_gcc.h **** #define __CMSIS_GCC_RW_REG(r) "+r" (r)
 221:Drivers/CMSIS/Include/cmsis_gcc.h **** #define __CMSIS_GCC_USE_REG(r) "r" (r)
 222:Drivers/CMSIS/Include/cmsis_gcc.h **** #endif
 223:Drivers/CMSIS/Include/cmsis_gcc.h **** 
 224:Drivers/CMSIS/Include/cmsis_gcc.h **** /**
 225:Drivers/CMSIS/Include/cmsis_gcc.h ****   \brief   No Operation
 226:Drivers/CMSIS/Include/cmsis_gcc.h ****   \details No Operation does nothing. This instruction can be used for code alignment purposes.
 227:Drivers/CMSIS/Include/cmsis_gcc.h ****  */
 228:Drivers/CMSIS/Include/cmsis_gcc.h **** #define __NOP()                             __ASM volatile ("nop")
 229:Drivers/CMSIS/Include/cmsis_gcc.h **** 
 230:Drivers/CMSIS/Include/cmsis_gcc.h **** /**
 231:Drivers/CMSIS/Include/cmsis_gcc.h ****   \brief   Wait For Interrupt
 232:Drivers/CMSIS/Include/cmsis_gcc.h ****   \details Wait For Interrupt is a hint instruction that suspends execution until one of a number o
 233:Drivers/CMSIS/Include/cmsis_gcc.h ****  */
 234:Drivers/CMSIS/Include/cmsis_gcc.h **** #define __WFI()                             __ASM volatile ("wfi":::"memory")
 235:Drivers/CMSIS/Include/cmsis_gcc.h **** 
 236:Drivers/CMSIS/Include/cmsis_gcc.h **** 
 237:Drivers/CMSIS/Include/cmsis_gcc.h **** /**
 238:Drivers/CMSIS/Include/cmsis_gcc.h ****   \brief   Wait For Event
 239:Drivers/CMSIS/Include/cmsis_gcc.h ****   \details Wait For Event is a hint instruction that permits the processor to enter
 240:Drivers/CMSIS/Include/cmsis_gcc.h ****            a low-power state until one of a number of events occurs.
 241:Drivers/CMSIS/Include/cmsis_gcc.h ****  */
 242:Drivers/CMSIS/Include/cmsis_gcc.h **** #define __WFE()                             __ASM volatile ("wfe":::"memory")
 243:Drivers/CMSIS/Include/cmsis_gcc.h **** 
 244:Drivers/CMSIS/Include/cmsis_gcc.h **** 
 245:Drivers/CMSIS/Include/cmsis_gcc.h **** /**
 246:Drivers/CMSIS/Include/cmsis_gcc.h ****   \brief   Send Event
 247:Drivers/CMSIS/Include/cmsis_gcc.h ****   \details Send Event is a hint instruction. It causes an event to be signaled to the CPU.
 248:Drivers/CMSIS/Include/cmsis_gcc.h ****  */
 249:Drivers/CMSIS/Include/cmsis_gcc.h **** #define __SEV()                             __ASM volatile ("sev")
 250:Drivers/CMSIS/Include/cmsis_gcc.h **** 
 251:Drivers/CMSIS/Include/cmsis_gcc.h **** 
 252:Drivers/CMSIS/Include/cmsis_gcc.h **** /**
 253:Drivers/CMSIS/Include/cmsis_gcc.h ****   \brief   Instruction Synchronization Barrier
 254:Drivers/CMSIS/Include/cmsis_gcc.h ****   \details Instruction Synchronization Barrier flushes the pipeline in the processor,
 255:Drivers/CMSIS/Include/cmsis_gcc.h ****            so that all instructions following the ISB are fetched from cache or memory,
 256:Drivers/CMSIS/Include/cmsis_gcc.h ****            after the instruction has been completed.
 257:Drivers/CMSIS/Include/cmsis_gcc.h ****  */
 258:Drivers/CMSIS/Include/cmsis_gcc.h **** __STATIC_FORCEINLINE void __ISB(void)
ARM GAS  C:\Users\rosto\AppData\Local\Temp\cc9r4Yso.s 			page 36


 259:Drivers/CMSIS/Include/cmsis_gcc.h **** {
 260:Drivers/CMSIS/Include/cmsis_gcc.h ****   __ASM volatile ("isb 0xF":::"memory");
 261:Drivers/CMSIS/Include/cmsis_gcc.h **** }
 262:Drivers/CMSIS/Include/cmsis_gcc.h **** 
 263:Drivers/CMSIS/Include/cmsis_gcc.h **** 
 264:Drivers/CMSIS/Include/cmsis_gcc.h **** /**
 265:Drivers/CMSIS/Include/cmsis_gcc.h ****   \brief   Data Synchronization Barrier
 266:Drivers/CMSIS/Include/cmsis_gcc.h ****   \details Acts as a special kind of Data Memory Barrier.
 267:Drivers/CMSIS/Include/cmsis_gcc.h ****            It completes when all explicit memory accesses before this instruction complete.
 268:Drivers/CMSIS/Include/cmsis_gcc.h ****  */
 269:Drivers/CMSIS/Include/cmsis_gcc.h **** __STATIC_FORCEINLINE void __DSB(void)
 270:Drivers/CMSIS/Include/cmsis_gcc.h **** {
 271:Drivers/CMSIS/Include/cmsis_gcc.h ****   __ASM volatile ("dsb 0xF":::"memory");
 272:Drivers/CMSIS/Include/cmsis_gcc.h **** }
 273:Drivers/CMSIS/Include/cmsis_gcc.h **** 
 274:Drivers/CMSIS/Include/cmsis_gcc.h **** 
 275:Drivers/CMSIS/Include/cmsis_gcc.h **** /**
 276:Drivers/CMSIS/Include/cmsis_gcc.h ****   \brief   Data Memory Barrier
 277:Drivers/CMSIS/Include/cmsis_gcc.h ****   \details Ensures the apparent order of the explicit memory operations before
 278:Drivers/CMSIS/Include/cmsis_gcc.h ****            and after the instruction, without ensuring their completion.
 279:Drivers/CMSIS/Include/cmsis_gcc.h ****  */
 280:Drivers/CMSIS/Include/cmsis_gcc.h **** __STATIC_FORCEINLINE void __DMB(void)
 281:Drivers/CMSIS/Include/cmsis_gcc.h **** {
 282:Drivers/CMSIS/Include/cmsis_gcc.h ****   __ASM volatile ("dmb 0xF":::"memory");
 283:Drivers/CMSIS/Include/cmsis_gcc.h **** }
 284:Drivers/CMSIS/Include/cmsis_gcc.h **** 
 285:Drivers/CMSIS/Include/cmsis_gcc.h **** 
 286:Drivers/CMSIS/Include/cmsis_gcc.h **** /**
 287:Drivers/CMSIS/Include/cmsis_gcc.h ****   \brief   Reverse byte order (32 bit)
 288:Drivers/CMSIS/Include/cmsis_gcc.h ****   \details Reverses the byte order in unsigned integer value. For example, 0x12345678 becomes 0x785
 289:Drivers/CMSIS/Include/cmsis_gcc.h ****   \param [in]    value  Value to reverse
 290:Drivers/CMSIS/Include/cmsis_gcc.h ****   \return               Reversed value
 291:Drivers/CMSIS/Include/cmsis_gcc.h ****  */
 292:Drivers/CMSIS/Include/cmsis_gcc.h **** __STATIC_FORCEINLINE uint32_t __REV(uint32_t value)
 293:Drivers/CMSIS/Include/cmsis_gcc.h **** {
 294:Drivers/CMSIS/Include/cmsis_gcc.h **** #if (__GNUC__ > 4) || (__GNUC__ == 4 && __GNUC_MINOR__ >= 5)
 295:Drivers/CMSIS/Include/cmsis_gcc.h ****   return __builtin_bswap32(value);
 296:Drivers/CMSIS/Include/cmsis_gcc.h **** #else
 297:Drivers/CMSIS/Include/cmsis_gcc.h ****   uint32_t result;
 298:Drivers/CMSIS/Include/cmsis_gcc.h **** 
 299:Drivers/CMSIS/Include/cmsis_gcc.h ****   __ASM ("rev %0, %1" : __CMSIS_GCC_OUT_REG (result) : __CMSIS_GCC_USE_REG (value) );
 300:Drivers/CMSIS/Include/cmsis_gcc.h ****   return result;
 301:Drivers/CMSIS/Include/cmsis_gcc.h **** #endif
 302:Drivers/CMSIS/Include/cmsis_gcc.h **** }
 303:Drivers/CMSIS/Include/cmsis_gcc.h **** 
 304:Drivers/CMSIS/Include/cmsis_gcc.h **** 
 305:Drivers/CMSIS/Include/cmsis_gcc.h **** /**
 306:Drivers/CMSIS/Include/cmsis_gcc.h ****   \brief   Reverse byte order (16 bit)
 307:Drivers/CMSIS/Include/cmsis_gcc.h ****   \details Reverses the byte order within each halfword of a word. For example, 0x12345678 becomes 
 308:Drivers/CMSIS/Include/cmsis_gcc.h ****   \param [in]    value  Value to reverse
 309:Drivers/CMSIS/Include/cmsis_gcc.h ****   \return               Reversed value
 310:Drivers/CMSIS/Include/cmsis_gcc.h ****  */
 311:Drivers/CMSIS/Include/cmsis_gcc.h **** __STATIC_FORCEINLINE uint32_t __REV16(uint32_t value)
 312:Drivers/CMSIS/Include/cmsis_gcc.h **** {
 313:Drivers/CMSIS/Include/cmsis_gcc.h ****   uint32_t result;
 314:Drivers/CMSIS/Include/cmsis_gcc.h **** 
 315:Drivers/CMSIS/Include/cmsis_gcc.h ****   __ASM ("rev16 %0, %1" : __CMSIS_GCC_OUT_REG (result) : __CMSIS_GCC_USE_REG (value) );
ARM GAS  C:\Users\rosto\AppData\Local\Temp\cc9r4Yso.s 			page 37


 316:Drivers/CMSIS/Include/cmsis_gcc.h ****   return result;
 317:Drivers/CMSIS/Include/cmsis_gcc.h **** }
 318:Drivers/CMSIS/Include/cmsis_gcc.h **** 
 319:Drivers/CMSIS/Include/cmsis_gcc.h **** 
 320:Drivers/CMSIS/Include/cmsis_gcc.h **** /**
 321:Drivers/CMSIS/Include/cmsis_gcc.h ****   \brief   Reverse byte order (16 bit)
 322:Drivers/CMSIS/Include/cmsis_gcc.h ****   \details Reverses the byte order in a 16-bit value and returns the signed 16-bit result. For exam
 323:Drivers/CMSIS/Include/cmsis_gcc.h ****   \param [in]    value  Value to reverse
 324:Drivers/CMSIS/Include/cmsis_gcc.h ****   \return               Reversed value
 325:Drivers/CMSIS/Include/cmsis_gcc.h ****  */
 326:Drivers/CMSIS/Include/cmsis_gcc.h **** __STATIC_FORCEINLINE int16_t __REVSH(int16_t value)
 327:Drivers/CMSIS/Include/cmsis_gcc.h **** {
 328:Drivers/CMSIS/Include/cmsis_gcc.h **** #if (__GNUC__ > 4) || (__GNUC__ == 4 && __GNUC_MINOR__ >= 8)
 329:Drivers/CMSIS/Include/cmsis_gcc.h ****   return (int16_t)__builtin_bswap16(value);
 330:Drivers/CMSIS/Include/cmsis_gcc.h **** #else
 331:Drivers/CMSIS/Include/cmsis_gcc.h ****   int16_t result;
 332:Drivers/CMSIS/Include/cmsis_gcc.h **** 
 333:Drivers/CMSIS/Include/cmsis_gcc.h ****   __ASM ("revsh %0, %1" : __CMSIS_GCC_OUT_REG (result) : __CMSIS_GCC_USE_REG (value) );
 334:Drivers/CMSIS/Include/cmsis_gcc.h ****   return result;
 335:Drivers/CMSIS/Include/cmsis_gcc.h **** #endif
 336:Drivers/CMSIS/Include/cmsis_gcc.h **** }
 337:Drivers/CMSIS/Include/cmsis_gcc.h **** 
 338:Drivers/CMSIS/Include/cmsis_gcc.h **** 
 339:Drivers/CMSIS/Include/cmsis_gcc.h **** /**
 340:Drivers/CMSIS/Include/cmsis_gcc.h ****   \brief   Rotate Right in unsigned value (32 bit)
 341:Drivers/CMSIS/Include/cmsis_gcc.h ****   \details Rotate Right (immediate) provides the value of the contents of a register rotated by a v
 342:Drivers/CMSIS/Include/cmsis_gcc.h ****   \param [in]    op1  Value to rotate
 343:Drivers/CMSIS/Include/cmsis_gcc.h ****   \param [in]    op2  Number of Bits to rotate
 344:Drivers/CMSIS/Include/cmsis_gcc.h ****   \return               Rotated value
 345:Drivers/CMSIS/Include/cmsis_gcc.h ****  */
 346:Drivers/CMSIS/Include/cmsis_gcc.h **** __STATIC_FORCEINLINE uint32_t __ROR(uint32_t op1, uint32_t op2)
 347:Drivers/CMSIS/Include/cmsis_gcc.h **** {
 348:Drivers/CMSIS/Include/cmsis_gcc.h ****   op2 %= 32U;
 349:Drivers/CMSIS/Include/cmsis_gcc.h ****   if (op2 == 0U)
 350:Drivers/CMSIS/Include/cmsis_gcc.h ****   {
 351:Drivers/CMSIS/Include/cmsis_gcc.h ****     return op1;
 352:Drivers/CMSIS/Include/cmsis_gcc.h ****   }
 353:Drivers/CMSIS/Include/cmsis_gcc.h ****   return (op1 >> op2) | (op1 << (32U - op2));
 354:Drivers/CMSIS/Include/cmsis_gcc.h **** }
 355:Drivers/CMSIS/Include/cmsis_gcc.h **** 
 356:Drivers/CMSIS/Include/cmsis_gcc.h **** 
 357:Drivers/CMSIS/Include/cmsis_gcc.h **** /**
 358:Drivers/CMSIS/Include/cmsis_gcc.h ****   \brief   Breakpoint
 359:Drivers/CMSIS/Include/cmsis_gcc.h ****   \details Causes the processor to enter Debug state.
 360:Drivers/CMSIS/Include/cmsis_gcc.h ****            Debug tools can use this to investigate system state when the instruction at a particula
 361:Drivers/CMSIS/Include/cmsis_gcc.h ****   \param [in]    value  is ignored by the processor.
 362:Drivers/CMSIS/Include/cmsis_gcc.h ****                  If required, a debugger can use it to store additional information about the break
 363:Drivers/CMSIS/Include/cmsis_gcc.h ****  */
 364:Drivers/CMSIS/Include/cmsis_gcc.h **** #define __BKPT(value)                       __ASM volatile ("bkpt "#value)
 365:Drivers/CMSIS/Include/cmsis_gcc.h **** 
 366:Drivers/CMSIS/Include/cmsis_gcc.h **** 
 367:Drivers/CMSIS/Include/cmsis_gcc.h **** /**
 368:Drivers/CMSIS/Include/cmsis_gcc.h ****   \brief   Reverse bit order of value
 369:Drivers/CMSIS/Include/cmsis_gcc.h ****   \details Reverses the bit order of the given value.
 370:Drivers/CMSIS/Include/cmsis_gcc.h ****   \param [in]    value  Value to reverse
 371:Drivers/CMSIS/Include/cmsis_gcc.h ****   \return               Reversed value
 372:Drivers/CMSIS/Include/cmsis_gcc.h ****  */
ARM GAS  C:\Users\rosto\AppData\Local\Temp\cc9r4Yso.s 			page 38


 373:Drivers/CMSIS/Include/cmsis_gcc.h **** __STATIC_FORCEINLINE uint32_t __RBIT(uint32_t value)
 374:Drivers/CMSIS/Include/cmsis_gcc.h **** {
 375:Drivers/CMSIS/Include/cmsis_gcc.h ****   uint32_t result;
 376:Drivers/CMSIS/Include/cmsis_gcc.h **** 
 377:Drivers/CMSIS/Include/cmsis_gcc.h **** #if ((defined (__ARM_ARCH_7M__      ) && (__ARM_ARCH_7M__      == 1)) || \
 378:Drivers/CMSIS/Include/cmsis_gcc.h ****      (defined (__ARM_ARCH_7EM__     ) && (__ARM_ARCH_7EM__     == 1)) || \
 379:Drivers/CMSIS/Include/cmsis_gcc.h ****      (defined (__ARM_ARCH_8M_MAIN__ ) && (__ARM_ARCH_8M_MAIN__ == 1))    )
 380:Drivers/CMSIS/Include/cmsis_gcc.h ****    __ASM ("rbit %0, %1" : "=r" (result) : "r" (value) );
 381:Drivers/CMSIS/Include/cmsis_gcc.h **** #else
 382:Drivers/CMSIS/Include/cmsis_gcc.h ****   uint32_t s = (4U /*sizeof(v)*/ * 8U) - 1U; /* extra shift needed at end */
 383:Drivers/CMSIS/Include/cmsis_gcc.h **** 
 384:Drivers/CMSIS/Include/cmsis_gcc.h ****   result = value;                      /* r will be reversed bits of v; first get LSB of v */
 385:Drivers/CMSIS/Include/cmsis_gcc.h ****   for (value >>= 1U; value != 0U; value >>= 1U)
 386:Drivers/CMSIS/Include/cmsis_gcc.h ****   {
 387:Drivers/CMSIS/Include/cmsis_gcc.h ****     result <<= 1U;
 388:Drivers/CMSIS/Include/cmsis_gcc.h ****     result |= value & 1U;
 389:Drivers/CMSIS/Include/cmsis_gcc.h ****     s--;
 390:Drivers/CMSIS/Include/cmsis_gcc.h ****   }
 391:Drivers/CMSIS/Include/cmsis_gcc.h ****   result <<= s;                        /* shift when v's highest bits are zero */
 392:Drivers/CMSIS/Include/cmsis_gcc.h **** #endif
 393:Drivers/CMSIS/Include/cmsis_gcc.h ****   return result;
 394:Drivers/CMSIS/Include/cmsis_gcc.h **** }
 395:Drivers/CMSIS/Include/cmsis_gcc.h **** 
 396:Drivers/CMSIS/Include/cmsis_gcc.h **** 
 397:Drivers/CMSIS/Include/cmsis_gcc.h **** /**
 398:Drivers/CMSIS/Include/cmsis_gcc.h ****   \brief   Count leading zeros
 399:Drivers/CMSIS/Include/cmsis_gcc.h ****   \details Counts the number of leading zeros of a data value.
 400:Drivers/CMSIS/Include/cmsis_gcc.h ****   \param [in]  value  Value to count the leading zeros
 401:Drivers/CMSIS/Include/cmsis_gcc.h ****   \return             number of leading zeros in value
 402:Drivers/CMSIS/Include/cmsis_gcc.h ****  */
 403:Drivers/CMSIS/Include/cmsis_gcc.h **** __STATIC_FORCEINLINE uint8_t __CLZ(uint32_t value)
 404:Drivers/CMSIS/Include/cmsis_gcc.h **** {
 405:Drivers/CMSIS/Include/cmsis_gcc.h ****   /* Even though __builtin_clz produces a CLZ instruction on ARM, formally
 406:Drivers/CMSIS/Include/cmsis_gcc.h ****      __builtin_clz(0) is undefined behaviour, so handle this case specially.
 407:Drivers/CMSIS/Include/cmsis_gcc.h ****      This guarantees ARM-compatible results if happening to compile on a non-ARM
 408:Drivers/CMSIS/Include/cmsis_gcc.h ****      target, and ensures the compiler doesn't decide to activate any
 409:Drivers/CMSIS/Include/cmsis_gcc.h ****      optimisations using the logic "value was passed to __builtin_clz, so it
 410:Drivers/CMSIS/Include/cmsis_gcc.h ****      is non-zero".
 411:Drivers/CMSIS/Include/cmsis_gcc.h ****      ARM GCC 7.3 and possibly earlier will optimise this test away, leaving a
 412:Drivers/CMSIS/Include/cmsis_gcc.h ****      single CLZ instruction.
 413:Drivers/CMSIS/Include/cmsis_gcc.h ****    */
 414:Drivers/CMSIS/Include/cmsis_gcc.h ****   if (value == 0U)
 415:Drivers/CMSIS/Include/cmsis_gcc.h ****   {
 416:Drivers/CMSIS/Include/cmsis_gcc.h ****     return 32U;
 417:Drivers/CMSIS/Include/cmsis_gcc.h ****   }
 418:Drivers/CMSIS/Include/cmsis_gcc.h ****   return __builtin_clz(value);
 419:Drivers/CMSIS/Include/cmsis_gcc.h **** }
 420:Drivers/CMSIS/Include/cmsis_gcc.h **** 
 421:Drivers/CMSIS/Include/cmsis_gcc.h **** 
 422:Drivers/CMSIS/Include/cmsis_gcc.h **** #if ((defined (__ARM_ARCH_7M__      ) && (__ARM_ARCH_7M__      == 1)) || \
 423:Drivers/CMSIS/Include/cmsis_gcc.h ****      (defined (__ARM_ARCH_7EM__     ) && (__ARM_ARCH_7EM__     == 1)) || \
 424:Drivers/CMSIS/Include/cmsis_gcc.h ****      (defined (__ARM_ARCH_8M_MAIN__ ) && (__ARM_ARCH_8M_MAIN__ == 1)) || \
 425:Drivers/CMSIS/Include/cmsis_gcc.h ****      (defined (__ARM_ARCH_8M_BASE__ ) && (__ARM_ARCH_8M_BASE__ == 1))    )
 426:Drivers/CMSIS/Include/cmsis_gcc.h **** /**
 427:Drivers/CMSIS/Include/cmsis_gcc.h ****   \brief   LDR Exclusive (8 bit)
 428:Drivers/CMSIS/Include/cmsis_gcc.h ****   \details Executes a exclusive LDR instruction for 8 bit value.
 429:Drivers/CMSIS/Include/cmsis_gcc.h ****   \param [in]    ptr  Pointer to data
ARM GAS  C:\Users\rosto\AppData\Local\Temp\cc9r4Yso.s 			page 39


 430:Drivers/CMSIS/Include/cmsis_gcc.h ****   \return             value of type uint8_t at (*ptr)
 431:Drivers/CMSIS/Include/cmsis_gcc.h ****  */
 432:Drivers/CMSIS/Include/cmsis_gcc.h **** __STATIC_FORCEINLINE uint8_t __LDREXB(volatile uint8_t *addr)
 433:Drivers/CMSIS/Include/cmsis_gcc.h **** {
 434:Drivers/CMSIS/Include/cmsis_gcc.h ****     uint32_t result;
 435:Drivers/CMSIS/Include/cmsis_gcc.h **** 
 436:Drivers/CMSIS/Include/cmsis_gcc.h **** #if (__GNUC__ > 4) || (__GNUC__ == 4 && __GNUC_MINOR__ >= 8)
 437:Drivers/CMSIS/Include/cmsis_gcc.h ****    __ASM volatile ("ldrexb %0, %1" : "=r" (result) : "Q" (*addr) );
 438:Drivers/CMSIS/Include/cmsis_gcc.h **** #else
 439:Drivers/CMSIS/Include/cmsis_gcc.h ****     /* Prior to GCC 4.8, "Q" will be expanded to [rx, #0] which is not
 440:Drivers/CMSIS/Include/cmsis_gcc.h ****        accepted by assembler. So has to use following less efficient pattern.
 441:Drivers/CMSIS/Include/cmsis_gcc.h ****     */
 442:Drivers/CMSIS/Include/cmsis_gcc.h ****    __ASM volatile ("ldrexb %0, [%1]" : "=r" (result) : "r" (addr) : "memory" );
 443:Drivers/CMSIS/Include/cmsis_gcc.h **** #endif
 444:Drivers/CMSIS/Include/cmsis_gcc.h ****    return ((uint8_t) result);    /* Add explicit type cast here */
 445:Drivers/CMSIS/Include/cmsis_gcc.h **** }
 446:Drivers/CMSIS/Include/cmsis_gcc.h **** 
 447:Drivers/CMSIS/Include/cmsis_gcc.h **** 
 448:Drivers/CMSIS/Include/cmsis_gcc.h **** /**
 449:Drivers/CMSIS/Include/cmsis_gcc.h ****   \brief   LDR Exclusive (16 bit)
 450:Drivers/CMSIS/Include/cmsis_gcc.h ****   \details Executes a exclusive LDR instruction for 16 bit values.
 451:Drivers/CMSIS/Include/cmsis_gcc.h ****   \param [in]    ptr  Pointer to data
 452:Drivers/CMSIS/Include/cmsis_gcc.h ****   \return        value of type uint16_t at (*ptr)
 453:Drivers/CMSIS/Include/cmsis_gcc.h ****  */
 454:Drivers/CMSIS/Include/cmsis_gcc.h **** __STATIC_FORCEINLINE uint16_t __LDREXH(volatile uint16_t *addr)
 455:Drivers/CMSIS/Include/cmsis_gcc.h **** {
 456:Drivers/CMSIS/Include/cmsis_gcc.h ****     uint32_t result;
 457:Drivers/CMSIS/Include/cmsis_gcc.h **** 
 458:Drivers/CMSIS/Include/cmsis_gcc.h **** #if (__GNUC__ > 4) || (__GNUC__ == 4 && __GNUC_MINOR__ >= 8)
 459:Drivers/CMSIS/Include/cmsis_gcc.h ****    __ASM volatile ("ldrexh %0, %1" : "=r" (result) : "Q" (*addr) );
 460:Drivers/CMSIS/Include/cmsis_gcc.h **** #else
 461:Drivers/CMSIS/Include/cmsis_gcc.h ****     /* Prior to GCC 4.8, "Q" will be expanded to [rx, #0] which is not
 462:Drivers/CMSIS/Include/cmsis_gcc.h ****        accepted by assembler. So has to use following less efficient pattern.
 463:Drivers/CMSIS/Include/cmsis_gcc.h ****     */
 464:Drivers/CMSIS/Include/cmsis_gcc.h ****    __ASM volatile ("ldrexh %0, [%1]" : "=r" (result) : "r" (addr) : "memory" );
 465:Drivers/CMSIS/Include/cmsis_gcc.h **** #endif
 466:Drivers/CMSIS/Include/cmsis_gcc.h ****    return ((uint16_t) result);    /* Add explicit type cast here */
 467:Drivers/CMSIS/Include/cmsis_gcc.h **** }
 468:Drivers/CMSIS/Include/cmsis_gcc.h **** 
 469:Drivers/CMSIS/Include/cmsis_gcc.h **** 
 470:Drivers/CMSIS/Include/cmsis_gcc.h **** /**
 471:Drivers/CMSIS/Include/cmsis_gcc.h ****   \brief   LDR Exclusive (32 bit)
 472:Drivers/CMSIS/Include/cmsis_gcc.h ****   \details Executes a exclusive LDR instruction for 32 bit values.
 473:Drivers/CMSIS/Include/cmsis_gcc.h ****   \param [in]    ptr  Pointer to data
 474:Drivers/CMSIS/Include/cmsis_gcc.h ****   \return        value of type uint32_t at (*ptr)
 475:Drivers/CMSIS/Include/cmsis_gcc.h ****  */
 476:Drivers/CMSIS/Include/cmsis_gcc.h **** __STATIC_FORCEINLINE uint32_t __LDREXW(volatile uint32_t *addr)
 477:Drivers/CMSIS/Include/cmsis_gcc.h **** {
 478:Drivers/CMSIS/Include/cmsis_gcc.h ****     uint32_t result;
 479:Drivers/CMSIS/Include/cmsis_gcc.h **** 
 480:Drivers/CMSIS/Include/cmsis_gcc.h ****    __ASM volatile ("ldrex %0, %1" : "=r" (result) : "Q" (*addr) );
 481:Drivers/CMSIS/Include/cmsis_gcc.h ****    return(result);
 482:Drivers/CMSIS/Include/cmsis_gcc.h **** }
 483:Drivers/CMSIS/Include/cmsis_gcc.h **** 
 484:Drivers/CMSIS/Include/cmsis_gcc.h **** 
 485:Drivers/CMSIS/Include/cmsis_gcc.h **** /**
 486:Drivers/CMSIS/Include/cmsis_gcc.h ****   \brief   STR Exclusive (8 bit)
ARM GAS  C:\Users\rosto\AppData\Local\Temp\cc9r4Yso.s 			page 40


 487:Drivers/CMSIS/Include/cmsis_gcc.h ****   \details Executes a exclusive STR instruction for 8 bit values.
 488:Drivers/CMSIS/Include/cmsis_gcc.h ****   \param [in]  value  Value to store
 489:Drivers/CMSIS/Include/cmsis_gcc.h ****   \param [in]    ptr  Pointer to location
 490:Drivers/CMSIS/Include/cmsis_gcc.h ****   \return          0  Function succeeded
 491:Drivers/CMSIS/Include/cmsis_gcc.h ****   \return          1  Function failed
 492:Drivers/CMSIS/Include/cmsis_gcc.h ****  */
 493:Drivers/CMSIS/Include/cmsis_gcc.h **** __STATIC_FORCEINLINE uint32_t __STREXB(uint8_t value, volatile uint8_t *addr)
 494:Drivers/CMSIS/Include/cmsis_gcc.h **** {
 495:Drivers/CMSIS/Include/cmsis_gcc.h ****    uint32_t result;
 496:Drivers/CMSIS/Include/cmsis_gcc.h **** 
 497:Drivers/CMSIS/Include/cmsis_gcc.h ****    __ASM volatile ("strexb %0, %2, %1" : "=&r" (result), "=Q" (*addr) : "r" ((uint32_t)value) );
 498:Drivers/CMSIS/Include/cmsis_gcc.h ****    return(result);
 499:Drivers/CMSIS/Include/cmsis_gcc.h **** }
 500:Drivers/CMSIS/Include/cmsis_gcc.h **** 
 501:Drivers/CMSIS/Include/cmsis_gcc.h **** 
 502:Drivers/CMSIS/Include/cmsis_gcc.h **** /**
 503:Drivers/CMSIS/Include/cmsis_gcc.h ****   \brief   STR Exclusive (16 bit)
 504:Drivers/CMSIS/Include/cmsis_gcc.h ****   \details Executes a exclusive STR instruction for 16 bit values.
 505:Drivers/CMSIS/Include/cmsis_gcc.h ****   \param [in]  value  Value to store
 506:Drivers/CMSIS/Include/cmsis_gcc.h ****   \param [in]    ptr  Pointer to location
 507:Drivers/CMSIS/Include/cmsis_gcc.h ****   \return          0  Function succeeded
 508:Drivers/CMSIS/Include/cmsis_gcc.h ****   \return          1  Function failed
 509:Drivers/CMSIS/Include/cmsis_gcc.h ****  */
 510:Drivers/CMSIS/Include/cmsis_gcc.h **** __STATIC_FORCEINLINE uint32_t __STREXH(uint16_t value, volatile uint16_t *addr)
 511:Drivers/CMSIS/Include/cmsis_gcc.h **** {
 512:Drivers/CMSIS/Include/cmsis_gcc.h ****    uint32_t result;
 513:Drivers/CMSIS/Include/cmsis_gcc.h **** 
 514:Drivers/CMSIS/Include/cmsis_gcc.h ****    __ASM volatile ("strexh %0, %2, %1" : "=&r" (result), "=Q" (*addr) : "r" ((uint32_t)value) );
 515:Drivers/CMSIS/Include/cmsis_gcc.h ****    return(result);
 516:Drivers/CMSIS/Include/cmsis_gcc.h **** }
 517:Drivers/CMSIS/Include/cmsis_gcc.h **** 
 518:Drivers/CMSIS/Include/cmsis_gcc.h **** 
 519:Drivers/CMSIS/Include/cmsis_gcc.h **** /**
 520:Drivers/CMSIS/Include/cmsis_gcc.h ****   \brief   STR Exclusive (32 bit)
 521:Drivers/CMSIS/Include/cmsis_gcc.h ****   \details Executes a exclusive STR instruction for 32 bit values.
 522:Drivers/CMSIS/Include/cmsis_gcc.h ****   \param [in]  value  Value to store
 523:Drivers/CMSIS/Include/cmsis_gcc.h ****   \param [in]    ptr  Pointer to location
 524:Drivers/CMSIS/Include/cmsis_gcc.h ****   \return          0  Function succeeded
 525:Drivers/CMSIS/Include/cmsis_gcc.h ****   \return          1  Function failed
 526:Drivers/CMSIS/Include/cmsis_gcc.h ****  */
 527:Drivers/CMSIS/Include/cmsis_gcc.h **** __STATIC_FORCEINLINE uint32_t __STREXW(uint32_t value, volatile uint32_t *addr)
 528:Drivers/CMSIS/Include/cmsis_gcc.h **** {
 529:Drivers/CMSIS/Include/cmsis_gcc.h ****    uint32_t result;
 530:Drivers/CMSIS/Include/cmsis_gcc.h **** 
 531:Drivers/CMSIS/Include/cmsis_gcc.h ****    __ASM volatile ("strex %0, %2, %1" : "=&r" (result), "=Q" (*addr) : "r" (value) );
 532:Drivers/CMSIS/Include/cmsis_gcc.h ****    return(result);
 533:Drivers/CMSIS/Include/cmsis_gcc.h **** }
 534:Drivers/CMSIS/Include/cmsis_gcc.h **** 
 535:Drivers/CMSIS/Include/cmsis_gcc.h **** 
 536:Drivers/CMSIS/Include/cmsis_gcc.h **** /**
 537:Drivers/CMSIS/Include/cmsis_gcc.h ****   \brief   Remove the exclusive lock
 538:Drivers/CMSIS/Include/cmsis_gcc.h ****   \details Removes the exclusive lock which is created by LDREX.
 539:Drivers/CMSIS/Include/cmsis_gcc.h ****  */
 540:Drivers/CMSIS/Include/cmsis_gcc.h **** __STATIC_FORCEINLINE void __CLREX(void)
 541:Drivers/CMSIS/Include/cmsis_gcc.h **** {
 542:Drivers/CMSIS/Include/cmsis_gcc.h ****   __ASM volatile ("clrex" ::: "memory");
 543:Drivers/CMSIS/Include/cmsis_gcc.h **** }
ARM GAS  C:\Users\rosto\AppData\Local\Temp\cc9r4Yso.s 			page 41


 544:Drivers/CMSIS/Include/cmsis_gcc.h **** 
 545:Drivers/CMSIS/Include/cmsis_gcc.h **** #endif /* ((defined (__ARM_ARCH_7M__      ) && (__ARM_ARCH_7M__      == 1)) || \
 546:Drivers/CMSIS/Include/cmsis_gcc.h ****            (defined (__ARM_ARCH_7EM__     ) && (__ARM_ARCH_7EM__     == 1)) || \
 547:Drivers/CMSIS/Include/cmsis_gcc.h ****            (defined (__ARM_ARCH_8M_MAIN__ ) && (__ARM_ARCH_8M_MAIN__ == 1)) || \
 548:Drivers/CMSIS/Include/cmsis_gcc.h ****            (defined (__ARM_ARCH_8M_BASE__ ) && (__ARM_ARCH_8M_BASE__ == 1))    ) */
 549:Drivers/CMSIS/Include/cmsis_gcc.h **** 
 550:Drivers/CMSIS/Include/cmsis_gcc.h **** 
 551:Drivers/CMSIS/Include/cmsis_gcc.h **** #if ((defined (__ARM_ARCH_7M__      ) && (__ARM_ARCH_7M__      == 1)) || \
 552:Drivers/CMSIS/Include/cmsis_gcc.h ****      (defined (__ARM_ARCH_7EM__     ) && (__ARM_ARCH_7EM__     == 1)) || \
 553:Drivers/CMSIS/Include/cmsis_gcc.h ****      (defined (__ARM_ARCH_8M_MAIN__ ) && (__ARM_ARCH_8M_MAIN__ == 1))    )
 554:Drivers/CMSIS/Include/cmsis_gcc.h **** /**
 555:Drivers/CMSIS/Include/cmsis_gcc.h ****   \brief   Signed Saturate
 556:Drivers/CMSIS/Include/cmsis_gcc.h ****   \details Saturates a signed value.
 557:Drivers/CMSIS/Include/cmsis_gcc.h ****   \param [in]  ARG1  Value to be saturated
 558:Drivers/CMSIS/Include/cmsis_gcc.h ****   \param [in]  ARG2  Bit position to saturate to (1..32)
 559:Drivers/CMSIS/Include/cmsis_gcc.h ****   \return             Saturated value
 560:Drivers/CMSIS/Include/cmsis_gcc.h ****  */
 561:Drivers/CMSIS/Include/cmsis_gcc.h **** #define __SSAT(ARG1, ARG2) \
 562:Drivers/CMSIS/Include/cmsis_gcc.h **** __extension__ \
 563:Drivers/CMSIS/Include/cmsis_gcc.h **** ({                          \
 564:Drivers/CMSIS/Include/cmsis_gcc.h ****   int32_t __RES, __ARG1 = (ARG1); \
 565:Drivers/CMSIS/Include/cmsis_gcc.h ****   __ASM volatile ("ssat %0, %1, %2" : "=r" (__RES) :  "I" (ARG2), "r" (__ARG1) : "cc" ); \
 566:Drivers/CMSIS/Include/cmsis_gcc.h ****   __RES; \
 567:Drivers/CMSIS/Include/cmsis_gcc.h ****  })
 568:Drivers/CMSIS/Include/cmsis_gcc.h **** 
 569:Drivers/CMSIS/Include/cmsis_gcc.h **** 
 570:Drivers/CMSIS/Include/cmsis_gcc.h **** /**
 571:Drivers/CMSIS/Include/cmsis_gcc.h ****   \brief   Unsigned Saturate
 572:Drivers/CMSIS/Include/cmsis_gcc.h ****   \details Saturates an unsigned value.
 573:Drivers/CMSIS/Include/cmsis_gcc.h ****   \param [in]  ARG1  Value to be saturated
 574:Drivers/CMSIS/Include/cmsis_gcc.h ****   \param [in]  ARG2  Bit position to saturate to (0..31)
 575:Drivers/CMSIS/Include/cmsis_gcc.h ****   \return             Saturated value
 576:Drivers/CMSIS/Include/cmsis_gcc.h ****  */
 577:Drivers/CMSIS/Include/cmsis_gcc.h **** #define __USAT(ARG1, ARG2) \
 578:Drivers/CMSIS/Include/cmsis_gcc.h **** __extension__ \
 579:Drivers/CMSIS/Include/cmsis_gcc.h **** ({                          \
 580:Drivers/CMSIS/Include/cmsis_gcc.h ****   uint32_t __RES, __ARG1 = (ARG1); \
 581:Drivers/CMSIS/Include/cmsis_gcc.h ****   __ASM volatile ("usat %0, %1, %2" : "=r" (__RES) :  "I" (ARG2), "r" (__ARG1) : "cc" ); \
 582:Drivers/CMSIS/Include/cmsis_gcc.h ****   __RES; \
 583:Drivers/CMSIS/Include/cmsis_gcc.h ****  })
 584:Drivers/CMSIS/Include/cmsis_gcc.h **** 
 585:Drivers/CMSIS/Include/cmsis_gcc.h **** 
 586:Drivers/CMSIS/Include/cmsis_gcc.h **** /**
 587:Drivers/CMSIS/Include/cmsis_gcc.h ****   \brief   Rotate Right with Extend (32 bit)
 588:Drivers/CMSIS/Include/cmsis_gcc.h ****   \details Moves each bit of a bitstring right by one bit.
 589:Drivers/CMSIS/Include/cmsis_gcc.h ****            The carry input is shifted in at the left end of the bitstring.
 590:Drivers/CMSIS/Include/cmsis_gcc.h ****   \param [in]    value  Value to rotate
 591:Drivers/CMSIS/Include/cmsis_gcc.h ****   \return               Rotated value
 592:Drivers/CMSIS/Include/cmsis_gcc.h ****  */
 593:Drivers/CMSIS/Include/cmsis_gcc.h **** __STATIC_FORCEINLINE uint32_t __RRX(uint32_t value)
 594:Drivers/CMSIS/Include/cmsis_gcc.h **** {
 595:Drivers/CMSIS/Include/cmsis_gcc.h ****   uint32_t result;
 596:Drivers/CMSIS/Include/cmsis_gcc.h **** 
 597:Drivers/CMSIS/Include/cmsis_gcc.h ****   __ASM volatile ("rrx %0, %1" : __CMSIS_GCC_OUT_REG (result) : __CMSIS_GCC_USE_REG (value) );
 598:Drivers/CMSIS/Include/cmsis_gcc.h ****   return(result);
 599:Drivers/CMSIS/Include/cmsis_gcc.h **** }
 600:Drivers/CMSIS/Include/cmsis_gcc.h **** 
ARM GAS  C:\Users\rosto\AppData\Local\Temp\cc9r4Yso.s 			page 42


 601:Drivers/CMSIS/Include/cmsis_gcc.h **** 
 602:Drivers/CMSIS/Include/cmsis_gcc.h **** /**
 603:Drivers/CMSIS/Include/cmsis_gcc.h ****   \brief   LDRT Unprivileged (8 bit)
 604:Drivers/CMSIS/Include/cmsis_gcc.h ****   \details Executes a Unprivileged LDRT instruction for 8 bit value.
 605:Drivers/CMSIS/Include/cmsis_gcc.h ****   \param [in]    ptr  Pointer to data
 606:Drivers/CMSIS/Include/cmsis_gcc.h ****   \return             value of type uint8_t at (*ptr)
 607:Drivers/CMSIS/Include/cmsis_gcc.h ****  */
 608:Drivers/CMSIS/Include/cmsis_gcc.h **** __STATIC_FORCEINLINE uint8_t __LDRBT(volatile uint8_t *ptr)
 609:Drivers/CMSIS/Include/cmsis_gcc.h **** {
 610:Drivers/CMSIS/Include/cmsis_gcc.h ****     uint32_t result;
 611:Drivers/CMSIS/Include/cmsis_gcc.h **** 
 612:Drivers/CMSIS/Include/cmsis_gcc.h **** #if (__GNUC__ > 4) || (__GNUC__ == 4 && __GNUC_MINOR__ >= 8)
 613:Drivers/CMSIS/Include/cmsis_gcc.h ****    __ASM volatile ("ldrbt %0, %1" : "=r" (result) : "Q" (*ptr) );
 614:Drivers/CMSIS/Include/cmsis_gcc.h **** #else
 615:Drivers/CMSIS/Include/cmsis_gcc.h ****     /* Prior to GCC 4.8, "Q" will be expanded to [rx, #0] which is not
 616:Drivers/CMSIS/Include/cmsis_gcc.h ****        accepted by assembler. So has to use following less efficient pattern.
 617:Drivers/CMSIS/Include/cmsis_gcc.h ****     */
 618:Drivers/CMSIS/Include/cmsis_gcc.h ****    __ASM volatile ("ldrbt %0, [%1]" : "=r" (result) : "r" (ptr) : "memory" );
 619:Drivers/CMSIS/Include/cmsis_gcc.h **** #endif
 620:Drivers/CMSIS/Include/cmsis_gcc.h ****    return ((uint8_t) result);    /* Add explicit type cast here */
 621:Drivers/CMSIS/Include/cmsis_gcc.h **** }
 622:Drivers/CMSIS/Include/cmsis_gcc.h **** 
 623:Drivers/CMSIS/Include/cmsis_gcc.h **** 
 624:Drivers/CMSIS/Include/cmsis_gcc.h **** /**
 625:Drivers/CMSIS/Include/cmsis_gcc.h ****   \brief   LDRT Unprivileged (16 bit)
 626:Drivers/CMSIS/Include/cmsis_gcc.h ****   \details Executes a Unprivileged LDRT instruction for 16 bit values.
 627:Drivers/CMSIS/Include/cmsis_gcc.h ****   \param [in]    ptr  Pointer to data
 628:Drivers/CMSIS/Include/cmsis_gcc.h ****   \return        value of type uint16_t at (*ptr)
 629:Drivers/CMSIS/Include/cmsis_gcc.h ****  */
 630:Drivers/CMSIS/Include/cmsis_gcc.h **** __STATIC_FORCEINLINE uint16_t __LDRHT(volatile uint16_t *ptr)
 631:Drivers/CMSIS/Include/cmsis_gcc.h **** {
 632:Drivers/CMSIS/Include/cmsis_gcc.h ****     uint32_t result;
 633:Drivers/CMSIS/Include/cmsis_gcc.h **** 
 634:Drivers/CMSIS/Include/cmsis_gcc.h **** #if (__GNUC__ > 4) || (__GNUC__ == 4 && __GNUC_MINOR__ >= 8)
 635:Drivers/CMSIS/Include/cmsis_gcc.h ****    __ASM volatile ("ldrht %0, %1" : "=r" (result) : "Q" (*ptr) );
 636:Drivers/CMSIS/Include/cmsis_gcc.h **** #else
 637:Drivers/CMSIS/Include/cmsis_gcc.h ****     /* Prior to GCC 4.8, "Q" will be expanded to [rx, #0] which is not
 638:Drivers/CMSIS/Include/cmsis_gcc.h ****        accepted by assembler. So has to use following less efficient pattern.
 639:Drivers/CMSIS/Include/cmsis_gcc.h ****     */
 640:Drivers/CMSIS/Include/cmsis_gcc.h ****    __ASM volatile ("ldrht %0, [%1]" : "=r" (result) : "r" (ptr) : "memory" );
 641:Drivers/CMSIS/Include/cmsis_gcc.h **** #endif
 642:Drivers/CMSIS/Include/cmsis_gcc.h ****    return ((uint16_t) result);    /* Add explicit type cast here */
 643:Drivers/CMSIS/Include/cmsis_gcc.h **** }
 644:Drivers/CMSIS/Include/cmsis_gcc.h **** 
 645:Drivers/CMSIS/Include/cmsis_gcc.h **** 
 646:Drivers/CMSIS/Include/cmsis_gcc.h **** /**
 647:Drivers/CMSIS/Include/cmsis_gcc.h ****   \brief   LDRT Unprivileged (32 bit)
 648:Drivers/CMSIS/Include/cmsis_gcc.h ****   \details Executes a Unprivileged LDRT instruction for 32 bit values.
 649:Drivers/CMSIS/Include/cmsis_gcc.h ****   \param [in]    ptr  Pointer to data
 650:Drivers/CMSIS/Include/cmsis_gcc.h ****   \return        value of type uint32_t at (*ptr)
 651:Drivers/CMSIS/Include/cmsis_gcc.h ****  */
 652:Drivers/CMSIS/Include/cmsis_gcc.h **** __STATIC_FORCEINLINE uint32_t __LDRT(volatile uint32_t *ptr)
 653:Drivers/CMSIS/Include/cmsis_gcc.h **** {
 654:Drivers/CMSIS/Include/cmsis_gcc.h ****     uint32_t result;
 655:Drivers/CMSIS/Include/cmsis_gcc.h **** 
 656:Drivers/CMSIS/Include/cmsis_gcc.h ****    __ASM volatile ("ldrt %0, %1" : "=r" (result) : "Q" (*ptr) );
 657:Drivers/CMSIS/Include/cmsis_gcc.h ****    return(result);
ARM GAS  C:\Users\rosto\AppData\Local\Temp\cc9r4Yso.s 			page 43


 658:Drivers/CMSIS/Include/cmsis_gcc.h **** }
 659:Drivers/CMSIS/Include/cmsis_gcc.h **** 
 660:Drivers/CMSIS/Include/cmsis_gcc.h **** 
 661:Drivers/CMSIS/Include/cmsis_gcc.h **** /**
 662:Drivers/CMSIS/Include/cmsis_gcc.h ****   \brief   STRT Unprivileged (8 bit)
 663:Drivers/CMSIS/Include/cmsis_gcc.h ****   \details Executes a Unprivileged STRT instruction for 8 bit values.
 664:Drivers/CMSIS/Include/cmsis_gcc.h ****   \param [in]  value  Value to store
 665:Drivers/CMSIS/Include/cmsis_gcc.h ****   \param [in]    ptr  Pointer to location
 666:Drivers/CMSIS/Include/cmsis_gcc.h ****  */
 667:Drivers/CMSIS/Include/cmsis_gcc.h **** __STATIC_FORCEINLINE void __STRBT(uint8_t value, volatile uint8_t *ptr)
 668:Drivers/CMSIS/Include/cmsis_gcc.h **** {
 669:Drivers/CMSIS/Include/cmsis_gcc.h ****    __ASM volatile ("strbt %1, %0" : "=Q" (*ptr) : "r" ((uint32_t)value) );
 670:Drivers/CMSIS/Include/cmsis_gcc.h **** }
 671:Drivers/CMSIS/Include/cmsis_gcc.h **** 
 672:Drivers/CMSIS/Include/cmsis_gcc.h **** 
 673:Drivers/CMSIS/Include/cmsis_gcc.h **** /**
 674:Drivers/CMSIS/Include/cmsis_gcc.h ****   \brief   STRT Unprivileged (16 bit)
 675:Drivers/CMSIS/Include/cmsis_gcc.h ****   \details Executes a Unprivileged STRT instruction for 16 bit values.
 676:Drivers/CMSIS/Include/cmsis_gcc.h ****   \param [in]  value  Value to store
 677:Drivers/CMSIS/Include/cmsis_gcc.h ****   \param [in]    ptr  Pointer to location
 678:Drivers/CMSIS/Include/cmsis_gcc.h ****  */
 679:Drivers/CMSIS/Include/cmsis_gcc.h **** __STATIC_FORCEINLINE void __STRHT(uint16_t value, volatile uint16_t *ptr)
 680:Drivers/CMSIS/Include/cmsis_gcc.h **** {
 681:Drivers/CMSIS/Include/cmsis_gcc.h ****    __ASM volatile ("strht %1, %0" : "=Q" (*ptr) : "r" ((uint32_t)value) );
 682:Drivers/CMSIS/Include/cmsis_gcc.h **** }
 683:Drivers/CMSIS/Include/cmsis_gcc.h **** 
 684:Drivers/CMSIS/Include/cmsis_gcc.h **** 
 685:Drivers/CMSIS/Include/cmsis_gcc.h **** /**
 686:Drivers/CMSIS/Include/cmsis_gcc.h ****   \brief   STRT Unprivileged (32 bit)
 687:Drivers/CMSIS/Include/cmsis_gcc.h ****   \details Executes a Unprivileged STRT instruction for 32 bit values.
 688:Drivers/CMSIS/Include/cmsis_gcc.h ****   \param [in]  value  Value to store
 689:Drivers/CMSIS/Include/cmsis_gcc.h ****   \param [in]    ptr  Pointer to location
 690:Drivers/CMSIS/Include/cmsis_gcc.h ****  */
 691:Drivers/CMSIS/Include/cmsis_gcc.h **** __STATIC_FORCEINLINE void __STRT(uint32_t value, volatile uint32_t *ptr)
 692:Drivers/CMSIS/Include/cmsis_gcc.h **** {
 693:Drivers/CMSIS/Include/cmsis_gcc.h ****    __ASM volatile ("strt %1, %0" : "=Q" (*ptr) : "r" (value) );
 694:Drivers/CMSIS/Include/cmsis_gcc.h **** }
 695:Drivers/CMSIS/Include/cmsis_gcc.h **** 
 696:Drivers/CMSIS/Include/cmsis_gcc.h **** #else  /* ((defined (__ARM_ARCH_7M__      ) && (__ARM_ARCH_7M__      == 1)) || \
 697:Drivers/CMSIS/Include/cmsis_gcc.h ****            (defined (__ARM_ARCH_7EM__     ) && (__ARM_ARCH_7EM__     == 1)) || \
 698:Drivers/CMSIS/Include/cmsis_gcc.h ****            (defined (__ARM_ARCH_8M_MAIN__ ) && (__ARM_ARCH_8M_MAIN__ == 1))    ) */
 699:Drivers/CMSIS/Include/cmsis_gcc.h **** 
 700:Drivers/CMSIS/Include/cmsis_gcc.h **** /**
 701:Drivers/CMSIS/Include/cmsis_gcc.h ****   \brief   Signed Saturate
 702:Drivers/CMSIS/Include/cmsis_gcc.h ****   \details Saturates a signed value.
 703:Drivers/CMSIS/Include/cmsis_gcc.h ****   \param [in]  value  Value to be saturated
 704:Drivers/CMSIS/Include/cmsis_gcc.h ****   \param [in]    sat  Bit position to saturate to (1..32)
 705:Drivers/CMSIS/Include/cmsis_gcc.h ****   \return             Saturated value
 706:Drivers/CMSIS/Include/cmsis_gcc.h ****  */
 707:Drivers/CMSIS/Include/cmsis_gcc.h **** __STATIC_FORCEINLINE int32_t __SSAT(int32_t val, uint32_t sat)
 708:Drivers/CMSIS/Include/cmsis_gcc.h **** {
 709:Drivers/CMSIS/Include/cmsis_gcc.h ****   if ((sat >= 1U) && (sat <= 32U))
 710:Drivers/CMSIS/Include/cmsis_gcc.h ****   {
 711:Drivers/CMSIS/Include/cmsis_gcc.h ****     const int32_t max = (int32_t)((1U << (sat - 1U)) - 1U);
 712:Drivers/CMSIS/Include/cmsis_gcc.h ****     const int32_t min = -1 - max ;
 713:Drivers/CMSIS/Include/cmsis_gcc.h ****     if (val > max)
 714:Drivers/CMSIS/Include/cmsis_gcc.h ****     {
ARM GAS  C:\Users\rosto\AppData\Local\Temp\cc9r4Yso.s 			page 44


 715:Drivers/CMSIS/Include/cmsis_gcc.h ****       return max;
 716:Drivers/CMSIS/Include/cmsis_gcc.h ****     }
 717:Drivers/CMSIS/Include/cmsis_gcc.h ****     else if (val < min)
 718:Drivers/CMSIS/Include/cmsis_gcc.h ****     {
 719:Drivers/CMSIS/Include/cmsis_gcc.h ****       return min;
 720:Drivers/CMSIS/Include/cmsis_gcc.h ****     }
 721:Drivers/CMSIS/Include/cmsis_gcc.h ****   }
 722:Drivers/CMSIS/Include/cmsis_gcc.h ****   return val;
 723:Drivers/CMSIS/Include/cmsis_gcc.h **** }
 724:Drivers/CMSIS/Include/cmsis_gcc.h **** 
 725:Drivers/CMSIS/Include/cmsis_gcc.h **** /**
 726:Drivers/CMSIS/Include/cmsis_gcc.h ****   \brief   Unsigned Saturate
 727:Drivers/CMSIS/Include/cmsis_gcc.h ****   \details Saturates an unsigned value.
 728:Drivers/CMSIS/Include/cmsis_gcc.h ****   \param [in]  value  Value to be saturated
 729:Drivers/CMSIS/Include/cmsis_gcc.h ****   \param [in]    sat  Bit position to saturate to (0..31)
 730:Drivers/CMSIS/Include/cmsis_gcc.h ****   \return             Saturated value
 731:Drivers/CMSIS/Include/cmsis_gcc.h ****  */
 732:Drivers/CMSIS/Include/cmsis_gcc.h **** __STATIC_FORCEINLINE uint32_t __USAT(int32_t val, uint32_t sat)
 733:Drivers/CMSIS/Include/cmsis_gcc.h **** {
 734:Drivers/CMSIS/Include/cmsis_gcc.h ****   if (sat <= 31U)
 735:Drivers/CMSIS/Include/cmsis_gcc.h ****   {
 736:Drivers/CMSIS/Include/cmsis_gcc.h ****     const uint32_t max = ((1U << sat) - 1U);
 737:Drivers/CMSIS/Include/cmsis_gcc.h ****     if (val > (int32_t)max)
 738:Drivers/CMSIS/Include/cmsis_gcc.h ****     {
 739:Drivers/CMSIS/Include/cmsis_gcc.h ****       return max;
 740:Drivers/CMSIS/Include/cmsis_gcc.h ****     }
 741:Drivers/CMSIS/Include/cmsis_gcc.h ****     else if (val < 0)
 742:Drivers/CMSIS/Include/cmsis_gcc.h ****     {
 743:Drivers/CMSIS/Include/cmsis_gcc.h ****       return 0U;
 744:Drivers/CMSIS/Include/cmsis_gcc.h ****     }
 745:Drivers/CMSIS/Include/cmsis_gcc.h ****   }
 746:Drivers/CMSIS/Include/cmsis_gcc.h ****   return (uint32_t)val;
 747:Drivers/CMSIS/Include/cmsis_gcc.h **** }
 748:Drivers/CMSIS/Include/cmsis_gcc.h **** 
 749:Drivers/CMSIS/Include/cmsis_gcc.h **** #endif /* ((defined (__ARM_ARCH_7M__      ) && (__ARM_ARCH_7M__      == 1)) || \
 750:Drivers/CMSIS/Include/cmsis_gcc.h ****            (defined (__ARM_ARCH_7EM__     ) && (__ARM_ARCH_7EM__     == 1)) || \
 751:Drivers/CMSIS/Include/cmsis_gcc.h ****            (defined (__ARM_ARCH_8M_MAIN__ ) && (__ARM_ARCH_8M_MAIN__ == 1))    ) */
 752:Drivers/CMSIS/Include/cmsis_gcc.h **** 
 753:Drivers/CMSIS/Include/cmsis_gcc.h **** 
 754:Drivers/CMSIS/Include/cmsis_gcc.h **** #if ((defined (__ARM_ARCH_8M_MAIN__ ) && (__ARM_ARCH_8M_MAIN__ == 1)) || \
 755:Drivers/CMSIS/Include/cmsis_gcc.h ****      (defined (__ARM_ARCH_8M_BASE__ ) && (__ARM_ARCH_8M_BASE__ == 1))    )
 756:Drivers/CMSIS/Include/cmsis_gcc.h **** /**
 757:Drivers/CMSIS/Include/cmsis_gcc.h ****   \brief   Load-Acquire (8 bit)
 758:Drivers/CMSIS/Include/cmsis_gcc.h ****   \details Executes a LDAB instruction for 8 bit value.
 759:Drivers/CMSIS/Include/cmsis_gcc.h ****   \param [in]    ptr  Pointer to data
 760:Drivers/CMSIS/Include/cmsis_gcc.h ****   \return             value of type uint8_t at (*ptr)
 761:Drivers/CMSIS/Include/cmsis_gcc.h ****  */
 762:Drivers/CMSIS/Include/cmsis_gcc.h **** __STATIC_FORCEINLINE uint8_t __LDAB(volatile uint8_t *ptr)
 763:Drivers/CMSIS/Include/cmsis_gcc.h **** {
 764:Drivers/CMSIS/Include/cmsis_gcc.h ****     uint32_t result;
 765:Drivers/CMSIS/Include/cmsis_gcc.h **** 
 766:Drivers/CMSIS/Include/cmsis_gcc.h ****    __ASM volatile ("ldab %0, %1" : "=r" (result) : "Q" (*ptr) : "memory" );
 767:Drivers/CMSIS/Include/cmsis_gcc.h ****    return ((uint8_t) result);
 768:Drivers/CMSIS/Include/cmsis_gcc.h **** }
 769:Drivers/CMSIS/Include/cmsis_gcc.h **** 
 770:Drivers/CMSIS/Include/cmsis_gcc.h **** 
 771:Drivers/CMSIS/Include/cmsis_gcc.h **** /**
ARM GAS  C:\Users\rosto\AppData\Local\Temp\cc9r4Yso.s 			page 45


 772:Drivers/CMSIS/Include/cmsis_gcc.h ****   \brief   Load-Acquire (16 bit)
 773:Drivers/CMSIS/Include/cmsis_gcc.h ****   \details Executes a LDAH instruction for 16 bit values.
 774:Drivers/CMSIS/Include/cmsis_gcc.h ****   \param [in]    ptr  Pointer to data
 775:Drivers/CMSIS/Include/cmsis_gcc.h ****   \return        value of type uint16_t at (*ptr)
 776:Drivers/CMSIS/Include/cmsis_gcc.h ****  */
 777:Drivers/CMSIS/Include/cmsis_gcc.h **** __STATIC_FORCEINLINE uint16_t __LDAH(volatile uint16_t *ptr)
 778:Drivers/CMSIS/Include/cmsis_gcc.h **** {
 779:Drivers/CMSIS/Include/cmsis_gcc.h ****     uint32_t result;
 780:Drivers/CMSIS/Include/cmsis_gcc.h **** 
 781:Drivers/CMSIS/Include/cmsis_gcc.h ****    __ASM volatile ("ldah %0, %1" : "=r" (result) : "Q" (*ptr) : "memory" );
 782:Drivers/CMSIS/Include/cmsis_gcc.h ****    return ((uint16_t) result);
 783:Drivers/CMSIS/Include/cmsis_gcc.h **** }
 784:Drivers/CMSIS/Include/cmsis_gcc.h **** 
 785:Drivers/CMSIS/Include/cmsis_gcc.h **** 
 786:Drivers/CMSIS/Include/cmsis_gcc.h **** /**
 787:Drivers/CMSIS/Include/cmsis_gcc.h ****   \brief   Load-Acquire (32 bit)
 788:Drivers/CMSIS/Include/cmsis_gcc.h ****   \details Executes a LDA instruction for 32 bit values.
 789:Drivers/CMSIS/Include/cmsis_gcc.h ****   \param [in]    ptr  Pointer to data
 790:Drivers/CMSIS/Include/cmsis_gcc.h ****   \return        value of type uint32_t at (*ptr)
 791:Drivers/CMSIS/Include/cmsis_gcc.h ****  */
 792:Drivers/CMSIS/Include/cmsis_gcc.h **** __STATIC_FORCEINLINE uint32_t __LDA(volatile uint32_t *ptr)
 793:Drivers/CMSIS/Include/cmsis_gcc.h **** {
 794:Drivers/CMSIS/Include/cmsis_gcc.h ****     uint32_t result;
 795:Drivers/CMSIS/Include/cmsis_gcc.h **** 
 796:Drivers/CMSIS/Include/cmsis_gcc.h ****    __ASM volatile ("lda %0, %1" : "=r" (result) : "Q" (*ptr) : "memory" );
 797:Drivers/CMSIS/Include/cmsis_gcc.h ****    return(result);
 798:Drivers/CMSIS/Include/cmsis_gcc.h **** }
 799:Drivers/CMSIS/Include/cmsis_gcc.h **** 
 800:Drivers/CMSIS/Include/cmsis_gcc.h **** 
 801:Drivers/CMSIS/Include/cmsis_gcc.h **** /**
 802:Drivers/CMSIS/Include/cmsis_gcc.h ****   \brief   Store-Release (8 bit)
 803:Drivers/CMSIS/Include/cmsis_gcc.h ****   \details Executes a STLB instruction for 8 bit values.
 804:Drivers/CMSIS/Include/cmsis_gcc.h ****   \param [in]  value  Value to store
 805:Drivers/CMSIS/Include/cmsis_gcc.h ****   \param [in]    ptr  Pointer to location
 806:Drivers/CMSIS/Include/cmsis_gcc.h ****  */
 807:Drivers/CMSIS/Include/cmsis_gcc.h **** __STATIC_FORCEINLINE void __STLB(uint8_t value, volatile uint8_t *ptr)
 808:Drivers/CMSIS/Include/cmsis_gcc.h **** {
 809:Drivers/CMSIS/Include/cmsis_gcc.h ****    __ASM volatile ("stlb %1, %0" : "=Q" (*ptr) : "r" ((uint32_t)value) : "memory" );
 810:Drivers/CMSIS/Include/cmsis_gcc.h **** }
 811:Drivers/CMSIS/Include/cmsis_gcc.h **** 
 812:Drivers/CMSIS/Include/cmsis_gcc.h **** 
 813:Drivers/CMSIS/Include/cmsis_gcc.h **** /**
 814:Drivers/CMSIS/Include/cmsis_gcc.h ****   \brief   Store-Release (16 bit)
 815:Drivers/CMSIS/Include/cmsis_gcc.h ****   \details Executes a STLH instruction for 16 bit values.
 816:Drivers/CMSIS/Include/cmsis_gcc.h ****   \param [in]  value  Value to store
 817:Drivers/CMSIS/Include/cmsis_gcc.h ****   \param [in]    ptr  Pointer to location
 818:Drivers/CMSIS/Include/cmsis_gcc.h ****  */
 819:Drivers/CMSIS/Include/cmsis_gcc.h **** __STATIC_FORCEINLINE void __STLH(uint16_t value, volatile uint16_t *ptr)
 820:Drivers/CMSIS/Include/cmsis_gcc.h **** {
 821:Drivers/CMSIS/Include/cmsis_gcc.h ****    __ASM volatile ("stlh %1, %0" : "=Q" (*ptr) : "r" ((uint32_t)value) : "memory" );
 822:Drivers/CMSIS/Include/cmsis_gcc.h **** }
 823:Drivers/CMSIS/Include/cmsis_gcc.h **** 
 824:Drivers/CMSIS/Include/cmsis_gcc.h **** 
 825:Drivers/CMSIS/Include/cmsis_gcc.h **** /**
 826:Drivers/CMSIS/Include/cmsis_gcc.h ****   \brief   Store-Release (32 bit)
 827:Drivers/CMSIS/Include/cmsis_gcc.h ****   \details Executes a STL instruction for 32 bit values.
 828:Drivers/CMSIS/Include/cmsis_gcc.h ****   \param [in]  value  Value to store
ARM GAS  C:\Users\rosto\AppData\Local\Temp\cc9r4Yso.s 			page 46


 829:Drivers/CMSIS/Include/cmsis_gcc.h ****   \param [in]    ptr  Pointer to location
 830:Drivers/CMSIS/Include/cmsis_gcc.h ****  */
 831:Drivers/CMSIS/Include/cmsis_gcc.h **** __STATIC_FORCEINLINE void __STL(uint32_t value, volatile uint32_t *ptr)
 832:Drivers/CMSIS/Include/cmsis_gcc.h **** {
 833:Drivers/CMSIS/Include/cmsis_gcc.h ****    __ASM volatile ("stl %1, %0" : "=Q" (*ptr) : "r" ((uint32_t)value) : "memory" );
 834:Drivers/CMSIS/Include/cmsis_gcc.h **** }
 835:Drivers/CMSIS/Include/cmsis_gcc.h **** 
 836:Drivers/CMSIS/Include/cmsis_gcc.h **** 
 837:Drivers/CMSIS/Include/cmsis_gcc.h **** /**
 838:Drivers/CMSIS/Include/cmsis_gcc.h ****   \brief   Load-Acquire Exclusive (8 bit)
 839:Drivers/CMSIS/Include/cmsis_gcc.h ****   \details Executes a LDAB exclusive instruction for 8 bit value.
 840:Drivers/CMSIS/Include/cmsis_gcc.h ****   \param [in]    ptr  Pointer to data
 841:Drivers/CMSIS/Include/cmsis_gcc.h ****   \return             value of type uint8_t at (*ptr)
 842:Drivers/CMSIS/Include/cmsis_gcc.h ****  */
 843:Drivers/CMSIS/Include/cmsis_gcc.h **** __STATIC_FORCEINLINE uint8_t __LDAEXB(volatile uint8_t *ptr)
 844:Drivers/CMSIS/Include/cmsis_gcc.h **** {
 845:Drivers/CMSIS/Include/cmsis_gcc.h ****     uint32_t result;
 846:Drivers/CMSIS/Include/cmsis_gcc.h **** 
 847:Drivers/CMSIS/Include/cmsis_gcc.h ****    __ASM volatile ("ldaexb %0, %1" : "=r" (result) : "Q" (*ptr) : "memory" );
 848:Drivers/CMSIS/Include/cmsis_gcc.h ****    return ((uint8_t) result);
 849:Drivers/CMSIS/Include/cmsis_gcc.h **** }
 850:Drivers/CMSIS/Include/cmsis_gcc.h **** 
 851:Drivers/CMSIS/Include/cmsis_gcc.h **** 
 852:Drivers/CMSIS/Include/cmsis_gcc.h **** /**
 853:Drivers/CMSIS/Include/cmsis_gcc.h ****   \brief   Load-Acquire Exclusive (16 bit)
 854:Drivers/CMSIS/Include/cmsis_gcc.h ****   \details Executes a LDAH exclusive instruction for 16 bit values.
 855:Drivers/CMSIS/Include/cmsis_gcc.h ****   \param [in]    ptr  Pointer to data
 856:Drivers/CMSIS/Include/cmsis_gcc.h ****   \return        value of type uint16_t at (*ptr)
 857:Drivers/CMSIS/Include/cmsis_gcc.h ****  */
 858:Drivers/CMSIS/Include/cmsis_gcc.h **** __STATIC_FORCEINLINE uint16_t __LDAEXH(volatile uint16_t *ptr)
 859:Drivers/CMSIS/Include/cmsis_gcc.h **** {
 860:Drivers/CMSIS/Include/cmsis_gcc.h ****     uint32_t result;
 861:Drivers/CMSIS/Include/cmsis_gcc.h **** 
 862:Drivers/CMSIS/Include/cmsis_gcc.h ****    __ASM volatile ("ldaexh %0, %1" : "=r" (result) : "Q" (*ptr) : "memory" );
 863:Drivers/CMSIS/Include/cmsis_gcc.h ****    return ((uint16_t) result);
 864:Drivers/CMSIS/Include/cmsis_gcc.h **** }
 865:Drivers/CMSIS/Include/cmsis_gcc.h **** 
 866:Drivers/CMSIS/Include/cmsis_gcc.h **** 
 867:Drivers/CMSIS/Include/cmsis_gcc.h **** /**
 868:Drivers/CMSIS/Include/cmsis_gcc.h ****   \brief   Load-Acquire Exclusive (32 bit)
 869:Drivers/CMSIS/Include/cmsis_gcc.h ****   \details Executes a LDA exclusive instruction for 32 bit values.
 870:Drivers/CMSIS/Include/cmsis_gcc.h ****   \param [in]    ptr  Pointer to data
 871:Drivers/CMSIS/Include/cmsis_gcc.h ****   \return        value of type uint32_t at (*ptr)
 872:Drivers/CMSIS/Include/cmsis_gcc.h ****  */
 873:Drivers/CMSIS/Include/cmsis_gcc.h **** __STATIC_FORCEINLINE uint32_t __LDAEX(volatile uint32_t *ptr)
 874:Drivers/CMSIS/Include/cmsis_gcc.h **** {
 875:Drivers/CMSIS/Include/cmsis_gcc.h ****     uint32_t result;
 876:Drivers/CMSIS/Include/cmsis_gcc.h **** 
 877:Drivers/CMSIS/Include/cmsis_gcc.h ****    __ASM volatile ("ldaex %0, %1" : "=r" (result) : "Q" (*ptr) : "memory" );
 878:Drivers/CMSIS/Include/cmsis_gcc.h ****    return(result);
 879:Drivers/CMSIS/Include/cmsis_gcc.h **** }
 880:Drivers/CMSIS/Include/cmsis_gcc.h **** 
 881:Drivers/CMSIS/Include/cmsis_gcc.h **** 
 882:Drivers/CMSIS/Include/cmsis_gcc.h **** /**
 883:Drivers/CMSIS/Include/cmsis_gcc.h ****   \brief   Store-Release Exclusive (8 bit)
 884:Drivers/CMSIS/Include/cmsis_gcc.h ****   \details Executes a STLB exclusive instruction for 8 bit values.
 885:Drivers/CMSIS/Include/cmsis_gcc.h ****   \param [in]  value  Value to store
ARM GAS  C:\Users\rosto\AppData\Local\Temp\cc9r4Yso.s 			page 47


 886:Drivers/CMSIS/Include/cmsis_gcc.h ****   \param [in]    ptr  Pointer to location
 887:Drivers/CMSIS/Include/cmsis_gcc.h ****   \return          0  Function succeeded
 888:Drivers/CMSIS/Include/cmsis_gcc.h ****   \return          1  Function failed
 889:Drivers/CMSIS/Include/cmsis_gcc.h ****  */
 890:Drivers/CMSIS/Include/cmsis_gcc.h **** __STATIC_FORCEINLINE uint32_t __STLEXB(uint8_t value, volatile uint8_t *ptr)
 891:Drivers/CMSIS/Include/cmsis_gcc.h **** {
 892:Drivers/CMSIS/Include/cmsis_gcc.h ****    uint32_t result;
 893:Drivers/CMSIS/Include/cmsis_gcc.h **** 
 894:Drivers/CMSIS/Include/cmsis_gcc.h ****    __ASM volatile ("stlexb %0, %2, %1" : "=&r" (result), "=Q" (*ptr) : "r" ((uint32_t)value) : "mem
 895:Drivers/CMSIS/Include/cmsis_gcc.h ****    return(result);
 896:Drivers/CMSIS/Include/cmsis_gcc.h **** }
 897:Drivers/CMSIS/Include/cmsis_gcc.h **** 
 898:Drivers/CMSIS/Include/cmsis_gcc.h **** 
 899:Drivers/CMSIS/Include/cmsis_gcc.h **** /**
 900:Drivers/CMSIS/Include/cmsis_gcc.h ****   \brief   Store-Release Exclusive (16 bit)
 901:Drivers/CMSIS/Include/cmsis_gcc.h ****   \details Executes a STLH exclusive instruction for 16 bit values.
 902:Drivers/CMSIS/Include/cmsis_gcc.h ****   \param [in]  value  Value to store
 903:Drivers/CMSIS/Include/cmsis_gcc.h ****   \param [in]    ptr  Pointer to location
 904:Drivers/CMSIS/Include/cmsis_gcc.h ****   \return          0  Function succeeded
 905:Drivers/CMSIS/Include/cmsis_gcc.h ****   \return          1  Function failed
 906:Drivers/CMSIS/Include/cmsis_gcc.h ****  */
 907:Drivers/CMSIS/Include/cmsis_gcc.h **** __STATIC_FORCEINLINE uint32_t __STLEXH(uint16_t value, volatile uint16_t *ptr)
 908:Drivers/CMSIS/Include/cmsis_gcc.h **** {
 909:Drivers/CMSIS/Include/cmsis_gcc.h ****    uint32_t result;
 910:Drivers/CMSIS/Include/cmsis_gcc.h **** 
 911:Drivers/CMSIS/Include/cmsis_gcc.h ****    __ASM volatile ("stlexh %0, %2, %1" : "=&r" (result), "=Q" (*ptr) : "r" ((uint32_t)value) : "mem
 912:Drivers/CMSIS/Include/cmsis_gcc.h ****    return(result);
 913:Drivers/CMSIS/Include/cmsis_gcc.h **** }
 914:Drivers/CMSIS/Include/cmsis_gcc.h **** 
 915:Drivers/CMSIS/Include/cmsis_gcc.h **** 
 916:Drivers/CMSIS/Include/cmsis_gcc.h **** /**
 917:Drivers/CMSIS/Include/cmsis_gcc.h ****   \brief   Store-Release Exclusive (32 bit)
 918:Drivers/CMSIS/Include/cmsis_gcc.h ****   \details Executes a STL exclusive instruction for 32 bit values.
 919:Drivers/CMSIS/Include/cmsis_gcc.h ****   \param [in]  value  Value to store
 920:Drivers/CMSIS/Include/cmsis_gcc.h ****   \param [in]    ptr  Pointer to location
 921:Drivers/CMSIS/Include/cmsis_gcc.h ****   \return          0  Function succeeded
 922:Drivers/CMSIS/Include/cmsis_gcc.h ****   \return          1  Function failed
 923:Drivers/CMSIS/Include/cmsis_gcc.h ****  */
 924:Drivers/CMSIS/Include/cmsis_gcc.h **** __STATIC_FORCEINLINE uint32_t __STLEX(uint32_t value, volatile uint32_t *ptr)
 925:Drivers/CMSIS/Include/cmsis_gcc.h **** {
 926:Drivers/CMSIS/Include/cmsis_gcc.h ****    uint32_t result;
 927:Drivers/CMSIS/Include/cmsis_gcc.h **** 
 928:Drivers/CMSIS/Include/cmsis_gcc.h ****    __ASM volatile ("stlex %0, %2, %1" : "=&r" (result), "=Q" (*ptr) : "r" ((uint32_t)value) : "memo
 929:Drivers/CMSIS/Include/cmsis_gcc.h ****    return(result);
 930:Drivers/CMSIS/Include/cmsis_gcc.h **** }
 931:Drivers/CMSIS/Include/cmsis_gcc.h **** 
 932:Drivers/CMSIS/Include/cmsis_gcc.h **** #endif /* ((defined (__ARM_ARCH_8M_MAIN__ ) && (__ARM_ARCH_8M_MAIN__ == 1)) || \
 933:Drivers/CMSIS/Include/cmsis_gcc.h ****            (defined (__ARM_ARCH_8M_BASE__ ) && (__ARM_ARCH_8M_BASE__ == 1))    ) */
 934:Drivers/CMSIS/Include/cmsis_gcc.h **** 
 935:Drivers/CMSIS/Include/cmsis_gcc.h **** /*@}*/ /* end of group CMSIS_Core_InstructionInterface */
 936:Drivers/CMSIS/Include/cmsis_gcc.h **** 
 937:Drivers/CMSIS/Include/cmsis_gcc.h **** 
 938:Drivers/CMSIS/Include/cmsis_gcc.h **** /* ###########################  Core Function Access  ########################### */
 939:Drivers/CMSIS/Include/cmsis_gcc.h **** /** \ingroup  CMSIS_Core_FunctionInterface
 940:Drivers/CMSIS/Include/cmsis_gcc.h ****     \defgroup CMSIS_Core_RegAccFunctions CMSIS Core Register Access Functions
 941:Drivers/CMSIS/Include/cmsis_gcc.h ****   @{
 942:Drivers/CMSIS/Include/cmsis_gcc.h ****  */
ARM GAS  C:\Users\rosto\AppData\Local\Temp\cc9r4Yso.s 			page 48


 943:Drivers/CMSIS/Include/cmsis_gcc.h **** 
 944:Drivers/CMSIS/Include/cmsis_gcc.h **** /**
 945:Drivers/CMSIS/Include/cmsis_gcc.h ****   \brief   Enable IRQ Interrupts
 946:Drivers/CMSIS/Include/cmsis_gcc.h ****   \details Enables IRQ interrupts by clearing special-purpose register PRIMASK.
 947:Drivers/CMSIS/Include/cmsis_gcc.h ****            Can only be executed in Privileged modes.
 948:Drivers/CMSIS/Include/cmsis_gcc.h ****  */
 949:Drivers/CMSIS/Include/cmsis_gcc.h **** __STATIC_FORCEINLINE void __enable_irq(void)
 950:Drivers/CMSIS/Include/cmsis_gcc.h **** {
 951:Drivers/CMSIS/Include/cmsis_gcc.h ****   __ASM volatile ("cpsie i" : : : "memory");
 952:Drivers/CMSIS/Include/cmsis_gcc.h **** }
 953:Drivers/CMSIS/Include/cmsis_gcc.h **** 
 954:Drivers/CMSIS/Include/cmsis_gcc.h **** 
 955:Drivers/CMSIS/Include/cmsis_gcc.h **** /**
 956:Drivers/CMSIS/Include/cmsis_gcc.h ****   \brief   Disable IRQ Interrupts
 957:Drivers/CMSIS/Include/cmsis_gcc.h ****   \details Disables IRQ interrupts by setting special-purpose register PRIMASK.
 958:Drivers/CMSIS/Include/cmsis_gcc.h ****            Can only be executed in Privileged modes.
 959:Drivers/CMSIS/Include/cmsis_gcc.h ****  */
 960:Drivers/CMSIS/Include/cmsis_gcc.h **** __STATIC_FORCEINLINE void __disable_irq(void)
 1222              		.loc 2 960 27 view .LVU305
 1223              	.LBB38:
 961:Drivers/CMSIS/Include/cmsis_gcc.h **** {
 962:Drivers/CMSIS/Include/cmsis_gcc.h ****   __ASM volatile ("cpsid i" : : : "memory");
 1224              		.loc 2 962 3 view .LVU306
 1225              		.syntax unified
 1226              	@ 962 "Drivers/CMSIS/Include/cmsis_gcc.h" 1
 1227 0000 72B6     		cpsid i
 1228              	@ 0 "" 2
 1229              		.thumb
 1230              		.syntax unified
 1231              	.L64:
 1232              	.LBE38:
 1233              	.LBE37:
 415:Core/Src/main.c ****   while (1)
 1234              		.loc 1 415 3 view .LVU307
 416:Core/Src/main.c ****   {
 417:Core/Src/main.c ****   }
 1235              		.loc 1 417 3 view .LVU308
 415:Core/Src/main.c ****   while (1)
 1236              		.loc 1 415 9 view .LVU309
 1237 0002 FEE7     		b	.L64
 1238              		.cfi_endproc
 1239              	.LFE144:
 1241              		.section	.text.SystemClock_Config,"ax",%progbits
 1242              		.align	1
 1243              		.global	SystemClock_Config
 1244              		.syntax unified
 1245              		.thumb
 1246              		.thumb_func
 1248              	SystemClock_Config:
 1249              	.LFB135:
 186:Core/Src/main.c ****   RCC_OscInitTypeDef RCC_OscInitStruct = {0};
 1250              		.loc 1 186 1 view -0
 1251              		.cfi_startproc
 1252              		@ args = 0, pretend = 0, frame = 80
 1253              		@ frame_needed = 0, uses_anonymous_args = 0
 1254 0000 00B5     		push	{lr}
 1255              	.LCFI12:
ARM GAS  C:\Users\rosto\AppData\Local\Temp\cc9r4Yso.s 			page 49


 1256              		.cfi_def_cfa_offset 4
 1257              		.cfi_offset 14, -4
 1258 0002 95B0     		sub	sp, sp, #84
 1259              	.LCFI13:
 1260              		.cfi_def_cfa_offset 88
 187:Core/Src/main.c ****   RCC_ClkInitTypeDef RCC_ClkInitStruct = {0};
 1261              		.loc 1 187 3 view .LVU311
 187:Core/Src/main.c ****   RCC_ClkInitTypeDef RCC_ClkInitStruct = {0};
 1262              		.loc 1 187 22 is_stmt 0 view .LVU312
 1263 0004 3422     		movs	r2, #52
 1264 0006 0021     		movs	r1, #0
 1265 0008 07A8     		add	r0, sp, #28
 1266 000a FFF7FEFF 		bl	memset
 1267              	.LVL101:
 188:Core/Src/main.c **** 
 1268              		.loc 1 188 3 is_stmt 1 view .LVU313
 188:Core/Src/main.c **** 
 1269              		.loc 1 188 22 is_stmt 0 view .LVU314
 1270 000e 0023     		movs	r3, #0
 1271 0010 0293     		str	r3, [sp, #8]
 1272 0012 0393     		str	r3, [sp, #12]
 1273 0014 0493     		str	r3, [sp, #16]
 1274 0016 0593     		str	r3, [sp, #20]
 1275 0018 0693     		str	r3, [sp, #24]
 192:Core/Src/main.c ****   __HAL_PWR_VOLTAGESCALING_CONFIG(PWR_REGULATOR_VOLTAGE_SCALE3);
 1276              		.loc 1 192 3 is_stmt 1 view .LVU315
 1277              	.LBB39:
 192:Core/Src/main.c ****   __HAL_PWR_VOLTAGESCALING_CONFIG(PWR_REGULATOR_VOLTAGE_SCALE3);
 1278              		.loc 1 192 3 view .LVU316
 1279 001a 0093     		str	r3, [sp]
 192:Core/Src/main.c ****   __HAL_PWR_VOLTAGESCALING_CONFIG(PWR_REGULATOR_VOLTAGE_SCALE3);
 1280              		.loc 1 192 3 view .LVU317
 1281 001c 214A     		ldr	r2, .L71
 1282 001e 116C     		ldr	r1, [r2, #64]
 1283 0020 41F08051 		orr	r1, r1, #268435456
 1284 0024 1164     		str	r1, [r2, #64]
 192:Core/Src/main.c ****   __HAL_PWR_VOLTAGESCALING_CONFIG(PWR_REGULATOR_VOLTAGE_SCALE3);
 1285              		.loc 1 192 3 view .LVU318
 1286 0026 126C     		ldr	r2, [r2, #64]
 1287 0028 02F08052 		and	r2, r2, #268435456
 1288 002c 0092     		str	r2, [sp]
 192:Core/Src/main.c ****   __HAL_PWR_VOLTAGESCALING_CONFIG(PWR_REGULATOR_VOLTAGE_SCALE3);
 1289              		.loc 1 192 3 view .LVU319
 1290 002e 009A     		ldr	r2, [sp]
 1291              	.LBE39:
 192:Core/Src/main.c ****   __HAL_PWR_VOLTAGESCALING_CONFIG(PWR_REGULATOR_VOLTAGE_SCALE3);
 1292              		.loc 1 192 3 view .LVU320
 193:Core/Src/main.c **** 
 1293              		.loc 1 193 3 view .LVU321
 1294              	.LBB40:
 193:Core/Src/main.c **** 
 1295              		.loc 1 193 3 view .LVU322
 1296 0030 0193     		str	r3, [sp, #4]
 193:Core/Src/main.c **** 
 1297              		.loc 1 193 3 view .LVU323
 1298 0032 1D4A     		ldr	r2, .L71+4
 1299 0034 1368     		ldr	r3, [r2]
ARM GAS  C:\Users\rosto\AppData\Local\Temp\cc9r4Yso.s 			page 50


 1300 0036 23F44043 		bic	r3, r3, #49152
 1301 003a 43F48043 		orr	r3, r3, #16384
 1302 003e 1360     		str	r3, [r2]
 193:Core/Src/main.c **** 
 1303              		.loc 1 193 3 view .LVU324
 1304 0040 1368     		ldr	r3, [r2]
 1305 0042 03F44043 		and	r3, r3, #49152
 1306 0046 0193     		str	r3, [sp, #4]
 193:Core/Src/main.c **** 
 1307              		.loc 1 193 3 view .LVU325
 1308 0048 019B     		ldr	r3, [sp, #4]
 1309              	.LBE40:
 193:Core/Src/main.c **** 
 1310              		.loc 1 193 3 view .LVU326
 198:Core/Src/main.c ****   RCC_OscInitStruct.HSEState = RCC_HSE_ON;
 1311              		.loc 1 198 3 view .LVU327
 198:Core/Src/main.c ****   RCC_OscInitStruct.HSEState = RCC_HSE_ON;
 1312              		.loc 1 198 36 is_stmt 0 view .LVU328
 1313 004a 0123     		movs	r3, #1
 1314 004c 0793     		str	r3, [sp, #28]
 199:Core/Src/main.c ****   RCC_OscInitStruct.PLL.PLLState = RCC_PLL_ON;
 1315              		.loc 1 199 3 is_stmt 1 view .LVU329
 199:Core/Src/main.c ****   RCC_OscInitStruct.PLL.PLLState = RCC_PLL_ON;
 1316              		.loc 1 199 30 is_stmt 0 view .LVU330
 1317 004e 4FF48033 		mov	r3, #65536
 1318 0052 0893     		str	r3, [sp, #32]
 200:Core/Src/main.c ****   RCC_OscInitStruct.PLL.PLLSource = RCC_PLLSOURCE_HSE;
 1319              		.loc 1 200 3 is_stmt 1 view .LVU331
 200:Core/Src/main.c ****   RCC_OscInitStruct.PLL.PLLSource = RCC_PLLSOURCE_HSE;
 1320              		.loc 1 200 34 is_stmt 0 view .LVU332
 1321 0054 0223     		movs	r3, #2
 1322 0056 0D93     		str	r3, [sp, #52]
 201:Core/Src/main.c ****   RCC_OscInitStruct.PLL.PLLM = 15;
 1323              		.loc 1 201 3 is_stmt 1 view .LVU333
 201:Core/Src/main.c ****   RCC_OscInitStruct.PLL.PLLM = 15;
 1324              		.loc 1 201 35 is_stmt 0 view .LVU334
 1325 0058 4FF48002 		mov	r2, #4194304
 1326 005c 0E92     		str	r2, [sp, #56]
 202:Core/Src/main.c ****   RCC_OscInitStruct.PLL.PLLN = 144;
 1327              		.loc 1 202 3 is_stmt 1 view .LVU335
 202:Core/Src/main.c ****   RCC_OscInitStruct.PLL.PLLN = 144;
 1328              		.loc 1 202 30 is_stmt 0 view .LVU336
 1329 005e 0F22     		movs	r2, #15
 1330 0060 0F92     		str	r2, [sp, #60]
 203:Core/Src/main.c ****   RCC_OscInitStruct.PLL.PLLP = RCC_PLLP_DIV2;
 1331              		.loc 1 203 3 is_stmt 1 view .LVU337
 203:Core/Src/main.c ****   RCC_OscInitStruct.PLL.PLLP = RCC_PLLP_DIV2;
 1332              		.loc 1 203 30 is_stmt 0 view .LVU338
 1333 0062 9022     		movs	r2, #144
 1334 0064 1092     		str	r2, [sp, #64]
 204:Core/Src/main.c ****   RCC_OscInitStruct.PLL.PLLQ = 2;
 1335              		.loc 1 204 3 is_stmt 1 view .LVU339
 204:Core/Src/main.c ****   RCC_OscInitStruct.PLL.PLLQ = 2;
 1336              		.loc 1 204 30 is_stmt 0 view .LVU340
 1337 0066 1193     		str	r3, [sp, #68]
 205:Core/Src/main.c ****   RCC_OscInitStruct.PLL.PLLR = 2;
 1338              		.loc 1 205 3 is_stmt 1 view .LVU341
ARM GAS  C:\Users\rosto\AppData\Local\Temp\cc9r4Yso.s 			page 51


 205:Core/Src/main.c ****   RCC_OscInitStruct.PLL.PLLR = 2;
 1339              		.loc 1 205 30 is_stmt 0 view .LVU342
 1340 0068 1293     		str	r3, [sp, #72]
 206:Core/Src/main.c ****   if (HAL_RCC_OscConfig(&RCC_OscInitStruct) != HAL_OK)
 1341              		.loc 1 206 3 is_stmt 1 view .LVU343
 206:Core/Src/main.c ****   if (HAL_RCC_OscConfig(&RCC_OscInitStruct) != HAL_OK)
 1342              		.loc 1 206 30 is_stmt 0 view .LVU344
 1343 006a 1393     		str	r3, [sp, #76]
 207:Core/Src/main.c ****   {
 1344              		.loc 1 207 3 is_stmt 1 view .LVU345
 207:Core/Src/main.c ****   {
 1345              		.loc 1 207 7 is_stmt 0 view .LVU346
 1346 006c 07A8     		add	r0, sp, #28
 1347 006e FFF7FEFF 		bl	HAL_RCC_OscConfig
 1348              	.LVL102:
 207:Core/Src/main.c ****   {
 1349              		.loc 1 207 6 discriminator 1 view .LVU347
 1350 0072 98B9     		cbnz	r0, .L69
 214:Core/Src/main.c ****                               |RCC_CLOCKTYPE_PCLK1|RCC_CLOCKTYPE_PCLK2;
 1351              		.loc 1 214 3 is_stmt 1 view .LVU348
 214:Core/Src/main.c ****                               |RCC_CLOCKTYPE_PCLK1|RCC_CLOCKTYPE_PCLK2;
 1352              		.loc 1 214 31 is_stmt 0 view .LVU349
 1353 0074 0F23     		movs	r3, #15
 1354 0076 0293     		str	r3, [sp, #8]
 216:Core/Src/main.c ****   RCC_ClkInitStruct.AHBCLKDivider = RCC_SYSCLK_DIV1;
 1355              		.loc 1 216 3 is_stmt 1 view .LVU350
 216:Core/Src/main.c ****   RCC_ClkInitStruct.AHBCLKDivider = RCC_SYSCLK_DIV1;
 1356              		.loc 1 216 34 is_stmt 0 view .LVU351
 1357 0078 0223     		movs	r3, #2
 1358 007a 0393     		str	r3, [sp, #12]
 217:Core/Src/main.c ****   RCC_ClkInitStruct.APB1CLKDivider = RCC_HCLK_DIV4;
 1359              		.loc 1 217 3 is_stmt 1 view .LVU352
 217:Core/Src/main.c ****   RCC_ClkInitStruct.APB1CLKDivider = RCC_HCLK_DIV4;
 1360              		.loc 1 217 35 is_stmt 0 view .LVU353
 1361 007c 0023     		movs	r3, #0
 1362 007e 0493     		str	r3, [sp, #16]
 218:Core/Src/main.c ****   RCC_ClkInitStruct.APB2CLKDivider = RCC_HCLK_DIV2;
 1363              		.loc 1 218 3 is_stmt 1 view .LVU354
 218:Core/Src/main.c ****   RCC_ClkInitStruct.APB2CLKDivider = RCC_HCLK_DIV2;
 1364              		.loc 1 218 36 is_stmt 0 view .LVU355
 1365 0080 4FF4A053 		mov	r3, #5120
 1366 0084 0593     		str	r3, [sp, #20]
 219:Core/Src/main.c **** 
 1367              		.loc 1 219 3 is_stmt 1 view .LVU356
 219:Core/Src/main.c **** 
 1368              		.loc 1 219 36 is_stmt 0 view .LVU357
 1369 0086 4FF48053 		mov	r3, #4096
 1370 008a 0693     		str	r3, [sp, #24]
 221:Core/Src/main.c ****   {
 1371              		.loc 1 221 3 is_stmt 1 view .LVU358
 221:Core/Src/main.c ****   {
 1372              		.loc 1 221 7 is_stmt 0 view .LVU359
 1373 008c 0321     		movs	r1, #3
 1374 008e 02A8     		add	r0, sp, #8
 1375 0090 FFF7FEFF 		bl	HAL_RCC_ClockConfig
 1376              	.LVL103:
 221:Core/Src/main.c ****   {
ARM GAS  C:\Users\rosto\AppData\Local\Temp\cc9r4Yso.s 			page 52


 1377              		.loc 1 221 6 discriminator 1 view .LVU360
 1378 0094 20B9     		cbnz	r0, .L70
 225:Core/Src/main.c **** 
 1379              		.loc 1 225 1 view .LVU361
 1380 0096 15B0     		add	sp, sp, #84
 1381              	.LCFI14:
 1382              		.cfi_remember_state
 1383              		.cfi_def_cfa_offset 4
 1384              		@ sp needed
 1385 0098 5DF804FB 		ldr	pc, [sp], #4
 1386              	.L69:
 1387              	.LCFI15:
 1388              		.cfi_restore_state
 209:Core/Src/main.c ****   }
 1389              		.loc 1 209 5 is_stmt 1 view .LVU362
 1390 009c FFF7FEFF 		bl	Error_Handler
 1391              	.LVL104:
 1392              	.L70:
 223:Core/Src/main.c ****   }
 1393              		.loc 1 223 5 view .LVU363
 1394 00a0 FFF7FEFF 		bl	Error_Handler
 1395              	.LVL105:
 1396              	.L72:
 1397              		.align	2
 1398              	.L71:
 1399 00a4 00380240 		.word	1073887232
 1400 00a8 00700040 		.word	1073770496
 1401              		.cfi_endproc
 1402              	.LFE135:
 1404              		.section	.text.main,"ax",%progbits
 1405              		.align	1
 1406              		.global	main
 1407              		.syntax unified
 1408              		.thumb
 1409              		.thumb_func
 1411              	main:
 1412              	.LFB134:
 100:Core/Src/main.c **** 
 1413              		.loc 1 100 1 view -0
 1414              		.cfi_startproc
 1415              		@ args = 0, pretend = 0, frame = 0
 1416              		@ frame_needed = 0, uses_anonymous_args = 0
 1417 0000 70B5     		push	{r4, r5, r6, lr}
 1418              	.LCFI16:
 1419              		.cfi_def_cfa_offset 16
 1420              		.cfi_offset 4, -16
 1421              		.cfi_offset 5, -12
 1422              		.cfi_offset 6, -8
 1423              		.cfi_offset 14, -4
 109:Core/Src/main.c **** 
 1424              		.loc 1 109 3 view .LVU365
 1425 0002 FFF7FEFF 		bl	HAL_Init
 1426              	.LVL106:
 116:Core/Src/main.c **** 
 1427              		.loc 1 116 3 view .LVU366
 1428 0006 FFF7FEFF 		bl	SystemClock_Config
 1429              	.LVL107:
ARM GAS  C:\Users\rosto\AppData\Local\Temp\cc9r4Yso.s 			page 53


 123:Core/Src/main.c ****   /* USER CODE BEGIN 2 */
 1430              		.loc 1 123 3 view .LVU367
 1431 000a FFF7FEFF 		bl	MX_GPIO_Init
 1432              	.LVL108:
 126:Core/Src/main.c ****   /* USER CODE END 2 */
 1433              		.loc 1 126 3 view .LVU368
 1434 000e FFF7FEFF 		bl	init_timing_system
 1435              	.LVL109:
 1436 0012 40E0     		b	.L76
 1437              	.LVL110:
 1438              	.L75:
 1439              	.LBB41:
 1440              	.LBB42:
 141:Core/Src/main.c ****       int height = test_sizes[i];
 1441              		.loc 1 141 7 view .LVU369
 141:Core/Src/main.c ****       int height = test_sizes[i];
 1442              		.loc 1 141 11 is_stmt 0 view .LVU370
 1443 0014 234B     		ldr	r3, .L78
 1444 0016 53F82450 		ldr	r5, [r3, r4, lsl #2]
 1445              	.LVL111:
 142:Core/Src/main.c **** 
 1446              		.loc 1 142 7 is_stmt 1 view .LVU371
 145:Core/Src/main.c **** 
 1447              		.loc 1 145 7 view .LVU372
 1448 001a FFF7FEFF 		bl	start_precise_timing
 1449              	.LVL112:
 148:Core/Src/main.c ****       // checksum = calculate_mandelbrot_float(width, height, MAX_ITER);
 1450              		.loc 1 148 7 view .LVU373
 148:Core/Src/main.c ****       // checksum = calculate_mandelbrot_float(width, height, MAX_ITER);
 1451              		.loc 1 148 18 is_stmt 0 view .LVU374
 1452 001e 6422     		movs	r2, #100
 1453 0020 2946     		mov	r1, r5
 1454 0022 2846     		mov	r0, r5
 1455 0024 FFF7FEFF 		bl	calculate_mandelbrot_fixed_point_arithmetic
 1456              	.LVL113:
 148:Core/Src/main.c ****       // checksum = calculate_mandelbrot_float(width, height, MAX_ITER);
 1457              		.loc 1 148 16 discriminator 1 view .LVU375
 1458 0028 1F4E     		ldr	r6, .L78+4
 1459 002a C6E90001 		strd	r0, [r6]
 153:Core/Src/main.c **** 
 1460              		.loc 1 153 7 is_stmt 1 view .LVU376
 1461 002e FFF7FEFF 		bl	stop_precise_timing
 1462              	.LVL114:
 156:Core/Src/main.c **** 
 1463              		.loc 1 156 7 view .LVU377
 1464 0032 2946     		mov	r1, r5
 1465 0034 2846     		mov	r0, r5
 1466 0036 FFF7FEFF 		bl	calculate_throughput
 1467              	.LVL115:
 159:Core/Src/main.c ****       execution_time_results[i] = execution_time_ms;
 1468              		.loc 1 159 7 view .LVU378
 159:Core/Src/main.c ****       execution_time_results[i] = execution_time_ms;
 1469              		.loc 1 159 27 is_stmt 0 view .LVU379
 1470 003a D6E90001 		ldrd	r0, [r6]
 1471 003e 1B4B     		ldr	r3, .L78+8
 1472 0040 03EBC403 		add	r3, r3, r4, lsl #3
 1473 0044 C3E90001 		strd	r0, [r3]
ARM GAS  C:\Users\rosto\AppData\Local\Temp\cc9r4Yso.s 			page 54


 160:Core/Src/main.c ****       cpu_cycles_results[i] = cpu_cycles;
 1474              		.loc 1 160 7 is_stmt 1 view .LVU380
 160:Core/Src/main.c ****       cpu_cycles_results[i] = cpu_cycles;
 1475              		.loc 1 160 33 is_stmt 0 view .LVU381
 1476 0048 194B     		ldr	r3, .L78+12
 1477 004a 1A68     		ldr	r2, [r3]
 1478 004c 194B     		ldr	r3, .L78+16
 1479 004e 43F82420 		str	r2, [r3, r4, lsl #2]
 161:Core/Src/main.c ****       throughput_results[i] = throughput_pixels_per_sec;
 1480              		.loc 1 161 7 is_stmt 1 view .LVU382
 161:Core/Src/main.c ****       throughput_results[i] = throughput_pixels_per_sec;
 1481              		.loc 1 161 29 is_stmt 0 view .LVU383
 1482 0052 194B     		ldr	r3, .L78+20
 1483 0054 1A68     		ldr	r2, [r3]
 1484 0056 194B     		ldr	r3, .L78+24
 1485 0058 43F82420 		str	r2, [r3, r4, lsl #2]
 162:Core/Src/main.c **** 
 1486              		.loc 1 162 7 is_stmt 1 view .LVU384
 162:Core/Src/main.c **** 
 1487              		.loc 1 162 29 is_stmt 0 view .LVU385
 1488 005c 184B     		ldr	r3, .L78+28
 1489 005e 1A68     		ldr	r2, [r3]	@ float
 1490 0060 184B     		ldr	r3, .L78+32
 1491 0062 03EB8403 		add	r3, r3, r4, lsl #2
 1492 0066 1A60     		str	r2, [r3]	@ float
 165:Core/Src/main.c **** 
 1493              		.loc 1 165 7 is_stmt 1 view .LVU386
 1494 0068 174D     		ldr	r5, .L78+36
 1495              	.LVL116:
 165:Core/Src/main.c **** 
 1496              		.loc 1 165 7 is_stmt 0 view .LVU387
 1497 006a 0122     		movs	r2, #1
 1498 006c 0221     		movs	r1, #2
 1499 006e 2846     		mov	r0, r5
 1500 0070 FFF7FEFF 		bl	HAL_GPIO_WritePin
 1501              	.LVL117:
 168:Core/Src/main.c **** 
 1502              		.loc 1 168 7 is_stmt 1 view .LVU388
 1503 0074 4FF4FA60 		mov	r0, #2000
 1504 0078 FFF7FEFF 		bl	HAL_Delay
 1505              	.LVL118:
 171:Core/Src/main.c ****     }
 1506              		.loc 1 171 7 view .LVU389
 1507 007c 0022     		movs	r2, #0
 1508 007e 0221     		movs	r1, #2
 1509 0080 2846     		mov	r0, r5
 1510 0082 FFF7FEFF 		bl	HAL_GPIO_WritePin
 1511              	.LVL119:
 1512              	.LBE42:
 140:Core/Src/main.c ****       int width = test_sizes[i];
 1513              		.loc 1 140 29 discriminator 3 view .LVU390
 1514 0086 0134     		adds	r4, r4, #1
 1515              	.LVL120:
 1516              	.L74:
 140:Core/Src/main.c ****       int width = test_sizes[i];
 1517              		.loc 1 140 23 discriminator 1 view .LVU391
 1518 0088 042C     		cmp	r4, #4
ARM GAS  C:\Users\rosto\AppData\Local\Temp\cc9r4Yso.s 			page 55


 1519 008a C3DD     		ble	.L75
 1520              	.LBE41:
 175:Core/Src/main.c **** 
 1521              		.loc 1 175 5 view .LVU392
 1522 008c 0022     		movs	r2, #0
 1523 008e 0321     		movs	r1, #3
 1524 0090 0D48     		ldr	r0, .L78+36
 1525 0092 FFF7FEFF 		bl	HAL_GPIO_WritePin
 1526              	.LVL121:
 131:Core/Src/main.c ****   {
 1527              		.loc 1 131 9 view .LVU393
 1528              	.L76:
 131:Core/Src/main.c ****   {
 1529              		.loc 1 131 3 view .LVU394
 137:Core/Src/main.c **** 
 1530              		.loc 1 137 5 view .LVU395
 1531 0096 0122     		movs	r2, #1
 1532 0098 1146     		mov	r1, r2
 1533 009a 0B48     		ldr	r0, .L78+36
 1534 009c FFF7FEFF 		bl	HAL_GPIO_WritePin
 1535              	.LVL122:
 140:Core/Src/main.c ****       int width = test_sizes[i];
 1536              		.loc 1 140 5 view .LVU396
 1537              	.LBB43:
 140:Core/Src/main.c ****       int width = test_sizes[i];
 1538              		.loc 1 140 10 view .LVU397
 140:Core/Src/main.c ****       int width = test_sizes[i];
 1539              		.loc 1 140 14 is_stmt 0 view .LVU398
 1540 00a0 0024     		movs	r4, #0
 140:Core/Src/main.c ****       int width = test_sizes[i];
 1541              		.loc 1 140 5 view .LVU399
 1542 00a2 F1E7     		b	.L74
 1543              	.L79:
 1544              		.align	2
 1545              	.L78:
 1546 00a4 00000000 		.word	test_sizes
 1547 00a8 00000000 		.word	checksum
 1548 00ac 00000000 		.word	checksum_results
 1549 00b0 00000000 		.word	execution_time_ms
 1550 00b4 00000000 		.word	execution_time_results
 1551 00b8 00000000 		.word	cpu_cycles
 1552 00bc 00000000 		.word	cpu_cycles_results
 1553 00c0 00000000 		.word	throughput_pixels_per_sec
 1554 00c4 00000000 		.word	throughput_results
 1555 00c8 00040240 		.word	1073873920
 1556              	.LBE43:
 1557              		.cfi_endproc
 1558              	.LFE134:
 1560              		.global	test_sizes
 1561              		.section	.rodata.test_sizes,"a"
 1562              		.align	2
 1565              	test_sizes:
 1566 0000 80000000 		.word	128
 1567 0004 A0000000 		.word	160
 1568 0008 C0000000 		.word	192
 1569 000c E0000000 		.word	224
 1570 0010 00010000 		.word	256
ARM GAS  C:\Users\rosto\AppData\Local\Temp\cc9r4Yso.s 			page 56


 1571              		.global	throughput_results
 1572              		.section	.bss.throughput_results,"aw",%nobits
 1573              		.align	2
 1576              	throughput_results:
 1577 0000 00000000 		.space	20
 1577      00000000 
 1577      00000000 
 1577      00000000 
 1577      00000000 
 1578              		.global	cpu_cycles_results
 1579              		.section	.bss.cpu_cycles_results,"aw",%nobits
 1580              		.align	2
 1583              	cpu_cycles_results:
 1584 0000 00000000 		.space	20
 1584      00000000 
 1584      00000000 
 1584      00000000 
 1584      00000000 
 1585              		.global	execution_time_results
 1586              		.section	.bss.execution_time_results,"aw",%nobits
 1587              		.align	2
 1590              	execution_time_results:
 1591 0000 00000000 		.space	20
 1591      00000000 
 1591      00000000 
 1591      00000000 
 1591      00000000 
 1592              		.global	checksum_results
 1593              		.section	.bss.checksum_results,"aw",%nobits
 1594              		.align	3
 1597              	checksum_results:
 1598 0000 00000000 		.space	40
 1598      00000000 
 1598      00000000 
 1598      00000000 
 1598      00000000 
 1599              		.global	checksum
 1600              		.section	.bss.checksum,"aw",%nobits
 1601              		.align	3
 1604              	checksum:
 1605 0000 00000000 		.space	8
 1605      00000000 
 1606              		.global	throughput_pixels_per_sec
 1607              		.section	.bss.throughput_pixels_per_sec,"aw",%nobits
 1608              		.align	2
 1611              	throughput_pixels_per_sec:
 1612 0000 00000000 		.space	4
 1613              		.global	cpu_cycles
 1614              		.section	.bss.cpu_cycles,"aw",%nobits
 1615              		.align	2
 1618              	cpu_cycles:
 1619 0000 00000000 		.space	4
 1620              		.global	end_cycles
 1621              		.section	.bss.end_cycles,"aw",%nobits
 1622              		.align	2
 1625              	end_cycles:
 1626 0000 00000000 		.space	4
ARM GAS  C:\Users\rosto\AppData\Local\Temp\cc9r4Yso.s 			page 57


 1627              		.global	start_cycles
 1628              		.section	.bss.start_cycles,"aw",%nobits
 1629              		.align	2
 1632              	start_cycles:
 1633 0000 00000000 		.space	4
 1634              		.global	execution_time_ms
 1635              		.section	.bss.execution_time_ms,"aw",%nobits
 1636              		.align	2
 1639              	execution_time_ms:
 1640 0000 00000000 		.space	4
 1641              		.global	end_time
 1642              		.section	.bss.end_time,"aw",%nobits
 1643              		.align	2
 1646              	end_time:
 1647 0000 00000000 		.space	4
 1648              		.global	start_time
 1649              		.section	.bss.start_time,"aw",%nobits
 1650              		.align	2
 1653              	start_time:
 1654 0000 00000000 		.space	4
 1655              		.text
 1656              	.Letext0:
 1657              		.file 3 "C:\\ST\\STM32CubeIDE_1.19.0\\STM32CubeIDE\\plugins\\com.st.stm32cube.ide.mcu.externaltool
 1658              		.file 4 "C:\\ST\\STM32CubeIDE_1.19.0\\STM32CubeIDE\\plugins\\com.st.stm32cube.ide.mcu.externaltool
 1659              		.file 5 "Drivers/CMSIS/Include/core_cm4.h"
 1660              		.file 6 "Drivers/CMSIS/Device/ST/STM32F4xx/Include/stm32f446xx.h"
 1661              		.file 7 "Drivers/STM32F4xx_HAL_Driver/Inc/stm32f4xx_hal_def.h"
 1662              		.file 8 "Drivers/STM32F4xx_HAL_Driver/Inc/stm32f4xx_hal_rcc_ex.h"
 1663              		.file 9 "Drivers/STM32F4xx_HAL_Driver/Inc/stm32f4xx_hal_rcc.h"
 1664              		.file 10 "Drivers/STM32F4xx_HAL_Driver/Inc/stm32f4xx_hal_gpio.h"
 1665              		.file 11 "Drivers/STM32F4xx_HAL_Driver/Inc/stm32f4xx_hal.h"
 1666              		.file 12 "<built-in>"
ARM GAS  C:\Users\rosto\AppData\Local\Temp\cc9r4Yso.s 			page 58


DEFINED SYMBOLS
                            *ABS*:00000000 main.c
C:\Users\rosto\AppData\Local\Temp\cc9r4Yso.s:21     .text.MX_GPIO_Init:00000000 $t
C:\Users\rosto\AppData\Local\Temp\cc9r4Yso.s:26     .text.MX_GPIO_Init:00000000 MX_GPIO_Init
C:\Users\rosto\AppData\Local\Temp\cc9r4Yso.s:133    .text.MX_GPIO_Init:00000074 $d
C:\Users\rosto\AppData\Local\Temp\cc9r4Yso.s:139    .text.init_timing_system:00000000 $t
C:\Users\rosto\AppData\Local\Temp\cc9r4Yso.s:145    .text.init_timing_system:00000000 init_timing_system
C:\Users\rosto\AppData\Local\Temp\cc9r4Yso.s:175    .text.init_timing_system:00000020 $d
C:\Users\rosto\AppData\Local\Temp\cc9r4Yso.s:181    .text.start_precise_timing:00000000 $t
C:\Users\rosto\AppData\Local\Temp\cc9r4Yso.s:187    .text.start_precise_timing:00000000 start_precise_timing
C:\Users\rosto\AppData\Local\Temp\cc9r4Yso.s:221    .text.start_precise_timing:00000018 $d
C:\Users\rosto\AppData\Local\Temp\cc9r4Yso.s:1632   .bss.start_cycles:00000000 start_cycles
C:\Users\rosto\AppData\Local\Temp\cc9r4Yso.s:1653   .bss.start_time:00000000 start_time
C:\Users\rosto\AppData\Local\Temp\cc9r4Yso.s:228    .text.stop_precise_timing:00000000 $t
C:\Users\rosto\AppData\Local\Temp\cc9r4Yso.s:234    .text.stop_precise_timing:00000000 stop_precise_timing
C:\Users\rosto\AppData\Local\Temp\cc9r4Yso.s:321    .text.stop_precise_timing:0000005c $d
C:\Users\rosto\AppData\Local\Temp\cc9r4Yso.s:1625   .bss.end_cycles:00000000 end_cycles
C:\Users\rosto\AppData\Local\Temp\cc9r4Yso.s:1618   .bss.cpu_cycles:00000000 cpu_cycles
C:\Users\rosto\AppData\Local\Temp\cc9r4Yso.s:1646   .bss.end_time:00000000 end_time
C:\Users\rosto\AppData\Local\Temp\cc9r4Yso.s:1639   .bss.execution_time_ms:00000000 execution_time_ms
C:\Users\rosto\AppData\Local\Temp\cc9r4Yso.s:334    .text.calculate_throughput:00000000 $t
C:\Users\rosto\AppData\Local\Temp\cc9r4Yso.s:340    .text.calculate_throughput:00000000 calculate_throughput
C:\Users\rosto\AppData\Local\Temp\cc9r4Yso.s:415    .text.calculate_throughput:00000064 $d
C:\Users\rosto\AppData\Local\Temp\cc9r4Yso.s:1611   .bss.throughput_pixels_per_sec:00000000 throughput_pixels_per_sec
C:\Users\rosto\AppData\Local\Temp\cc9r4Yso.s:425    .text.calculate_mandelbrot_fixed_point_arithmetic:00000000 $t
C:\Users\rosto\AppData\Local\Temp\cc9r4Yso.s:431    .text.calculate_mandelbrot_fixed_point_arithmetic:00000000 calculate_mandelbrot_fixed_point_arithmetic
C:\Users\rosto\AppData\Local\Temp\cc9r4Yso.s:710    .text.calculate_mandelbrot_fixed_point_arithmetic:00000148 $d
C:\Users\rosto\AppData\Local\Temp\cc9r4Yso.s:720    .text.calculate_mandelbrot_float:00000000 $t
C:\Users\rosto\AppData\Local\Temp\cc9r4Yso.s:726    .text.calculate_mandelbrot_float:00000000 calculate_mandelbrot_float
C:\Users\rosto\AppData\Local\Temp\cc9r4Yso.s:899    .text.calculate_mandelbrot_float:000000b0 $d
C:\Users\rosto\AppData\Local\Temp\cc9r4Yso.s:910    .text.calculate_mandelbrot_double:00000000 $t
C:\Users\rosto\AppData\Local\Temp\cc9r4Yso.s:916    .text.calculate_mandelbrot_double:00000000 calculate_mandelbrot_double
C:\Users\rosto\AppData\Local\Temp\cc9r4Yso.s:1196   .text.calculate_mandelbrot_double:0000015c $d
C:\Users\rosto\AppData\Local\Temp\cc9r4Yso.s:1204   .text.Error_Handler:00000000 $t
C:\Users\rosto\AppData\Local\Temp\cc9r4Yso.s:1210   .text.Error_Handler:00000000 Error_Handler
C:\Users\rosto\AppData\Local\Temp\cc9r4Yso.s:1242   .text.SystemClock_Config:00000000 $t
C:\Users\rosto\AppData\Local\Temp\cc9r4Yso.s:1248   .text.SystemClock_Config:00000000 SystemClock_Config
C:\Users\rosto\AppData\Local\Temp\cc9r4Yso.s:1399   .text.SystemClock_Config:000000a4 $d
C:\Users\rosto\AppData\Local\Temp\cc9r4Yso.s:1405   .text.main:00000000 $t
C:\Users\rosto\AppData\Local\Temp\cc9r4Yso.s:1411   .text.main:00000000 main
C:\Users\rosto\AppData\Local\Temp\cc9r4Yso.s:1546   .text.main:000000a4 $d
C:\Users\rosto\AppData\Local\Temp\cc9r4Yso.s:1565   .rodata.test_sizes:00000000 test_sizes
C:\Users\rosto\AppData\Local\Temp\cc9r4Yso.s:1604   .bss.checksum:00000000 checksum
C:\Users\rosto\AppData\Local\Temp\cc9r4Yso.s:1597   .bss.checksum_results:00000000 checksum_results
C:\Users\rosto\AppData\Local\Temp\cc9r4Yso.s:1590   .bss.execution_time_results:00000000 execution_time_results
C:\Users\rosto\AppData\Local\Temp\cc9r4Yso.s:1583   .bss.cpu_cycles_results:00000000 cpu_cycles_results
C:\Users\rosto\AppData\Local\Temp\cc9r4Yso.s:1576   .bss.throughput_results:00000000 throughput_results
C:\Users\rosto\AppData\Local\Temp\cc9r4Yso.s:1562   .rodata.test_sizes:00000000 $d
C:\Users\rosto\AppData\Local\Temp\cc9r4Yso.s:1573   .bss.throughput_results:00000000 $d
C:\Users\rosto\AppData\Local\Temp\cc9r4Yso.s:1580   .bss.cpu_cycles_results:00000000 $d
C:\Users\rosto\AppData\Local\Temp\cc9r4Yso.s:1587   .bss.execution_time_results:00000000 $d
C:\Users\rosto\AppData\Local\Temp\cc9r4Yso.s:1594   .bss.checksum_results:00000000 $d
C:\Users\rosto\AppData\Local\Temp\cc9r4Yso.s:1601   .bss.checksum:00000000 $d
C:\Users\rosto\AppData\Local\Temp\cc9r4Yso.s:1608   .bss.throughput_pixels_per_sec:00000000 $d
C:\Users\rosto\AppData\Local\Temp\cc9r4Yso.s:1615   .bss.cpu_cycles:00000000 $d
C:\Users\rosto\AppData\Local\Temp\cc9r4Yso.s:1622   .bss.end_cycles:00000000 $d
C:\Users\rosto\AppData\Local\Temp\cc9r4Yso.s:1629   .bss.start_cycles:00000000 $d
ARM GAS  C:\Users\rosto\AppData\Local\Temp\cc9r4Yso.s 			page 59


C:\Users\rosto\AppData\Local\Temp\cc9r4Yso.s:1636   .bss.execution_time_ms:00000000 $d
C:\Users\rosto\AppData\Local\Temp\cc9r4Yso.s:1643   .bss.end_time:00000000 $d
C:\Users\rosto\AppData\Local\Temp\cc9r4Yso.s:1650   .bss.start_time:00000000 $d

UNDEFINED SYMBOLS
HAL_GPIO_WritePin
HAL_GPIO_Init
HAL_GetTick
__aeabi_ldivmod
__aeabi_i2d
__aeabi_ddiv
__aeabi_dadd
__aeabi_dsub
__aeabi_dmul
__aeabi_dcmple
memset
HAL_RCC_OscConfig
HAL_RCC_ClockConfig
HAL_Init
HAL_Delay
